2025-02-06 10:14:32.4010000 [client] INFO Writing client log to file /home/john-walker/repos/pyrethrum/haskell.log
2025-02-06 10:14:32.4010000 [client] INFO Finding haskell-language-server
2025-02-06 10:14:32.4020000 [client] INFO Checking for ghcup installation
2025-02-06 10:14:32.4110000 [client] INFO found ghcup at ghcup
2025-02-06 10:14:32.4110000 [client] INFO Executing 'ghcup --no-verbose upgrade' in cwd '/home/john-walker'
2025-02-06 10:14:33.1520000 [client] INFO Checking for ghcup installation
2025-02-06 10:14:33.1630000 [client] INFO found ghcup at ghcup
2025-02-06 10:14:33.1640000 [client] INFO Executing 'ghcup --no-verbose list -t hls -c installed -r' in cwd '/home/john-walker'
2025-02-06 10:14:33.2160000 [client] INFO Checking for ghcup installation
2025-02-06 10:14:33.2260000 [client] INFO found ghcup at ghcup
2025-02-06 10:14:33.2260000 [client] INFO Executing 'ghcup --no-verbose list -t cabal -c installed -r' in cwd '/home/john-walker'
2025-02-06 10:14:33.2780000 [client] INFO Checking for ghcup installation
2025-02-06 10:14:33.2880000 [client] INFO found ghcup at ghcup
2025-02-06 10:14:33.2890000 [client] INFO Executing 'ghcup --no-verbose list -t stack -c installed -r' in cwd '/home/john-walker'
2025-02-06 10:14:33.3540000 [client] INFO Checking for ghcup installation
2025-02-06 10:14:33.3620000 [client] INFO found ghcup at ghcup
2025-02-06 10:14:33.3620000 [client] INFO Executing 'ghcup --no-verbose whereis hls 2.9.0.1' in cwd '/home/john-walker'
2025-02-06 10:14:33.3770000 [client] INFO Checking for ghcup installation
2025-02-06 10:14:33.3860000 [client] INFO found ghcup at ghcup
2025-02-06 10:14:33.3860000 [client] INFO Executing 'ghcup --no-verbose whereis cabal 3.12.1.0' in cwd '/home/john-walker'
2025-02-06 10:14:33.4030000 [client] INFO Checking for ghcup installation
2025-02-06 10:14:33.4100000 [client] INFO found ghcup at ghcup
2025-02-06 10:14:33.4110000 [client] INFO Executing 'ghcup --no-verbose whereis stack 3.1.1' in cwd '/home/john-walker'
2025-02-06 10:14:33.4310000 [client] INFO Executing 'ghc --numeric-version' in cwd '/home/john-walker'
2025-02-06 10:14:33.5430000 [client] INFO Checking for ghcup installation
2025-02-06 10:14:33.5530000 [client] INFO found ghcup at ghcup
2025-02-06 10:14:33.5530000 [client] INFO Executing 'ghcup --no-verbose run --hls 2.9.0.1 --cabal 3.12.1.0 --stack 3.1.1 --install' in cwd '/home/john-walker'
2025-02-06 10:14:33.6130000 [client] INFO Working out the project GHC version. This might take a while...
2025-02-06 10:14:33.6130000 [client] INFO Executing 'haskell-language-server-wrapper --project-ghc-version' in cwd '/home/john-walker/repos/pyrethrum'
2025-02-06 10:14:47.7300000 [client] INFO The GHC version for the project or file: 9.8.2
2025-02-06 10:14:48.1440000 [client] INFO Platform constants: Linux_UnknownLinux, A_64
2025-02-06 10:14:48.1440000 [client] INFO Checking for ghcup installation
2025-02-06 10:14:48.1560000 [client] INFO found ghcup at ghcup
2025-02-06 10:14:48.1560000 [client] INFO Executing 'ghcup --no-verbose list -t hls -c installed -r' in cwd '/home/john-walker'
2025-02-06 10:14:48.2080000 [client] INFO Checking for ghcup installation
2025-02-06 10:14:48.2190000 [client] INFO found ghcup at ghcup
2025-02-06 10:14:48.2190000 [client] INFO Executing 'ghcup --no-verbose whereis bindir' in cwd '/home/john-walker'
2025-02-06 10:14:48.2300000 [client] INFO Checking for ghcup installation
2025-02-06 10:14:48.2400000 [client] INFO found ghcup at ghcup
2025-02-06 10:14:48.2400000 [client] INFO Executing 'ghcup --no-verbose whereis hls 2.9.0.1' in cwd '/home/john-walker'
2025-02-06 10:14:48.2500000 [client] INFO Checking for ghcup installation
2025-02-06 10:14:48.2580000 [client] INFO found ghcup at ghcup
2025-02-06 10:14:48.2590000 [client] INFO Executing 'ghcup --no-verbose whereis ghc 9.8.2' in cwd '/home/john-walker'
2025-02-06 10:14:48.2640000 [client] INFO Checking for ghcup installation
2025-02-06 10:14:48.2710000 [client] INFO found ghcup at ghcup
2025-02-06 10:14:48.2720000 [client] INFO Executing 'ghcup --no-verbose run --hls 2.9.0.1 --cabal 3.12.1.0 --stack 3.1.1 --ghc 9.8.2 --install' in cwd '/home/john-walker'
2025-02-06 10:14:48.3350000 [client] INFO Activating the language server in working dir: /home/john-walker/repos/pyrethrum (the workspace folder)
2025-02-06 10:14:48.3360000 [client] INFO run command: /home/john-walker/.ghcup/tmp/ghcup-ghc-9.8.2_cabal-3.12.1.0_hls-2.9.0.1_stack-3.1.1/haskell-language-server-wrapper --lsp -l haskell.log
2025-02-06 10:14:48.3360000 [client] INFO debug command: /home/john-walker/.ghcup/tmp/ghcup-ghc-9.8.2_cabal-3.12.1.0_hls-2.9.0.1_stack-3.1.1/haskell-language-server-wrapper --lsp -l haskell.log
2025-02-06 10:14:48.3360000 [client] INFO server cwd: /home/john-walker/repos/pyrethrum
2025-02-06 10:14:48.3360000 [client] INFO server environment variables:
2025-02-06 10:14:48.3360000 [client] INFO   PATH=/home/john-walker/.ghcup/tmp/ghcup-ghc-9.8.2_cabal-3.12.1.0_hls-2.9.0.1_stack-3.1.1:/home/john-walker/.cabal/bin:/home/john-walker/.ghcup/bin:/usr/local/sbin:/usr/local/bin:/usr/sbin:/usr/bin:/sbin:/bin:/usr/games:/usr/local/games:/snap/bin:/snap/bin
2025-02-06 10:14:48.3380000 [client] INFO Starting language server
2025-02-06T10:14:54.783658Z | Info | haskell-language-server version: 2.9.0.1 (GHC: 9.8.2) (PATH: /home/john-walker/.ghcup/hls/2.9.0.1/lib/haskell-language-server-2.9.0.1/bin/haskell-language-server-9.8.2)
2025-02-06T10:14:54.784755Z | Info | Directory: /home/john-walker/repos/pyrethrum
2025-02-06T10:14:54.784882Z | Info | Starting (haskell-language-server) LSP server...
  GhcideArguments {argsCommand = LSP, argsCwd = Nothing, argsShakeProfiling = Nothing, argsTesting = False, argsExamplePlugin = False, argsLogLevel = Info, argsLogFile = Just "haskell.log", argsLogStderr = True, argsLogClient = False, argsThreads = 0, argsProjectGhcVersion = False}
  PluginIds: [ pragmas-suggest
             , pragmas-completion
             , ghcide-code-actions-bindings
             , ghcide-extend-import-action
             , retrie
             , stylish-haskell
             , explicit-fields
             , ghcide-code-actions-type-signatures
             , ghcide-code-actions-fill-holes
             , stan
             , hlint
             , changeTypeSignature
             , ghcide-code-actions-imports-exports
             , cabal-fmt
             , notes
             , ghcide-completions
             , eval
             , ghcide-type-lenses
             , cabal
             , overloaded-record-dot
             , gadt
             , LSPRecorderCallback
             , importLens
             , floskell
             , codeRange
             , class
             , ormolu
             , qualifyImportedNames
             , ghcide-hover-and-symbols
             , alternateNumberFormat
             , rename
             , splice
             , moduleName
             , semanticTokens
             , fourmolu
             , cabal-gild
             , callHierarchy
             , ghcide-core
             , explicit-fixity
             , pragmas-disable ]
2025-02-06T10:14:54.786748Z | Info | Logging heap statistics every 60.00s
2025-02-06T10:14:54.793696Z | Info | Starting LSP server...
  If you are seeing this in a terminal, you probably should have run WITHOUT the --lsp option!
  PluginIds: [ pragmas-suggest
             , pragmas-completion
             , ghcide-code-actions-bindings
             , ghcide-extend-import-action
             , retrie
             , stylish-haskell
             , explicit-fields
             , ghcide-code-actions-type-signatures
             , ghcide-code-actions-fill-holes
             , stan
             , hlint
             , changeTypeSignature
             , ghcide-code-actions-imports-exports
             , cabal-fmt
             , notes
             , ghcide-completions
             , eval
             , ghcide-type-lenses
             , cabal
             , overloaded-record-dot
             , gadt
             , LSPRecorderCallback
             , importLens
             , floskell
             , codeRange
             , class
             , ormolu
             , qualifyImportedNames
             , ghcide-hover-and-symbols
             , alternateNumberFormat
             , rename
             , splice
             , moduleName
             , semanticTokens
             , fourmolu
             , cabal-gild
             , callHierarchy
             , ghcide-core
             , explicit-fixity
             , pragmas-disable ]
2025-02-06T10:14:54.793930Z | Info | Starting server
2025-02-06T10:14:54.803518Z | Info | Registering IDE configuration: IdeConfiguration {workspaceFolders = fromList [NormalizedUri 5631229711954350743 "file:///home/john-walker/repos/pyrethrum"], clientSettings = hashed Nothing}
2025-02-06T10:14:54.819960Z | Info | Started LSP server in 0.03s
2025-02-06T10:14:55.377307Z | Info | Cradle path: examples/Capabilities.hs
2025-02-06T10:14:55.377452Z | Warning | No [cradle](https://github.com/mpickering/hie-bios#hie-bios) found for examples/Capabilities.hs.
Proceeding with [implicit cradle](https://hackage.haskell.org/package/implicit-hie).
You should ignore this message, unless you see a 'Multi Cradle: No prefixes matched' error.
2025-02-06T10:14:55.377661Z | Info | invoking build tool to determine build flags (this may take some time depending on the cache)
2025-02-06T10:14:55.959916Z | Info | Load cabal cradle using single file
2025-02-06T10:14:56.350013Z | Info | cabal --builddir=/home/john-walker/.cache/hie-bios/dist-pyrethrum-c952af7174a9c1efe69842ae31b853b9 v2-repl --with-compiler /home/john-walker/.cache/hie-bios/wrapper-b54f81dea4c0e6d1626911c526bc4e36 --with-hc-pkg /home/john-walker/.cache/hie-bios/ghc-pkg-c538e288c0d6e5ffdb568fa7d22e7d76 /home/john-walker/repos/pyrethrum/examples/Capabilities.hs
  Environment Variables
    HIE_BIOS_OUTPUT: /tmp/HIE_BIOS_OUTPUT138405-0
    HIE_BIOS_GHC: /home/john-walker/.ghcup/ghc/9.8.2/lib/ghc-9.8.2/bin/ghc-9.8.2
    HIE_BIOS_GHC_ARGS: -B/home/john-walker/.ghcup/ghc/9.8.2/lib/ghc-9.8.2/lib
2025-02-06T10:14:58.267498Z | Info | Interface files cache directory: /home/john-walker/.cache/ghcide/pyrethrum-0.1.0.0-inplace-e6eb26b4593c476b9c38eb4b3420fc4715325c0a
2025-02-06T10:14:58.270028Z | Info | Making new HscEnv. In-place unit ids: [pyrethrum-0.1.0.0-inplace]
2025-02-06T10:15:54.829030Z | Info | Live bytes: 44.88MB Heap size: 1763.70MB
2025-02-06T10:16:54.889261Z | Info | Live bytes: 44.88MB Heap size: 1763.70MB
2025-02-06T10:17:54.912624Z | Info | Live bytes: 44.88MB Heap size: 1763.70MB
2025-02-06T10:18:54.972856Z | Info | Live bytes: 44.88MB Heap size: 1763.70MB
2025-02-06T10:19:55.007913Z | Info | Live bytes: 44.88MB Heap size: 1763.70MB
2025-02-06T10:20:55.060235Z | Info | Live bytes: 44.88MB Heap size: 1763.70MB
2025-02-06T10:21:55.120919Z | Info | Live bytes: 44.88MB Heap size: 1763.70MB
2025-02-06T10:22:55.168631Z | Info | Live bytes: 44.88MB Heap size: 1763.70MB
2025-02-06T10:23:55.228620Z | Info | Live bytes: 44.88MB Heap size: 1763.70MB
2025-02-06T10:24:55.239511Z | Info | Live bytes: 44.88MB Heap size: 1763.70MB
2025-02-06T10:25:55.240478Z | Info | Live bytes: 44.88MB Heap size: 1763.70MB
2025-02-06T10:26:55.300599Z | Info | Live bytes: 44.88MB Heap size: 1763.70MB
2025-02-06T10:27:55.138828Z | Info | LSP: received shutdown
2025-02-06T10:27:55.143257Z | Error | Got EOF
2025-02-06 21:22:02.0820000 [client] INFO Writing client log to file /home/john-walker/repos/pyrethrum/haskell.log
2025-02-06 21:22:02.0820000 [client] INFO Finding haskell-language-server
2025-02-06 21:22:02.0830000 [client] INFO Checking for ghcup installation
2025-02-06 21:22:02.0870000 [client] INFO found ghcup at ghcup
2025-02-06 21:22:02.0870000 [client] INFO Executing 'ghcup --no-verbose upgrade' in cwd '/home/john-walker'
2025-02-06 21:22:02.8560000 [client] INFO Checking for ghcup installation
2025-02-06 21:22:02.8600000 [client] INFO found ghcup at ghcup
2025-02-06 21:22:02.8600000 [client] INFO Executing 'ghcup --no-verbose list -t hls -c installed -r' in cwd '/home/john-walker'
2025-02-06 21:22:02.9090000 [client] INFO Checking for ghcup installation
2025-02-06 21:22:02.9120000 [client] INFO found ghcup at ghcup
2025-02-06 21:22:02.9120000 [client] INFO Executing 'ghcup --no-verbose list -t cabal -c installed -r' in cwd '/home/john-walker'
2025-02-06 21:22:03.1870000 [client] INFO Checking for ghcup installation
2025-02-06 21:22:03.1900000 [client] INFO found ghcup at ghcup
2025-02-06 21:22:03.1900000 [client] INFO Executing 'ghcup --no-verbose list -t stack -c installed -r' in cwd '/home/john-walker'
2025-02-06 21:22:03.2670000 [client] INFO Checking for ghcup installation
2025-02-06 21:22:03.2700000 [client] INFO found ghcup at ghcup
2025-02-06 21:22:03.2700000 [client] INFO Executing 'ghcup --no-verbose whereis hls 2.9.0.1' in cwd '/home/john-walker'
2025-02-06 21:22:03.4370000 [client] INFO Checking for ghcup installation
2025-02-06 21:22:03.4400000 [client] INFO found ghcup at ghcup
2025-02-06 21:22:03.4400000 [client] INFO Executing 'ghcup --no-verbose whereis cabal 3.12.1.0' in cwd '/home/john-walker'
2025-02-06 21:22:03.4560000 [client] INFO Checking for ghcup installation
2025-02-06 21:22:03.4590000 [client] INFO found ghcup at ghcup
2025-02-06 21:22:03.4590000 [client] INFO Executing 'ghcup --no-verbose whereis stack 3.1.1' in cwd '/home/john-walker'
2025-02-06 21:22:03.4820000 [client] INFO Executing 'ghc --numeric-version' in cwd '/home/john-walker'
2025-02-06 21:22:03.6080000 [client] INFO Checking for ghcup installation
2025-02-06 21:22:03.6120000 [client] INFO found ghcup at ghcup
2025-02-06 21:22:03.6120000 [client] INFO Executing 'ghcup --no-verbose run --hls 2.9.0.1 --cabal 3.12.1.0 --stack 3.1.1 --install' in cwd '/home/john-walker'
2025-02-06 21:22:03.7700000 [client] INFO Working out the project GHC version. This might take a while...
2025-02-06 21:22:03.7700000 [client] INFO Executing 'haskell-language-server-wrapper --project-ghc-version' in cwd '/home/john-walker/repos/pyrethrum'
2025-02-06 21:22:08.9880000 [client] INFO The GHC version for the project or file: 9.8.2
2025-02-06 21:22:09.7010000 [client] INFO Platform constants: Linux_UnknownLinux, A_64
2025-02-06 21:22:09.7010000 [client] INFO Checking for ghcup installation
2025-02-06 21:22:09.7120000 [client] INFO found ghcup at ghcup
2025-02-06 21:22:09.7120000 [client] INFO Executing 'ghcup --no-verbose list -t hls -c installed -r' in cwd '/home/john-walker'
2025-02-06 21:22:09.7650000 [client] INFO Checking for ghcup installation
2025-02-06 21:22:09.7750000 [client] INFO found ghcup at ghcup
2025-02-06 21:22:09.7760000 [client] INFO Executing 'ghcup --no-verbose whereis bindir' in cwd '/home/john-walker'
2025-02-06 21:22:09.7870000 [client] INFO Checking for ghcup installation
2025-02-06 21:22:09.7960000 [client] INFO found ghcup at ghcup
2025-02-06 21:22:09.7960000 [client] INFO Executing 'ghcup --no-verbose whereis hls 2.9.0.1' in cwd '/home/john-walker'
2025-02-06 21:22:09.8060000 [client] INFO Checking for ghcup installation
2025-02-06 21:22:09.8160000 [client] INFO found ghcup at ghcup
2025-02-06 21:22:09.8160000 [client] INFO Executing 'ghcup --no-verbose whereis ghc 9.8.2' in cwd '/home/john-walker'
2025-02-06 21:22:09.8250000 [client] INFO Checking for ghcup installation
2025-02-06 21:22:09.8350000 [client] INFO found ghcup at ghcup
2025-02-06 21:22:09.8350000 [client] INFO Executing 'ghcup --no-verbose run --hls 2.9.0.1 --cabal 3.12.1.0 --stack 3.1.1 --ghc 9.8.2 --install' in cwd '/home/john-walker'
2025-02-06 21:22:09.8940000 [client] INFO Activating the language server in working dir: /home/john-walker/repos/pyrethrum (the workspace folder)
2025-02-06 21:22:09.8940000 [client] INFO run command: /home/john-walker/.ghcup/tmp/ghcup-ghc-9.8.2_cabal-3.12.1.0_hls-2.9.0.1_stack-3.1.1/haskell-language-server-wrapper --lsp -l haskell.log
2025-02-06 21:22:09.8940000 [client] INFO debug command: /home/john-walker/.ghcup/tmp/ghcup-ghc-9.8.2_cabal-3.12.1.0_hls-2.9.0.1_stack-3.1.1/haskell-language-server-wrapper --lsp -l haskell.log
2025-02-06 21:22:09.8950000 [client] INFO server cwd: /home/john-walker/repos/pyrethrum
2025-02-06 21:22:09.8950000 [client] INFO server environment variables:
2025-02-06 21:22:09.8950000 [client] INFO   PATH=/home/john-walker/.ghcup/tmp/ghcup-ghc-9.8.2_cabal-3.12.1.0_hls-2.9.0.1_stack-3.1.1:/home/john-walker/Apps:/home/john-walker/.cabal/bin:/home/john-walker/.ghcup/bin:/usr/local/sbin:/usr/local/bin:/usr/sbin:/usr/bin:/sbin:/bin:/usr/games:/usr/local/games:/snap/bin:/snap/bin
2025-02-06 21:22:09.8960000 [client] INFO Starting language server
2025-02-06T21:22:18.669009Z | Info | haskell-language-server version: 2.9.0.1 (GHC: 9.8.2) (PATH: /home/john-walker/.ghcup/hls/2.9.0.1/lib/haskell-language-server-2.9.0.1/bin/haskell-language-server-9.8.2)
2025-02-06T21:22:18.670073Z | Info | Directory: /home/john-walker/repos/pyrethrum
2025-02-06T21:22:18.670187Z | Info | Starting (haskell-language-server) LSP server...
  GhcideArguments {argsCommand = LSP, argsCwd = Nothing, argsShakeProfiling = Nothing, argsTesting = False, argsExamplePlugin = False, argsLogLevel = Info, argsLogFile = Just "haskell.log", argsLogStderr = True, argsLogClient = False, argsThreads = 0, argsProjectGhcVersion = False}
  PluginIds: [ pragmas-suggest
             , pragmas-completion
             , ghcide-code-actions-bindings
             , ghcide-extend-import-action
             , retrie
             , stylish-haskell
             , explicit-fields
             , ghcide-code-actions-type-signatures
             , ghcide-code-actions-fill-holes
             , stan
             , hlint
             , changeTypeSignature
             , ghcide-code-actions-imports-exports
             , cabal-fmt
             , notes
             , ghcide-completions
             , eval
             , ghcide-type-lenses
             , cabal
             , overloaded-record-dot
             , gadt
             , LSPRecorderCallback
             , importLens
             , floskell
             , codeRange
             , class
             , ormolu
             , qualifyImportedNames
             , ghcide-hover-and-symbols
             , alternateNumberFormat
             , rename
             , splice
             , moduleName
             , semanticTokens
             , fourmolu
             , cabal-gild
             , callHierarchy
             , ghcide-core
             , explicit-fixity
             , pragmas-disable ]
2025-02-06T21:22:18.672021Z | Info | Logging heap statistics every 60.00s
2025-02-06T21:22:18.678704Z | Info | Starting LSP server...
  If you are seeing this in a terminal, you probably should have run WITHOUT the --lsp option!
  PluginIds: [ pragmas-suggest
             , pragmas-completion
             , ghcide-code-actions-bindings
             , ghcide-extend-import-action
             , retrie
             , stylish-haskell
             , explicit-fields
             , ghcide-code-actions-type-signatures
             , ghcide-code-actions-fill-holes
             , stan
             , hlint
             , changeTypeSignature
             , ghcide-code-actions-imports-exports
             , cabal-fmt
             , notes
             , ghcide-completions
             , eval
             , ghcide-type-lenses
             , cabal
             , overloaded-record-dot
             , gadt
             , LSPRecorderCallback
             , importLens
             , floskell
             , codeRange
             , class
             , ormolu
             , qualifyImportedNames
             , ghcide-hover-and-symbols
             , alternateNumberFormat
             , rename
             , splice
             , moduleName
             , semanticTokens
             , fourmolu
             , cabal-gild
             , callHierarchy
             , ghcide-core
             , explicit-fixity
             , pragmas-disable ]
2025-02-06T21:22:18.678901Z | Info | Starting server
2025-02-06T21:22:18.688604Z | Info | Registering IDE configuration: IdeConfiguration {workspaceFolders = fromList [NormalizedUri 5631229711954350743 "file:///home/john-walker/repos/pyrethrum"], clientSettings = hashed Nothing}
2025-02-06T21:22:18.699852Z | Info | Started LSP server in 0.02s
2025-02-06T21:22:19.261680Z | Info | Cradle path: examples/Capabilities.hs
2025-02-06T21:22:19.261855Z | Warning | No [cradle](https://github.com/mpickering/hie-bios#hie-bios) found for examples/Capabilities.hs.
Proceeding with [implicit cradle](https://hackage.haskell.org/package/implicit-hie).
You should ignore this message, unless you see a 'Multi Cradle: No prefixes matched' error.
2025-02-06T21:22:19.262066Z | Info | invoking build tool to determine build flags (this may take some time depending on the cache)
2025-02-06T21:22:19.825612Z | Info | Load cabal cradle using single file
2025-02-06T21:22:20.206162Z | Info | cabal --builddir=/home/john-walker/.cache/hie-bios/dist-pyrethrum-c952af7174a9c1efe69842ae31b853b9 v2-repl --with-compiler /home/john-walker/.cache/hie-bios/wrapper-b54f81dea4c0e6d1626911c526bc4e36 --with-hc-pkg /home/john-walker/.cache/hie-bios/ghc-pkg-c538e288c0d6e5ffdb568fa7d22e7d76 /home/john-walker/repos/pyrethrum/examples/Capabilities.hs
  Environment Variables
    HIE_BIOS_OUTPUT: /tmp/HIE_BIOS_OUTPUT10538-0
    HIE_BIOS_GHC: /home/john-walker/.ghcup/ghc/9.8.2/lib/ghc-9.8.2/bin/ghc-9.8.2
    HIE_BIOS_GHC_ARGS: -B/home/john-walker/.ghcup/ghc/9.8.2/lib/ghc-9.8.2/lib
2025-02-06T21:22:21.548397Z | Info | Interface files cache directory: /home/john-walker/.cache/ghcide/pyrethrum-0.1.0.0-inplace-e6eb26b4593c476b9c38eb4b3420fc4715325c0a
2025-02-06T21:22:21.550484Z | Info | Making new HscEnv. In-place unit ids: [pyrethrum-0.1.0.0-inplace]
2025-02-06T21:22:29.384613Z | Info | LSP: received shutdown
2025-02-06T21:22:29.388869Z | Error | Got EOF
2025-02-06 21:53:03.8210000 [client] INFO Writing client log to file /home/john-walker/repos/pyrethrum/haskell.log
2025-02-06 21:53:03.8210000 [client] INFO Finding haskell-language-server
2025-02-06 21:53:03.8220000 [client] INFO Checking for ghcup installation
2025-02-06 21:53:03.8250000 [client] INFO found ghcup at ghcup
2025-02-06 21:53:03.8280000 [client] INFO Executing 'ghcup --no-verbose upgrade' in cwd '/home/john-walker'
2025-02-06 21:53:04.3600000 [client] INFO Checking for ghcup installation
2025-02-06 21:53:04.3630000 [client] INFO found ghcup at ghcup
2025-02-06 21:53:04.3630000 [client] INFO Executing 'ghcup --no-verbose list -t hls -c installed -r' in cwd '/home/john-walker'
2025-02-06 21:53:04.4090000 [client] INFO Checking for ghcup installation
2025-02-06 21:53:04.4120000 [client] INFO found ghcup at ghcup
2025-02-06 21:53:04.4120000 [client] INFO Executing 'ghcup --no-verbose list -t cabal -c installed -r' in cwd '/home/john-walker'
2025-02-06 21:53:04.4580000 [client] INFO Checking for ghcup installation
2025-02-06 21:53:04.4610000 [client] INFO found ghcup at ghcup
2025-02-06 21:53:04.4610000 [client] INFO Executing 'ghcup --no-verbose list -t stack -c installed -r' in cwd '/home/john-walker'
2025-02-06 21:53:04.5100000 [client] INFO Checking for ghcup installation
2025-02-06 21:53:04.5120000 [client] INFO found ghcup at ghcup
2025-02-06 21:53:04.5120000 [client] INFO Executing 'ghcup --no-verbose whereis hls 2.9.0.1' in cwd '/home/john-walker'
2025-02-06 21:53:04.5160000 [client] INFO Checking for ghcup installation
2025-02-06 21:53:04.5180000 [client] INFO found ghcup at ghcup
2025-02-06 21:53:04.5190000 [client] INFO Executing 'ghcup --no-verbose whereis cabal 3.12.1.0' in cwd '/home/john-walker'
2025-02-06 21:53:04.5220000 [client] INFO Checking for ghcup installation
2025-02-06 21:53:04.5240000 [client] INFO found ghcup at ghcup
2025-02-06 21:53:04.5250000 [client] INFO Executing 'ghcup --no-verbose whereis stack 3.1.1' in cwd '/home/john-walker'
2025-02-06 21:53:04.5300000 [client] INFO Executing 'ghc --numeric-version' in cwd '/home/john-walker'
2025-02-06 21:53:04.5460000 [client] INFO Checking for ghcup installation
2025-02-06 21:53:04.5480000 [client] INFO found ghcup at ghcup
2025-02-06 21:53:04.5480000 [client] INFO Executing 'ghcup --no-verbose run --hls 2.9.0.1 --cabal 3.12.1.0 --stack 3.1.1 --install' in cwd '/home/john-walker'
2025-02-06 21:53:04.5970000 [client] INFO Working out the project GHC version. This might take a while...
2025-02-06 21:53:04.5970000 [client] INFO Executing 'haskell-language-server-wrapper --project-ghc-version' in cwd '/home/john-walker/repos/pyrethrum'
2025-02-06 21:53:10.2010000 [client] INFO The GHC version for the project or file: 9.8.2
2025-02-06 21:53:10.7570000 [client] INFO Platform constants: Linux_UnknownLinux, A_64
2025-02-06 21:53:10.7570000 [client] INFO Checking for ghcup installation
2025-02-06 21:53:10.7660000 [client] INFO found ghcup at ghcup
2025-02-06 21:53:10.7670000 [client] INFO Executing 'ghcup --no-verbose list -t hls -c installed -r' in cwd '/home/john-walker'
2025-02-06 21:53:10.8180000 [client] INFO Checking for ghcup installation
2025-02-06 21:53:10.8260000 [client] INFO found ghcup at ghcup
2025-02-06 21:53:10.8270000 [client] INFO Executing 'ghcup --no-verbose whereis bindir' in cwd '/home/john-walker'
2025-02-06 21:53:10.8360000 [client] INFO Checking for ghcup installation
2025-02-06 21:53:10.8440000 [client] INFO found ghcup at ghcup
2025-02-06 21:53:10.8440000 [client] INFO Executing 'ghcup --no-verbose whereis hls 2.9.0.1' in cwd '/home/john-walker'
2025-02-06 21:53:10.8540000 [client] INFO Checking for ghcup installation
2025-02-06 21:53:10.8620000 [client] INFO found ghcup at ghcup
2025-02-06 21:53:10.8620000 [client] INFO Executing 'ghcup --no-verbose whereis ghc 9.8.2' in cwd '/home/john-walker'
2025-02-06 21:53:10.8700000 [client] INFO Checking for ghcup installation
2025-02-06 21:53:10.8750000 [client] INFO found ghcup at ghcup
2025-02-06 21:53:10.8760000 [client] INFO Executing 'ghcup --no-verbose run --hls 2.9.0.1 --cabal 3.12.1.0 --stack 3.1.1 --ghc 9.8.2 --install' in cwd '/home/john-walker'
2025-02-06 21:53:10.9300000 [client] INFO Activating the language server in working dir: /home/john-walker/repos/pyrethrum (the workspace folder)
2025-02-06 21:53:10.9310000 [client] INFO run command: /home/john-walker/.ghcup/tmp/ghcup-ghc-9.8.2_cabal-3.12.1.0_hls-2.9.0.1_stack-3.1.1/haskell-language-server-wrapper --lsp -l haskell.log
2025-02-06 21:53:10.9310000 [client] INFO debug command: /home/john-walker/.ghcup/tmp/ghcup-ghc-9.8.2_cabal-3.12.1.0_hls-2.9.0.1_stack-3.1.1/haskell-language-server-wrapper --lsp -l haskell.log
2025-02-06 21:53:10.9310000 [client] INFO server cwd: /home/john-walker/repos/pyrethrum
2025-02-06 21:53:10.9310000 [client] INFO server environment variables:
2025-02-06 21:53:10.9310000 [client] INFO   PATH=/home/john-walker/.ghcup/tmp/ghcup-ghc-9.8.2_cabal-3.12.1.0_hls-2.9.0.1_stack-3.1.1:/home/john-walker/.cabal/bin:/home/john-walker/.ghcup/bin:/usr/local/sbin:/usr/local/bin:/usr/sbin:/usr/bin:/sbin:/bin:/usr/games:/usr/local/games:/snap/bin:/snap/bin
2025-02-06 21:53:10.9320000 [client] INFO Starting language server
2025-02-06T21:53:17.029021Z | Info | haskell-language-server version: 2.9.0.1 (GHC: 9.8.2) (PATH: /home/john-walker/.ghcup/hls/2.9.0.1/lib/haskell-language-server-2.9.0.1/bin/haskell-language-server-9.8.2)
2025-02-06T21:53:17.029563Z | Info | Directory: /home/john-walker/repos/pyrethrum
2025-02-06T21:53:17.029679Z | Info | Starting (haskell-language-server) LSP server...
  GhcideArguments {argsCommand = LSP, argsCwd = Nothing, argsShakeProfiling = Nothing, argsTesting = False, argsExamplePlugin = False, argsLogLevel = Info, argsLogFile = Just "haskell.log", argsLogStderr = True, argsLogClient = False, argsThreads = 0, argsProjectGhcVersion = False}
  PluginIds: [ pragmas-suggest
             , pragmas-completion
             , ghcide-code-actions-bindings
             , ghcide-extend-import-action
             , retrie
             , stylish-haskell
             , explicit-fields
             , ghcide-code-actions-type-signatures
             , ghcide-code-actions-fill-holes
             , stan
             , hlint
             , changeTypeSignature
             , ghcide-code-actions-imports-exports
             , cabal-fmt
             , notes
             , ghcide-completions
             , eval
             , ghcide-type-lenses
             , cabal
             , overloaded-record-dot
             , gadt
             , LSPRecorderCallback
             , importLens
             , floskell
             , codeRange
             , class
             , ormolu
             , qualifyImportedNames
             , ghcide-hover-and-symbols
             , alternateNumberFormat
             , rename
             , splice
             , moduleName
             , semanticTokens
             , fourmolu
             , cabal-gild
             , callHierarchy
             , ghcide-core
             , explicit-fixity
             , pragmas-disable ]
2025-02-06T21:53:17.031463Z | Info | Logging heap statistics every 60.00s
2025-02-06T21:53:17.038029Z | Info | Starting LSP server...
  If you are seeing this in a terminal, you probably should have run WITHOUT the --lsp option!
  PluginIds: [ pragmas-suggest
             , pragmas-completion
             , ghcide-code-actions-bindings
             , ghcide-extend-import-action
             , retrie
             , stylish-haskell
             , explicit-fields
             , ghcide-code-actions-type-signatures
             , ghcide-code-actions-fill-holes
             , stan
             , hlint
             , changeTypeSignature
             , ghcide-code-actions-imports-exports
             , cabal-fmt
             , notes
             , ghcide-completions
             , eval
             , ghcide-type-lenses
             , cabal
             , overloaded-record-dot
             , gadt
             , LSPRecorderCallback
             , importLens
             , floskell
             , codeRange
             , class
             , ormolu
             , qualifyImportedNames
             , ghcide-hover-and-symbols
             , alternateNumberFormat
             , rename
             , splice
             , moduleName
             , semanticTokens
             , fourmolu
             , cabal-gild
             , callHierarchy
             , ghcide-core
             , explicit-fixity
             , pragmas-disable ]
2025-02-06T21:53:17.038242Z | Info | Starting server
2025-02-06T21:53:17.039185Z | Info | Registering IDE configuration: IdeConfiguration {workspaceFolders = fromList [NormalizedUri 5631229711954350743 "file:///home/john-walker/repos/pyrethrum"], clientSettings = hashed Nothing}
2025-02-06T21:53:17.040762Z | Info | Started LSP server in 0.00s
2025-02-06T21:53:17.582008Z | Info | Cradle path: examples/Capabilities.hs
2025-02-06T21:53:17.582138Z | Warning | No [cradle](https://github.com/mpickering/hie-bios#hie-bios) found for examples/Capabilities.hs.
Proceeding with [implicit cradle](https://hackage.haskell.org/package/implicit-hie).
You should ignore this message, unless you see a 'Multi Cradle: No prefixes matched' error.
2025-02-06T21:53:17.582333Z | Info | invoking build tool to determine build flags (this may take some time depending on the cache)
2025-02-06T21:53:18.168964Z | Info | Load cabal cradle using single file
2025-02-06T21:53:18.556495Z | Info | cabal --builddir=/home/john-walker/.cache/hie-bios/dist-pyrethrum-c952af7174a9c1efe69842ae31b853b9 v2-repl --with-compiler /home/john-walker/.cache/hie-bios/wrapper-b54f81dea4c0e6d1626911c526bc4e36 --with-hc-pkg /home/john-walker/.cache/hie-bios/ghc-pkg-c538e288c0d6e5ffdb568fa7d22e7d76 /home/john-walker/repos/pyrethrum/examples/Capabilities.hs
  Environment Variables
    HIE_BIOS_OUTPUT: /tmp/HIE_BIOS_OUTPUT25317-0
    HIE_BIOS_GHC: /home/john-walker/.ghcup/ghc/9.8.2/lib/ghc-9.8.2/bin/ghc-9.8.2
    HIE_BIOS_GHC_ARGS: -B/home/john-walker/.ghcup/ghc/9.8.2/lib/ghc-9.8.2/lib
2025-02-06T21:53:19.880873Z | Info | Interface files cache directory: /home/john-walker/.cache/ghcide/pyrethrum-0.1.0.0-inplace-e6eb26b4593c476b9c38eb4b3420fc4715325c0a
2025-02-06T21:53:19.882916Z | Info | Making new HscEnv. In-place unit ids: [pyrethrum-0.1.0.0-inplace]
2025-02-06T21:54:17.076732Z | Info | Live bytes: 166.62MB Heap size: 1996.49MB
2025-02-06T21:55:17.079032Z | Info | Live bytes: 166.62MB Heap size: 1996.49MB
2025-02-06T21:56:17.095374Z | Info | Live bytes: 166.62MB Heap size: 1996.49MB
2025-02-06T21:57:17.156085Z | Info | Live bytes: 166.62MB Heap size: 1996.49MB
2025-02-06T21:58:17.162072Z | Info | Live bytes: 166.62MB Heap size: 1996.49MB
2025-02-06T21:59:17.186633Z | Info | Live bytes: 166.62MB Heap size: 1996.49MB
2025-02-06T22:00:17.238782Z | Info | Live bytes: 166.62MB Heap size: 1996.49MB
2025-02-06T22:00:23.479859Z | Warning | Typechecked a file which is not currently open in the editor: /home/john-walker/repos/pyrethrum/examples/WebDriverIO.hs
This can indicate a bug which results in excessive memory usage.
This may be a spurious warning if you have recently closed the file.
If you haven't opened this file recently, please file a report on the issue tracker mentioning the HLS version being used, the plugins enabled, and if possible the codebase and file which triggered this warning.
2025-02-06T22:01:17.258857Z | Info | Live bytes: 190.33MB Heap size: 1996.49MB
2025-02-06T22:02:17.319211Z | Info | Live bytes: 190.33MB Heap size: 1996.49MB
2025-02-06T22:03:17.361779Z | Info | Live bytes: 190.33MB Heap size: 1996.49MB
2025-02-06T22:04:17.380735Z | Info | Live bytes: 190.33MB Heap size: 1996.49MB
2025-02-06T22:05:17.427269Z | Info | Live bytes: 190.33MB Heap size: 1996.49MB
2025-02-06T22:06:17.435154Z | Info | Live bytes: 190.33MB Heap size: 1996.49MB
2025-02-06T22:07:17.495061Z | Info | Live bytes: 190.33MB Heap size: 1996.49MB
2025-02-06T22:08:17.555349Z | Info | Live bytes: 190.33MB Heap size: 1996.49MB
2025-02-06T22:09:17.616029Z | Info | Live bytes: 190.33MB Heap size: 1996.49MB
2025-02-06T22:10:17.676738Z | Info | Live bytes: 190.33MB Heap size: 1996.49MB
2025-02-06T22:11:17.737073Z | Info | Live bytes: 190.33MB Heap size: 1996.49MB
2025-02-06T22:12:17.738587Z | Info | Live bytes: 190.33MB Heap size: 1996.49MB
2025-02-06T22:13:17.788502Z | Info | Live bytes: 190.33MB Heap size: 1996.49MB
2025-02-06T22:14:08.318278Z | Info | LSP: received shutdown
2025-02-06T22:14:08.323828Z | Error | Got EOF
2025-02-07 00:46:22.3680000 [client] INFO Writing client log to file /home/john-walker/repos/pyrethrum/haskell.log
2025-02-07 00:46:22.3680000 [client] INFO Finding haskell-language-server
2025-02-07 00:46:22.3690000 [client] INFO Checking for ghcup installation
2025-02-07 00:46:22.3720000 [client] INFO found ghcup at ghcup
2025-02-07 00:46:22.3720000 [client] INFO Executing 'ghcup --no-verbose upgrade' in cwd '/home/john-walker'
2025-02-07 00:46:22.7160000 [client] INFO Checking for ghcup installation
2025-02-07 00:46:22.7190000 [client] INFO found ghcup at ghcup
2025-02-07 00:46:22.7190000 [client] INFO Executing 'ghcup --no-verbose list -t hls -c installed -r' in cwd '/home/john-walker'
2025-02-07 00:46:22.7650000 [client] INFO Checking for ghcup installation
2025-02-07 00:46:22.7680000 [client] INFO found ghcup at ghcup
2025-02-07 00:46:22.7690000 [client] INFO Executing 'ghcup --no-verbose list -t cabal -c installed -r' in cwd '/home/john-walker'
2025-02-07 00:46:22.8160000 [client] INFO Checking for ghcup installation
2025-02-07 00:46:22.8190000 [client] INFO found ghcup at ghcup
2025-02-07 00:46:22.8190000 [client] INFO Executing 'ghcup --no-verbose list -t stack -c installed -r' in cwd '/home/john-walker'
2025-02-07 00:46:22.8690000 [client] INFO Checking for ghcup installation
2025-02-07 00:46:22.8710000 [client] INFO found ghcup at ghcup
2025-02-07 00:46:22.8710000 [client] INFO Executing 'ghcup --no-verbose whereis hls 2.9.0.1' in cwd '/home/john-walker'
2025-02-07 00:46:22.8750000 [client] INFO Checking for ghcup installation
2025-02-07 00:46:22.8770000 [client] INFO found ghcup at ghcup
2025-02-07 00:46:22.8770000 [client] INFO Executing 'ghcup --no-verbose whereis cabal 3.12.1.0' in cwd '/home/john-walker'
2025-02-07 00:46:22.8800000 [client] INFO Checking for ghcup installation
2025-02-07 00:46:22.8820000 [client] INFO found ghcup at ghcup
2025-02-07 00:46:22.8820000 [client] INFO Executing 'ghcup --no-verbose whereis stack 3.1.1' in cwd '/home/john-walker'
2025-02-07 00:46:22.8860000 [client] INFO Executing 'ghc --numeric-version' in cwd '/home/john-walker'
2025-02-07 00:46:22.9000000 [client] INFO Checking for ghcup installation
2025-02-07 00:46:22.9030000 [client] INFO found ghcup at ghcup
2025-02-07 00:46:22.9030000 [client] INFO Executing 'ghcup --no-verbose run --hls 2.9.0.1 --cabal 3.12.1.0 --stack 3.1.1 --install' in cwd '/home/john-walker'
2025-02-07 00:46:22.9520000 [client] INFO Working out the project GHC version. This might take a while...
2025-02-07 00:46:22.9520000 [client] INFO Executing 'haskell-language-server-wrapper --project-ghc-version' in cwd '/home/john-walker/repos/pyrethrum'
2025-02-07 00:46:27.5820000 [client] INFO The GHC version for the project or file: 9.8.2
2025-02-07 00:46:28.6230000 [client] INFO Platform constants: Linux_UnknownLinux, A_64
2025-02-07 00:46:28.6230000 [client] INFO Checking for ghcup installation
2025-02-07 00:46:28.6330000 [client] INFO found ghcup at ghcup
2025-02-07 00:46:28.6330000 [client] INFO Executing 'ghcup --no-verbose list -t hls -c installed -r' in cwd '/home/john-walker'
2025-02-07 00:46:28.6860000 [client] INFO Checking for ghcup installation
2025-02-07 00:46:28.6940000 [client] INFO found ghcup at ghcup
2025-02-07 00:46:28.6940000 [client] INFO Executing 'ghcup --no-verbose whereis bindir' in cwd '/home/john-walker'
2025-02-07 00:46:28.7040000 [client] INFO Checking for ghcup installation
2025-02-07 00:46:28.7120000 [client] INFO found ghcup at ghcup
2025-02-07 00:46:28.7120000 [client] INFO Executing 'ghcup --no-verbose whereis hls 2.9.0.1' in cwd '/home/john-walker'
2025-02-07 00:46:28.7210000 [client] INFO Checking for ghcup installation
2025-02-07 00:46:28.7260000 [client] INFO found ghcup at ghcup
2025-02-07 00:46:28.7270000 [client] INFO Executing 'ghcup --no-verbose whereis ghc 9.8.2' in cwd '/home/john-walker'
2025-02-07 00:46:28.7340000 [client] INFO Checking for ghcup installation
2025-02-07 00:46:28.7410000 [client] INFO found ghcup at ghcup
2025-02-07 00:46:28.7420000 [client] INFO Executing 'ghcup --no-verbose run --hls 2.9.0.1 --cabal 3.12.1.0 --stack 3.1.1 --ghc 9.8.2 --install' in cwd '/home/john-walker'
2025-02-07 00:46:28.7970000 [client] INFO Activating the language server in working dir: /home/john-walker/repos/pyrethrum (the workspace folder)
2025-02-07 00:46:28.7970000 [client] INFO run command: /home/john-walker/.ghcup/tmp/ghcup-ghc-9.8.2_cabal-3.12.1.0_hls-2.9.0.1_stack-3.1.1/haskell-language-server-wrapper --lsp -l haskell.log
2025-02-07 00:46:28.7970000 [client] INFO debug command: /home/john-walker/.ghcup/tmp/ghcup-ghc-9.8.2_cabal-3.12.1.0_hls-2.9.0.1_stack-3.1.1/haskell-language-server-wrapper --lsp -l haskell.log
2025-02-07 00:46:28.7970000 [client] INFO server cwd: /home/john-walker/repos/pyrethrum
2025-02-07 00:46:28.7970000 [client] INFO server environment variables:
2025-02-07 00:46:28.7970000 [client] INFO   PATH=/home/john-walker/.ghcup/tmp/ghcup-ghc-9.8.2_cabal-3.12.1.0_hls-2.9.0.1_stack-3.1.1:/home/john-walker/.cabal/bin:/home/john-walker/.ghcup/bin:/usr/local/sbin:/usr/local/bin:/usr/sbin:/usr/bin:/sbin:/bin:/usr/games:/usr/local/games:/snap/bin:/snap/bin
2025-02-07 00:46:28.7990000 [client] INFO Starting language server
2025-02-07T00:46:35.944697Z | Info | haskell-language-server version: 2.9.0.1 (GHC: 9.8.2) (PATH: /home/john-walker/.ghcup/hls/2.9.0.1/lib/haskell-language-server-2.9.0.1/bin/haskell-language-server-9.8.2)
2025-02-07T00:46:35.945273Z | Info | Directory: /home/john-walker/repos/pyrethrum
2025-02-07T00:46:35.945404Z | Info | Starting (haskell-language-server) LSP server...
  GhcideArguments {argsCommand = LSP, argsCwd = Nothing, argsShakeProfiling = Nothing, argsTesting = False, argsExamplePlugin = False, argsLogLevel = Info, argsLogFile = Just "haskell.log", argsLogStderr = True, argsLogClient = False, argsThreads = 0, argsProjectGhcVersion = False}
  PluginIds: [ pragmas-suggest
             , pragmas-completion
             , ghcide-code-actions-bindings
             , ghcide-extend-import-action
             , retrie
             , stylish-haskell
             , explicit-fields
             , ghcide-code-actions-type-signatures
             , ghcide-code-actions-fill-holes
             , stan
             , hlint
             , changeTypeSignature
             , ghcide-code-actions-imports-exports
             , cabal-fmt
             , notes
             , ghcide-completions
             , eval
             , ghcide-type-lenses
             , cabal
             , overloaded-record-dot
             , gadt
             , LSPRecorderCallback
             , importLens
             , floskell
             , codeRange
             , class
             , ormolu
             , qualifyImportedNames
             , ghcide-hover-and-symbols
             , alternateNumberFormat
             , rename
             , splice
             , moduleName
             , semanticTokens
             , fourmolu
             , cabal-gild
             , callHierarchy
             , ghcide-core
             , explicit-fixity
             , pragmas-disable ]
2025-02-07T00:46:35.947168Z | Info | Logging heap statistics every 60.00s
2025-02-07T00:46:35.953550Z | Info | Starting LSP server...
  If you are seeing this in a terminal, you probably should have run WITHOUT the --lsp option!
  PluginIds: [ pragmas-suggest
             , pragmas-completion
             , ghcide-code-actions-bindings
             , ghcide-extend-import-action
             , retrie
             , stylish-haskell
             , explicit-fields
             , ghcide-code-actions-type-signatures
             , ghcide-code-actions-fill-holes
             , stan
             , hlint
             , changeTypeSignature
             , ghcide-code-actions-imports-exports
             , cabal-fmt
             , notes
             , ghcide-completions
             , eval
             , ghcide-type-lenses
             , cabal
             , overloaded-record-dot
             , gadt
             , LSPRecorderCallback
             , importLens
             , floskell
             , codeRange
             , class
             , ormolu
             , qualifyImportedNames
             , ghcide-hover-and-symbols
             , alternateNumberFormat
             , rename
             , splice
             , moduleName
             , semanticTokens
             , fourmolu
             , cabal-gild
             , callHierarchy
             , ghcide-core
             , explicit-fixity
             , pragmas-disable ]
2025-02-07T00:46:35.953763Z | Info | Starting server
2025-02-07T00:46:35.954760Z | Info | Registering IDE configuration: IdeConfiguration {workspaceFolders = fromList [NormalizedUri 5631229711954350743 "file:///home/john-walker/repos/pyrethrum"], clientSettings = hashed Nothing}
2025-02-07T00:46:35.967291Z | Info | Started LSP server in 0.01s
2025-02-07T00:46:36.507723Z | Info | Cradle path: examples/WebDriverIO.hs
2025-02-07T00:46:36.507889Z | Warning | No [cradle](https://github.com/mpickering/hie-bios#hie-bios) found for examples/WebDriverIO.hs.
Proceeding with [implicit cradle](https://hackage.haskell.org/package/implicit-hie).
You should ignore this message, unless you see a 'Multi Cradle: No prefixes matched' error.
2025-02-07T00:46:36.508126Z | Info | invoking build tool to determine build flags (this may take some time depending on the cache)
2025-02-07T00:46:37.075217Z | Info | Load cabal cradle using single file
2025-02-07T00:46:37.460706Z | Info | cabal --builddir=/home/john-walker/.cache/hie-bios/dist-pyrethrum-c952af7174a9c1efe69842ae31b853b9 v2-repl --with-compiler /home/john-walker/.cache/hie-bios/wrapper-b54f81dea4c0e6d1626911c526bc4e36 --with-hc-pkg /home/john-walker/.cache/hie-bios/ghc-pkg-c538e288c0d6e5ffdb568fa7d22e7d76 /home/john-walker/repos/pyrethrum/examples/WebDriverIO.hs
  Environment Variables
    HIE_BIOS_OUTPUT: /tmp/HIE_BIOS_OUTPUT47285-0
    HIE_BIOS_GHC: /home/john-walker/.ghcup/ghc/9.8.2/lib/ghc-9.8.2/bin/ghc-9.8.2
    HIE_BIOS_GHC_ARGS: -B/home/john-walker/.ghcup/ghc/9.8.2/lib/ghc-9.8.2/lib
2025-02-07T00:46:38.790090Z | Info | Interface files cache directory: /home/john-walker/.cache/ghcide/pyrethrum-0.1.0.0-inplace-e6eb26b4593c476b9c38eb4b3420fc4715325c0a
2025-02-07T00:46:38.792284Z | Info | Making new HscEnv. In-place unit ids: [pyrethrum-0.1.0.0-inplace]
2025-02-07T00:47:35.957463Z | Info | Live bytes: 138.09MB Heap size: 1865.42MB
2025-02-07T00:48:36.001983Z | Info | Live bytes: 138.09MB Heap size: 1865.42MB
2025-02-07T00:49:36.009491Z | Info | Live bytes: 138.09MB Heap size: 1865.42MB
2025-02-07T00:50:36.069751Z | Info | Live bytes: 138.09MB Heap size: 1865.42MB
2025-02-07T00:51:36.111375Z | Info | Live bytes: 138.09MB Heap size: 1865.42MB
2025-02-07T00:52:36.117727Z | Info | Live bytes: 138.09MB Heap size: 1865.42MB
2025-02-07T00:53:36.178018Z | Info | Live bytes: 138.09MB Heap size: 1865.42MB
2025-02-07T00:54:36.233803Z | Info | Live bytes: 138.09MB Heap size: 1865.42MB
2025-02-07T00:55:36.265680Z | Info | Live bytes: 138.09MB Heap size: 1865.42MB
2025-02-07T00:55:49.455627Z | Warning | LSP: no handler for: "$/setTrace"
2025-02-07T00:56:02.128141Z | Warning | LSP: no handler for: "$/setTrace"
2025-02-07T00:56:36.295703Z | Info | Live bytes: 138.09MB Heap size: 1865.42MB
2025-02-07T00:57:36.317535Z | Info | Live bytes: 138.09MB Heap size: 1865.42MB
2025-02-07T00:58:36.378138Z | Info | Live bytes: 138.09MB Heap size: 1865.42MB
2025-02-07T00:59:36.403362Z | Info | Live bytes: 138.09MB Heap size: 1865.42MB
2025-02-07T01:00:36.464044Z | Info | Live bytes: 138.09MB Heap size: 1865.42MB
2025-02-07T01:01:36.501290Z | Info | Live bytes: 138.09MB Heap size: 1865.42MB
2025-02-07T01:02:36.506943Z | Info | Live bytes: 138.09MB Heap size: 1865.42MB
2025-02-07T01:03:36.567222Z | Info | Live bytes: 138.09MB Heap size: 1865.42MB
2025-02-07T01:04:36.601669Z | Info | Live bytes: 138.09MB Heap size: 1865.42MB
2025-02-07T01:05:36.661910Z | Info | Live bytes: 138.09MB Heap size: 1865.42MB
2025-02-07T01:06:36.707668Z | Info | Live bytes: 138.09MB Heap size: 1865.42MB
2025-02-07T01:07:36.757421Z | Info | Live bytes: 138.09MB Heap size: 1865.42MB
2025-02-07T01:08:36.772165Z | Info | Live bytes: 138.09MB Heap size: 1865.42MB
2025-02-07T01:09:36.812923Z | Info | Live bytes: 138.09MB Heap size: 1865.42MB
2025-02-07T01:10:36.855645Z | Info | Live bytes: 138.09MB Heap size: 1865.42MB
2025-02-07T01:11:36.861855Z | Info | Live bytes: 138.09MB Heap size: 1865.42MB
2025-02-07T01:12:36.921344Z | Info | Live bytes: 138.09MB Heap size: 1865.42MB
2025-02-07T01:13:36.982024Z | Info | Live bytes: 138.09MB Heap size: 1865.42MB
2025-02-07T01:14:37.042350Z | Info | Live bytes: 138.09MB Heap size: 1865.42MB
2025-02-07T01:15:37.089288Z | Info | Live bytes: 138.09MB Heap size: 1865.42MB
2025-02-07T01:16:37.149602Z | Info | Live bytes: 138.09MB Heap size: 1865.42MB
2025-02-07T01:17:37.163829Z | Info | Live bytes: 138.09MB Heap size: 1865.42MB
2025-02-07T01:18:37.223336Z | Info | Live bytes: 138.09MB Heap size: 1865.42MB
2025-02-07T01:19:37.224345Z | Info | Live bytes: 138.09MB Heap size: 1865.42MB
2025-02-07T01:20:37.285038Z | Info | Live bytes: 138.09MB Heap size: 1865.42MB
2025-02-07T01:21:37.345411Z | Info | Live bytes: 138.09MB Heap size: 1865.42MB
2025-02-07T01:22:37.369924Z | Info | Live bytes: 138.09MB Heap size: 1865.42MB
2025-02-07T01:23:37.429325Z | Info | Live bytes: 138.09MB Heap size: 1865.42MB
2025-02-07T01:24:37.445772Z | Info | Live bytes: 138.09MB Heap size: 1865.42MB
2025-02-07T01:25:37.506479Z | Info | Live bytes: 138.09MB Heap size: 1865.42MB
2025-02-07T01:26:37.566775Z | Info | Live bytes: 138.09MB Heap size: 1865.42MB
2025-02-07T01:27:37.574554Z | Info | Live bytes: 138.09MB Heap size: 1865.42MB
2025-02-07T01:28:37.634337Z | Info | Live bytes: 138.09MB Heap size: 1865.42MB
2025-02-07T01:29:37.695210Z | Info | Live bytes: 138.09MB Heap size: 1865.42MB
2025-02-07T01:30:37.696991Z | Info | Live bytes: 138.09MB Heap size: 1865.42MB
2025-02-07T01:31:37.724242Z | Info | Live bytes: 138.09MB Heap size: 1865.42MB
2025-02-07T01:32:37.746007Z | Info | Live bytes: 138.09MB Heap size: 1865.42MB
2025-02-07T01:33:37.756373Z | Info | Live bytes: 138.09MB Heap size: 1865.42MB
2025-02-07T01:34:37.768244Z | Info | Live bytes: 138.09MB Heap size: 1865.42MB
2025-02-07T01:35:37.791090Z | Info | Live bytes: 138.09MB Heap size: 1865.42MB
2025-02-07T01:36:37.833288Z | Info | Live bytes: 138.09MB Heap size: 1865.42MB
2025-02-07T01:37:37.846295Z | Info | Live bytes: 138.09MB Heap size: 1865.42MB
2025-02-07T01:38:37.866407Z | Info | Live bytes: 138.09MB Heap size: 1865.42MB
2025-02-07T01:39:37.907059Z | Info | Live bytes: 138.09MB Heap size: 1865.42MB
2025-02-07T01:40:37.953764Z | Info | Live bytes: 138.09MB Heap size: 1865.42MB
2025-02-07T01:41:37.959280Z | Info | Live bytes: 138.09MB Heap size: 1865.42MB
2025-02-07T01:42:38.013646Z | Info | Live bytes: 138.09MB Heap size: 1865.42MB
2025-02-07T01:43:38.070287Z | Info | Live bytes: 138.09MB Heap size: 1865.42MB
2025-02-07T01:44:38.130980Z | Info | Live bytes: 138.09MB Heap size: 1865.42MB
2025-02-07T01:45:38.180901Z | Info | Live bytes: 138.09MB Heap size: 1865.42MB
2025-02-07T01:46:38.220328Z | Info | Live bytes: 138.09MB Heap size: 1865.42MB
2025-02-07T01:47:38.280582Z | Info | Live bytes: 138.09MB Heap size: 1865.42MB
2025-02-07T01:48:38.341242Z | Info | Live bytes: 138.09MB Heap size: 1865.42MB
2025-02-07T01:49:38.384726Z | Info | Live bytes: 138.09MB Heap size: 1865.42MB
2025-02-07T01:50:38.444992Z | Info | Live bytes: 138.09MB Heap size: 1865.42MB
2025-02-07T01:51:38.505611Z | Info | Live bytes: 138.09MB Heap size: 1865.42MB
2025-02-07T01:52:38.562763Z | Info | Live bytes: 138.09MB Heap size: 1865.42MB
2025-02-07T01:53:38.623062Z | Info | Live bytes: 138.09MB Heap size: 1865.42MB
2025-02-07T01:54:38.658983Z | Info | Live bytes: 138.09MB Heap size: 1865.42MB
2025-02-07T01:55:38.674566Z | Info | Live bytes: 138.09MB Heap size: 1865.42MB
2025-02-07T01:56:38.690588Z | Info | Live bytes: 138.09MB Heap size: 1865.42MB
2025-02-07T01:57:38.714771Z | Info | Live bytes: 138.09MB Heap size: 1865.42MB
2025-02-07T01:58:38.727533Z | Info | Live bytes: 138.09MB Heap size: 1865.42MB
2025-02-07T01:59:38.748557Z | Info | Live bytes: 138.09MB Heap size: 1865.42MB
2025-02-07T02:00:38.778582Z | Info | Live bytes: 138.09MB Heap size: 1865.42MB
2025-02-07T02:01:38.786976Z | Info | Live bytes: 138.09MB Heap size: 1865.42MB
2025-02-07T02:02:38.847343Z | Info | Live bytes: 138.09MB Heap size: 1865.42MB
2025-02-07T02:03:38.907351Z | Info | Live bytes: 138.09MB Heap size: 1865.42MB
2025-02-07T02:04:38.967337Z | Info | Live bytes: 138.09MB Heap size: 1865.42MB
2025-02-07T02:05:39.027602Z | Info | Live bytes: 138.09MB Heap size: 1865.42MB
2025-02-07T02:06:39.028022Z | Info | Live bytes: 138.09MB Heap size: 1865.42MB
2025-02-07T02:07:39.088270Z | Info | Live bytes: 138.09MB Heap size: 1865.42MB
2025-02-07T02:08:39.121496Z | Info | Live bytes: 138.09MB Heap size: 1865.42MB
2025-02-07T02:09:39.161977Z | Info | Live bytes: 138.09MB Heap size: 1865.42MB
2025-02-07T02:10:39.216759Z | Info | Live bytes: 138.09MB Heap size: 1865.42MB
2025-02-07T02:11:39.217608Z | Info | Live bytes: 138.09MB Heap size: 1865.42MB
2025-02-07T02:12:39.225161Z | Info | Live bytes: 138.09MB Heap size: 1865.42MB
2025-02-07T02:13:39.236777Z | Info | Live bytes: 138.09MB Heap size: 1865.42MB
2025-02-07T02:14:39.258999Z | Info | Live bytes: 138.09MB Heap size: 1865.42MB
2025-02-07T02:15:39.260600Z | Info | Live bytes: 138.09MB Heap size: 1865.42MB
2025-02-07T02:16:39.266677Z | Info | Live bytes: 138.09MB Heap size: 1865.42MB
2025-02-07T02:17:39.269380Z | Info | Live bytes: 138.09MB Heap size: 1865.42MB
2025-02-07T02:18:39.323797Z | Info | Live bytes: 138.09MB Heap size: 1865.42MB
2025-02-07T02:19:39.337491Z | Info | Live bytes: 138.09MB Heap size: 1865.42MB
2025-02-07T02:20:39.397818Z | Info | Live bytes: 138.09MB Heap size: 1865.42MB
2025-02-07T02:21:39.428736Z | Info | Live bytes: 138.09MB Heap size: 1865.42MB
2025-02-07T02:22:39.474879Z | Info | Live bytes: 138.09MB Heap size: 1865.42MB
2025-02-07T02:23:39.524597Z | Info | Live bytes: 138.09MB Heap size: 1865.42MB
2025-02-07T02:24:39.554313Z | Info | Live bytes: 138.09MB Heap size: 1865.42MB
2025-02-07T02:25:39.594796Z | Info | Live bytes: 138.09MB Heap size: 1865.42MB
2025-02-07T02:26:39.655506Z | Info | Live bytes: 138.09MB Heap size: 1865.42MB
2025-02-07T02:27:39.715810Z | Info | Live bytes: 138.09MB Heap size: 1865.42MB
2025-02-07T02:28:39.776479Z | Info | Live bytes: 138.09MB Heap size: 1865.42MB
2025-02-07T02:29:39.837208Z | Info | Live bytes: 138.09MB Heap size: 1865.42MB
2025-02-07T02:30:39.845363Z | Info | Live bytes: 138.09MB Heap size: 1865.42MB
2025-02-07T02:31:39.861486Z | Info | Live bytes: 138.09MB Heap size: 1865.42MB
2025-02-07T02:32:39.893750Z | Info | Live bytes: 138.09MB Heap size: 1865.42MB
2025-02-07T02:33:39.925391Z | Info | Live bytes: 138.09MB Heap size: 1865.42MB
2025-02-07T02:34:39.980042Z | Info | Live bytes: 138.09MB Heap size: 1865.42MB
2025-02-07T02:35:40.027764Z | Info | Live bytes: 138.09MB Heap size: 1865.42MB
2025-02-07T02:36:40.061081Z | Info | Live bytes: 138.09MB Heap size: 1865.42MB
2025-02-07T02:37:40.111936Z | Info | Live bytes: 138.09MB Heap size: 1865.42MB
2025-02-07T02:38:40.134425Z | Info | Live bytes: 138.09MB Heap size: 1865.42MB
2025-02-07T02:39:40.194717Z | Info | Live bytes: 138.09MB Heap size: 1865.42MB
2025-02-07T02:40:40.236729Z | Info | Live bytes: 138.09MB Heap size: 1865.42MB
2025-02-07T02:41:40.267584Z | Info | Live bytes: 138.09MB Heap size: 1865.42MB
2025-02-07T03:50:23.006150Z | Info | Live bytes: 138.09MB Heap size: 1865.42MB
2025-02-07T03:51:23.023310Z | Info | Live bytes: 138.09MB Heap size: 1865.42MB
2025-02-07T03:52:23.069558Z | Info | Live bytes: 138.09MB Heap size: 1865.42MB
2025-02-07T03:53:23.114996Z | Info | Live bytes: 138.09MB Heap size: 1865.42MB
2025-02-07T03:54:23.144059Z | Info | Live bytes: 138.09MB Heap size: 1865.42MB
2025-02-07T03:55:23.159166Z | Info | Live bytes: 138.09MB Heap size: 1865.42MB
2025-02-07T03:56:23.201519Z | Info | Live bytes: 138.09MB Heap size: 1865.42MB
2025-02-07T03:57:23.231567Z | Info | Live bytes: 138.09MB Heap size: 1865.42MB
2025-02-07T03:58:23.249104Z | Info | Live bytes: 138.09MB Heap size: 1865.42MB
2025-02-07T03:59:23.268164Z | Info | Live bytes: 138.09MB Heap size: 1865.42MB
2025-02-07T04:00:23.319207Z | Info | Live bytes: 138.09MB Heap size: 1865.42MB
2025-02-07T04:01:23.379489Z | Info | Live bytes: 138.09MB Heap size: 1865.42MB
2025-02-07T04:02:23.439746Z | Info | Live bytes: 138.09MB Heap size: 1865.42MB
2025-02-07T04:03:23.448961Z | Info | Live bytes: 138.09MB Heap size: 1865.42MB
2025-02-07T04:04:23.452116Z | Info | Live bytes: 138.09MB Heap size: 1865.42MB
2025-02-07T04:04:24.137327Z | Info | LSP: received shutdown
2025-02-07T04:04:24.138386Z | Info | Reactor thread stopped
2025-02-07T04:04:24.142004Z | Error | Got EOF
2025-02-15 23:25:22.7020000 [client] INFO Writing client log to file /home/john-walker/repos/pyrethrum/haskell.log
2025-02-15 23:25:22.7020000 [client] INFO Finding haskell-language-server
2025-02-15 23:25:22.7030000 [client] INFO Checking for ghcup installation
2025-02-15 23:25:22.7130000 [client] INFO found ghcup at ghcup
2025-02-15 23:25:22.7140000 [client] INFO Executing 'ghcup --no-verbose upgrade' in cwd '/home/john-walker'
2025-02-15 23:25:23.4030000 [client] INFO Checking for ghcup installation
2025-02-15 23:25:23.4130000 [client] INFO found ghcup at ghcup
2025-02-15 23:25:23.4130000 [client] INFO Executing 'ghcup --no-verbose list -t hls -c installed -r' in cwd '/home/john-walker'
2025-02-15 23:25:23.4680000 [client] INFO Checking for ghcup installation
2025-02-15 23:25:23.4770000 [client] INFO found ghcup at ghcup
2025-02-15 23:25:23.4770000 [client] INFO Executing 'ghcup --no-verbose list -t cabal -c installed -r' in cwd '/home/john-walker'
2025-02-15 23:25:23.5290000 [client] INFO Checking for ghcup installation
2025-02-15 23:25:23.5380000 [client] INFO found ghcup at ghcup
2025-02-15 23:25:23.5390000 [client] INFO Executing 'ghcup --no-verbose list -t stack -c installed -r' in cwd '/home/john-walker'
2025-02-15 23:25:23.6070000 [client] INFO Checking for ghcup installation
2025-02-15 23:25:23.6150000 [client] INFO found ghcup at ghcup
2025-02-15 23:25:23.6160000 [client] INFO Executing 'ghcup --no-verbose whereis hls 2.9.0.1' in cwd '/home/john-walker'
2025-02-15 23:25:23.6260000 [client] INFO Checking for ghcup installation
2025-02-15 23:25:23.6340000 [client] INFO found ghcup at ghcup
2025-02-15 23:25:23.6340000 [client] INFO Executing 'ghcup --no-verbose whereis cabal 3.12.1.0' in cwd '/home/john-walker'
2025-02-15 23:25:23.6420000 [client] INFO Checking for ghcup installation
2025-02-15 23:25:23.6500000 [client] INFO found ghcup at ghcup
2025-02-15 23:25:23.6500000 [client] INFO Executing 'ghcup --no-verbose whereis stack 3.1.1' in cwd '/home/john-walker'
2025-02-15 23:25:23.6650000 [client] INFO Executing 'ghc --numeric-version' in cwd '/home/john-walker'
2025-02-15 23:25:23.7430000 [client] INFO Checking for ghcup installation
2025-02-15 23:25:23.7530000 [client] INFO found ghcup at ghcup
2025-02-15 23:25:23.7530000 [client] INFO Executing 'ghcup --no-verbose run --hls 2.9.0.1 --cabal 3.12.1.0 --stack 3.1.1 --install' in cwd '/home/john-walker'
2025-02-15 23:25:23.8110000 [client] INFO Working out the project GHC version. This might take a while...
2025-02-15 23:25:23.8110000 [client] INFO Executing 'haskell-language-server-wrapper --project-ghc-version' in cwd '/home/john-walker/repos/pyrethrum'
2025-02-15 23:25:30.7260000 [client] INFO The GHC version for the project or file: 9.8.2
2025-02-15 23:25:31.1600000 [client] INFO Platform constants: Linux_UnknownLinux, A_64
2025-02-15 23:25:31.1610000 [client] INFO Checking for ghcup installation
2025-02-15 23:25:31.1700000 [client] INFO found ghcup at ghcup
2025-02-15 23:25:31.1710000 [client] INFO Executing 'ghcup --no-verbose list -t hls -c installed -r' in cwd '/home/john-walker'
2025-02-15 23:25:31.2230000 [client] INFO Checking for ghcup installation
2025-02-15 23:25:31.2310000 [client] INFO found ghcup at ghcup
2025-02-15 23:25:31.2320000 [client] INFO Executing 'ghcup --no-verbose whereis bindir' in cwd '/home/john-walker'
2025-02-15 23:25:31.2410000 [client] INFO Checking for ghcup installation
2025-02-15 23:25:31.2490000 [client] INFO found ghcup at ghcup
2025-02-15 23:25:31.2490000 [client] INFO Executing 'ghcup --no-verbose whereis hls 2.9.0.1' in cwd '/home/john-walker'
2025-02-15 23:25:31.2590000 [client] INFO Checking for ghcup installation
2025-02-15 23:25:31.2670000 [client] INFO found ghcup at ghcup
2025-02-15 23:25:31.2670000 [client] INFO Executing 'ghcup --no-verbose whereis ghc 9.8.2' in cwd '/home/john-walker'
2025-02-15 23:25:31.2760000 [client] INFO Checking for ghcup installation
2025-02-15 23:25:31.2840000 [client] INFO found ghcup at ghcup
2025-02-15 23:25:31.2840000 [client] INFO Executing 'ghcup --no-verbose run --hls 2.9.0.1 --cabal 3.12.1.0 --stack 3.1.1 --ghc 9.8.2 --install' in cwd '/home/john-walker'
2025-02-15 23:25:31.3380000 [client] INFO Activating the language server in working dir: /home/john-walker/repos/pyrethrum (the workspace folder)
2025-02-15 23:25:31.3380000 [client] INFO run command: /home/john-walker/.ghcup/tmp/ghcup-ghc-9.8.2_cabal-3.12.1.0_hls-2.9.0.1_stack-3.1.1/haskell-language-server-wrapper --lsp -l haskell.log
2025-02-15 23:25:31.3380000 [client] INFO debug command: /home/john-walker/.ghcup/tmp/ghcup-ghc-9.8.2_cabal-3.12.1.0_hls-2.9.0.1_stack-3.1.1/haskell-language-server-wrapper --lsp -l haskell.log
2025-02-15 23:25:31.3380000 [client] INFO server cwd: /home/john-walker/repos/pyrethrum
2025-02-15 23:25:31.3380000 [client] INFO server environment variables:
2025-02-15 23:25:31.3380000 [client] INFO   PATH=/home/john-walker/.ghcup/tmp/ghcup-ghc-9.8.2_cabal-3.12.1.0_hls-2.9.0.1_stack-3.1.1:/home/john-walker/.cabal/bin:/home/john-walker/.ghcup/bin:/usr/local/sbin:/usr/local/bin:/usr/sbin:/usr/bin:/sbin:/bin:/usr/games:/usr/local/games:/snap/bin:/snap/bin
2025-02-15 23:25:31.3410000 [client] INFO Starting language server
2025-02-15T23:25:37.781787Z | Info | haskell-language-server version: 2.9.0.1 (GHC: 9.8.2) (PATH: /home/john-walker/.ghcup/hls/2.9.0.1/lib/haskell-language-server-2.9.0.1/bin/haskell-language-server-9.8.2)
2025-02-15T23:25:37.782815Z | Info | Directory: /home/john-walker/repos/pyrethrum
2025-02-15T23:25:37.782903Z | Info | Starting (haskell-language-server) LSP server...
  GhcideArguments {argsCommand = LSP, argsCwd = Nothing, argsShakeProfiling = Nothing, argsTesting = False, argsExamplePlugin = False, argsLogLevel = Info, argsLogFile = Just "haskell.log", argsLogStderr = True, argsLogClient = False, argsThreads = 0, argsProjectGhcVersion = False}
  PluginIds: [ pragmas-suggest
             , pragmas-completion
             , ghcide-code-actions-bindings
             , ghcide-extend-import-action
             , retrie
             , stylish-haskell
             , explicit-fields
             , ghcide-code-actions-type-signatures
             , ghcide-code-actions-fill-holes
             , stan
             , hlint
             , changeTypeSignature
             , ghcide-code-actions-imports-exports
             , cabal-fmt
             , notes
             , ghcide-completions
             , eval
             , ghcide-type-lenses
             , cabal
             , overloaded-record-dot
             , gadt
             , LSPRecorderCallback
             , importLens
             , floskell
             , codeRange
             , class
             , ormolu
             , qualifyImportedNames
             , ghcide-hover-and-symbols
             , alternateNumberFormat
             , rename
             , splice
             , moduleName
             , semanticTokens
             , fourmolu
             , cabal-gild
             , callHierarchy
             , ghcide-core
             , explicit-fixity
             , pragmas-disable ]
2025-02-15T23:25:37.785642Z | Info | Logging heap statistics every 60.00s
2025-02-15T23:25:37.792386Z | Info | Starting LSP server...
  If you are seeing this in a terminal, you probably should have run WITHOUT the --lsp option!
  PluginIds: [ pragmas-suggest
             , pragmas-completion
             , ghcide-code-actions-bindings
             , ghcide-extend-import-action
             , retrie
             , stylish-haskell
             , explicit-fields
             , ghcide-code-actions-type-signatures
             , ghcide-code-actions-fill-holes
             , stan
             , hlint
             , changeTypeSignature
             , ghcide-code-actions-imports-exports
             , cabal-fmt
             , notes
             , ghcide-completions
             , eval
             , ghcide-type-lenses
             , cabal
             , overloaded-record-dot
             , gadt
             , LSPRecorderCallback
             , importLens
             , floskell
             , codeRange
             , class
             , ormolu
             , qualifyImportedNames
             , ghcide-hover-and-symbols
             , alternateNumberFormat
             , rename
             , splice
             , moduleName
             , semanticTokens
             , fourmolu
             , cabal-gild
             , callHierarchy
             , ghcide-core
             , explicit-fixity
             , pragmas-disable ]
2025-02-15T23:25:37.792619Z | Info | Starting server
2025-02-15T23:25:37.802298Z | Info | Registering IDE configuration: IdeConfiguration {workspaceFolders = fromList [NormalizedUri 5631229711954350743 "file:///home/john-walker/repos/pyrethrum"], clientSettings = hashed Nothing}
2025-02-15T23:25:37.824150Z | Info | Started LSP server in 0.03s
2025-02-15T23:25:38.379833Z | Info | Cradle path: examples/WebDriverIO.hs
2025-02-15T23:25:38.379966Z | Warning | No [cradle](https://github.com/mpickering/hie-bios#hie-bios) found for examples/WebDriverIO.hs.
Proceeding with [implicit cradle](https://hackage.haskell.org/package/implicit-hie).
You should ignore this message, unless you see a 'Multi Cradle: No prefixes matched' error.
2025-02-15T23:25:38.380152Z | Info | invoking build tool to determine build flags (this may take some time depending on the cache)
2025-02-15T23:25:38.943745Z | Info | Load cabal cradle using single file
2025-02-15T23:25:39.314510Z | Info | cabal --builddir=/home/john-walker/.cache/hie-bios/dist-pyrethrum-c952af7174a9c1efe69842ae31b853b9 v2-repl --with-compiler /home/john-walker/.cache/hie-bios/wrapper-b54f81dea4c0e6d1626911c526bc4e36 --with-hc-pkg /home/john-walker/.cache/hie-bios/ghc-pkg-c538e288c0d6e5ffdb568fa7d22e7d76 /home/john-walker/repos/pyrethrum/examples/WebDriverIO.hs
  Environment Variables
    HIE_BIOS_OUTPUT: /tmp/HIE_BIOS_OUTPUT50148-0
    HIE_BIOS_GHC: /home/john-walker/.ghcup/ghc/9.8.2/lib/ghc-9.8.2/bin/ghc-9.8.2
    HIE_BIOS_GHC_ARGS: -B/home/john-walker/.ghcup/ghc/9.8.2/lib/ghc-9.8.2/lib
2025-02-15T23:25:40.652893Z | Info | Interface files cache directory: /home/john-walker/.cache/ghcide/pyrethrum-0.1.0.0-inplace-e6eb26b4593c476b9c38eb4b3420fc4715325c0a
2025-02-15T23:25:40.654960Z | Info | Making new HscEnv. In-place unit ids: [pyrethrum-0.1.0.0-inplace]
2025-02-15T23:26:37.823090Z | Info | Live bytes: 136.10MB Heap size: 1865.42MB
2025-02-15T23:27:37.849214Z | Info | Live bytes: 136.10MB Heap size: 1865.42MB
2025-02-15T23:28:37.886504Z | Info | Live bytes: 136.10MB Heap size: 1865.42MB
2025-02-15T23:29:37.936717Z | Info | Live bytes: 136.10MB Heap size: 1865.42MB
2025-02-15T23:30:37.945128Z | Info | Live bytes: 136.10MB Heap size: 1865.42MB
2025-02-15T23:31:37.977672Z | Info | Live bytes: 136.10MB Heap size: 1865.42MB
2025-02-15T23:32:38.010057Z | Info | Live bytes: 136.10MB Heap size: 1865.42MB
2025-02-15T23:33:38.042009Z | Info | Live bytes: 136.10MB Heap size: 1865.42MB
2025-02-15T23:34:38.073655Z | Info | Live bytes: 136.10MB Heap size: 1865.42MB
2025-02-15T23:35:38.133631Z | Info | Live bytes: 136.10MB Heap size: 1865.42MB
2025-02-15T23:36:38.177852Z | Info | Live bytes: 136.10MB Heap size: 1865.42MB
2025-02-15T23:37:38.198967Z | Info | Live bytes: 136.10MB Heap size: 1865.42MB
2025-02-15T23:38:38.232727Z | Info | Live bytes: 136.10MB Heap size: 1865.42MB
2025-02-15T23:39:38.264033Z | Info | Live bytes: 136.10MB Heap size: 1865.42MB
2025-02-15T23:40:38.312522Z | Info | Live bytes: 136.10MB Heap size: 1865.42MB
2025-02-15T23:41:38.361089Z | Info | Live bytes: 136.10MB Heap size: 1865.42MB
2025-02-15T23:42:38.421399Z | Info | Live bytes: 136.10MB Heap size: 1865.42MB
2025-02-15T23:43:38.453339Z | Info | Live bytes: 136.10MB Heap size: 1865.42MB
2025-02-15T23:44:38.513632Z | Info | Live bytes: 136.10MB Heap size: 1865.42MB
2025-02-15T23:45:38.563640Z | Info | Live bytes: 136.10MB Heap size: 1865.42MB
2025-02-15T23:46:38.592809Z | Info | Live bytes: 136.10MB Heap size: 1865.42MB
2025-02-15T23:47:38.619943Z | Info | Live bytes: 136.10MB Heap size: 1865.42MB
2025-02-15T23:48:38.649112Z | Info | Live bytes: 136.10MB Heap size: 1865.42MB
2025-02-15T23:49:38.691982Z | Info | Live bytes: 136.10MB Heap size: 1865.42MB
2025-02-15T23:50:38.718048Z | Info | Live bytes: 136.10MB Heap size: 1865.42MB
2025-02-15T23:51:38.742286Z | Info | Live bytes: 136.10MB Heap size: 1865.42MB
2025-02-15T23:52:38.802640Z | Info | Live bytes: 136.10MB Heap size: 1865.42MB
2025-02-15T23:53:38.826086Z | Info | Live bytes: 136.10MB Heap size: 1865.42MB
2025-02-15T23:54:38.886443Z | Info | Live bytes: 136.10MB Heap size: 1865.42MB
2025-02-15T23:55:38.923581Z | Info | Live bytes: 136.10MB Heap size: 1865.42MB
2025-02-15T23:56:38.955788Z | Info | Live bytes: 136.10MB Heap size: 1865.42MB
2025-02-15T23:57:38.997983Z | Info | Live bytes: 136.10MB Heap size: 1865.42MB
2025-02-15T23:58:39.051524Z | Info | Live bytes: 136.10MB Heap size: 1865.42MB
2025-02-15T23:59:39.054502Z | Info | Live bytes: 136.10MB Heap size: 1865.42MB
2025-02-16T00:00:39.068135Z | Info | Live bytes: 136.10MB Heap size: 1865.42MB
2025-02-16T00:01:39.077358Z | Info | Live bytes: 136.10MB Heap size: 1865.42MB
2025-02-16T00:02:39.093042Z | Info | Live bytes: 136.10MB Heap size: 1865.42MB
2025-02-16T00:03:39.097119Z | Info | Live bytes: 136.10MB Heap size: 1865.42MB
2025-02-16T00:04:39.142249Z | Info | Live bytes: 136.10MB Heap size: 1865.42MB
2025-02-16T00:05:39.145916Z | Info | Live bytes: 136.10MB Heap size: 1865.42MB
2025-02-16T00:06:39.206205Z | Info | Live bytes: 136.10MB Heap size: 1865.42MB
2025-02-16T00:07:39.249979Z | Info | Live bytes: 136.10MB Heap size: 1865.42MB
2025-02-16T00:08:39.310277Z | Info | Live bytes: 136.10MB Heap size: 1865.42MB
2025-02-16T00:09:39.356768Z | Info | Live bytes: 136.10MB Heap size: 1865.42MB
2025-02-16T00:10:39.414017Z | Info | Live bytes: 136.10MB Heap size: 1865.42MB
2025-02-16T00:11:39.474719Z | Info | Live bytes: 136.10MB Heap size: 1865.42MB
2025-02-16T00:12:39.535765Z | Info | Live bytes: 136.10MB Heap size: 1865.42MB
2025-02-16T00:13:39.596095Z | Info | Live bytes: 136.10MB Heap size: 1865.42MB
2025-02-16T00:14:39.602108Z | Info | Live bytes: 136.10MB Heap size: 1865.42MB
2025-02-16T00:15:39.628792Z | Info | Live bytes: 136.10MB Heap size: 1865.42MB
2025-02-16T00:16:39.668254Z | Info | Live bytes: 136.10MB Heap size: 1865.42MB
2025-02-16T00:17:39.701096Z | Info | Live bytes: 136.10MB Heap size: 1865.42MB
2025-02-16T00:18:39.737032Z | Info | Live bytes: 136.10MB Heap size: 1865.42MB
2025-02-16T00:19:39.763854Z | Info | Live bytes: 136.10MB Heap size: 1865.42MB
2025-02-16T00:20:39.784129Z | Info | Live bytes: 136.10MB Heap size: 1865.42MB
2025-02-16T00:21:39.800341Z | Info | Live bytes: 136.10MB Heap size: 1865.42MB
2025-02-16T00:22:39.861034Z | Info | Live bytes: 136.10MB Heap size: 1865.42MB
2025-02-16T00:23:39.905643Z | Info | Live bytes: 136.10MB Heap size: 1865.42MB
2025-02-16T00:24:39.936682Z | Info | Live bytes: 136.10MB Heap size: 1865.42MB
2025-02-16T00:25:39.997353Z | Info | Live bytes: 136.10MB Heap size: 1865.42MB
2025-02-16T00:26:40.050541Z | Info | Live bytes: 136.10MB Heap size: 1865.42MB
2025-02-16T00:27:40.110637Z | Info | Live bytes: 136.10MB Heap size: 1865.42MB
2025-02-16T00:28:40.171284Z | Info | Live bytes: 136.10MB Heap size: 1865.42MB
2025-02-16T00:29:40.203820Z | Info | Live bytes: 136.10MB Heap size: 1865.42MB
2025-02-16T00:30:40.218038Z | Info | Live bytes: 136.10MB Heap size: 1865.42MB
2025-02-16T00:31:40.278318Z | Info | Live bytes: 136.10MB Heap size: 1865.42MB
2025-02-16T00:32:40.338604Z | Info | Live bytes: 136.10MB Heap size: 1865.42MB
2025-02-16T00:33:40.399280Z | Info | Live bytes: 136.10MB Heap size: 1865.42MB
2025-02-16T00:34:40.425742Z | Info | Live bytes: 136.10MB Heap size: 1865.42MB
2025-02-16T00:35:40.486077Z | Info | Live bytes: 136.10MB Heap size: 1865.42MB
2025-02-16T00:36:40.504902Z | Info | Live bytes: 136.10MB Heap size: 1865.42MB
2025-02-16T00:37:40.545563Z | Info | Live bytes: 136.10MB Heap size: 1865.42MB
2025-02-16T00:38:40.605831Z | Info | Live bytes: 136.10MB Heap size: 1865.42MB
2025-02-16T00:39:40.666091Z | Info | Live bytes: 136.10MB Heap size: 1865.42MB
2025-02-16T00:40:40.692956Z | Info | Live bytes: 136.10MB Heap size: 1865.42MB
2025-02-16T00:41:40.752633Z | Info | Live bytes: 136.10MB Heap size: 1865.42MB
2025-02-16T00:42:40.795094Z | Info | Live bytes: 136.10MB Heap size: 1865.42MB
2025-02-16T00:43:40.855708Z | Info | Live bytes: 136.10MB Heap size: 1865.42MB
2025-02-16T00:44:40.859846Z | Info | Live bytes: 136.10MB Heap size: 1865.42MB
2025-02-16T00:45:40.891712Z | Info | Live bytes: 136.10MB Heap size: 1865.42MB
2025-02-16T00:46:40.897935Z | Info | Live bytes: 136.10MB Heap size: 1865.42MB
2025-02-16T00:47:40.924145Z | Info | Live bytes: 136.10MB Heap size: 1865.42MB
2025-02-16T00:48:40.930271Z | Info | Live bytes: 136.10MB Heap size: 1865.42MB
2025-02-16T00:49:40.985666Z | Info | Live bytes: 136.10MB Heap size: 1865.42MB
2025-02-16T00:50:41.021667Z | Info | Live bytes: 136.10MB Heap size: 1865.42MB
2025-02-16T00:51:41.082306Z | Info | Live bytes: 136.10MB Heap size: 1865.42MB
2025-02-16T00:52:41.142605Z | Info | Live bytes: 136.10MB Heap size: 1865.42MB
2025-02-16T00:53:41.162865Z | Info | Live bytes: 136.10MB Heap size: 1865.42MB
2025-02-16T00:54:41.189486Z | Info | Live bytes: 136.10MB Heap size: 1865.42MB
2025-02-16T00:55:05.366893Z | Info | LSP: received shutdown
2025-02-16T00:55:05.367700Z | Info | Reactor thread stopped
2025-02-16T00:55:05.370886Z | Error | Got EOF
2025-02-16 00:55:13.4890000 [client] INFO Writing client log to file /home/john-walker/repos/pyrethrum/haskell.log
2025-02-16 00:55:13.4900000 [client] INFO Finding haskell-language-server
2025-02-16 00:55:13.4900000 [client] INFO Checking for ghcup installation
2025-02-16 00:55:13.4940000 [client] INFO found ghcup at ghcup
2025-02-16 00:55:13.4940000 [client] INFO Executing 'ghcup --no-verbose upgrade' in cwd '/home/john-walker'
2025-02-16 00:55:14.3450000 [client] INFO Checking for ghcup installation
2025-02-16 00:55:14.3480000 [client] INFO found ghcup at ghcup
2025-02-16 00:55:14.3490000 [client] INFO Executing 'ghcup --no-verbose list -t hls -c installed -r' in cwd '/home/john-walker'
2025-02-16 00:55:14.4910000 [client] INFO Checking for ghcup installation
2025-02-16 00:55:14.4950000 [client] INFO found ghcup at ghcup
2025-02-16 00:55:14.4950000 [client] INFO Executing 'ghcup --no-verbose list -t cabal -c installed -r' in cwd '/home/john-walker'
2025-02-16 00:55:14.5530000 [client] INFO Checking for ghcup installation
2025-02-16 00:55:14.5580000 [client] INFO found ghcup at ghcup
2025-02-16 00:55:14.5580000 [client] INFO Executing 'ghcup --no-verbose list -t stack -c installed -r' in cwd '/home/john-walker'
2025-02-16 00:55:14.7240000 [client] INFO Checking for ghcup installation
2025-02-16 00:55:14.7280000 [client] INFO found ghcup at ghcup
2025-02-16 00:55:14.7280000 [client] INFO Executing 'ghcup --no-verbose whereis hls 2.9.0.1' in cwd '/home/john-walker'
2025-02-16 00:55:14.7400000 [client] INFO Checking for ghcup installation
2025-02-16 00:55:14.7440000 [client] INFO found ghcup at ghcup
2025-02-16 00:55:14.7440000 [client] INFO Executing 'ghcup --no-verbose whereis cabal 3.12.1.0' in cwd '/home/john-walker'
2025-02-16 00:55:14.7570000 [client] INFO Checking for ghcup installation
2025-02-16 00:55:14.7600000 [client] INFO found ghcup at ghcup
2025-02-16 00:55:14.7600000 [client] INFO Executing 'ghcup --no-verbose whereis stack 3.1.1' in cwd '/home/john-walker'
2025-02-16 00:55:14.7690000 [client] INFO Executing 'ghc --numeric-version' in cwd '/home/john-walker'
2025-02-16 00:55:14.8380000 [client] INFO Checking for ghcup installation
2025-02-16 00:55:14.8430000 [client] INFO found ghcup at ghcup
2025-02-16 00:55:14.8440000 [client] INFO Executing 'ghcup --no-verbose run --hls 2.9.0.1 --cabal 3.12.1.0 --stack 3.1.1 --install' in cwd '/home/john-walker'
2025-02-16 00:55:14.8960000 [client] INFO Working out the project GHC version. This might take a while...
2025-02-16 00:55:14.8970000 [client] INFO Executing 'haskell-language-server-wrapper --project-ghc-version' in cwd '/home/john-walker/repos/pyrethrum'
2025-02-16 00:55:25.6670000 [client] INFO Writing client log to file /home/john-walker/repos/pyrethrum/haskell.log
2025-02-16 00:55:25.6670000 [client] INFO Finding haskell-language-server
2025-02-16 00:55:25.6680000 [client] INFO Checking for ghcup installation
2025-02-16 00:55:25.6720000 [client] INFO found ghcup at ghcup
2025-02-16 00:55:25.6730000 [client] INFO Executing 'ghcup --no-verbose upgrade' in cwd '/home/john-walker'
2025-02-16 00:55:25.7370000 [client] INFO Checking for ghcup installation
2025-02-16 00:55:25.7410000 [client] INFO found ghcup at ghcup
2025-02-16 00:55:25.7410000 [client] INFO Executing 'ghcup --no-verbose list -t hls -c installed -r' in cwd '/home/john-walker'
2025-02-16 00:55:25.7940000 [client] INFO Checking for ghcup installation
2025-02-16 00:55:25.7970000 [client] INFO found ghcup at ghcup
2025-02-16 00:55:25.7980000 [client] INFO Executing 'ghcup --no-verbose list -t cabal -c installed -r' in cwd '/home/john-walker'
2025-02-16 00:55:25.8470000 [client] INFO Checking for ghcup installation
2025-02-16 00:55:25.8500000 [client] INFO found ghcup at ghcup
2025-02-16 00:55:25.8510000 [client] INFO Executing 'ghcup --no-verbose list -t stack -c installed -r' in cwd '/home/john-walker'
2025-02-16 00:55:25.9020000 [client] INFO Checking for ghcup installation
2025-02-16 00:55:25.9040000 [client] INFO found ghcup at ghcup
2025-02-16 00:55:25.9040000 [client] INFO Executing 'ghcup --no-verbose whereis hls 2.9.0.1' in cwd '/home/john-walker'
2025-02-16 00:55:25.9090000 [client] INFO Checking for ghcup installation
2025-02-16 00:55:25.9120000 [client] INFO found ghcup at ghcup
2025-02-16 00:55:25.9130000 [client] INFO Executing 'ghcup --no-verbose whereis cabal 3.12.1.0' in cwd '/home/john-walker'
2025-02-16 00:55:25.9170000 [client] INFO Checking for ghcup installation
2025-02-16 00:55:25.9200000 [client] INFO found ghcup at ghcup
2025-02-16 00:55:25.9200000 [client] INFO Executing 'ghcup --no-verbose whereis stack 3.1.1' in cwd '/home/john-walker'
2025-02-16 00:55:25.9280000 [client] INFO Executing 'ghc --numeric-version' in cwd '/home/john-walker'
2025-02-16 00:55:25.9440000 [client] INFO Checking for ghcup installation
2025-02-16 00:55:25.9480000 [client] INFO found ghcup at ghcup
2025-02-16 00:55:25.9480000 [client] INFO Executing 'ghcup --no-verbose run --hls 2.9.0.1 --cabal 3.12.1.0 --stack 3.1.1 --install' in cwd '/home/john-walker'
2025-02-16 00:55:25.9990000 [client] INFO Working out the project GHC version. This might take a while...
2025-02-16 00:55:25.9990000 [client] INFO Executing 'haskell-language-server-wrapper --project-ghc-version' in cwd '/home/john-walker/repos/pyrethrum'
2025-02-16 00:55:27.0590000 [client] INFO The GHC version for the project or file: 9.8.2
2025-02-16 00:55:29.4300000 [client] INFO Platform constants: Linux_UnknownLinux, A_64
2025-02-16 00:55:29.4300000 [client] INFO Checking for ghcup installation
2025-02-16 00:55:29.4400000 [client] INFO found ghcup at ghcup
2025-02-16 00:55:29.4400000 [client] INFO Executing 'ghcup --no-verbose list -t hls -c installed -r' in cwd '/home/john-walker'
2025-02-16 00:55:29.4930000 [client] INFO Checking for ghcup installation
2025-02-16 00:55:29.5020000 [client] INFO found ghcup at ghcup
2025-02-16 00:55:29.5030000 [client] INFO Executing 'ghcup --no-verbose whereis bindir' in cwd '/home/john-walker'
2025-02-16 00:55:29.5120000 [client] INFO Checking for ghcup installation
2025-02-16 00:55:29.5210000 [client] INFO found ghcup at ghcup
2025-02-16 00:55:29.5210000 [client] INFO Executing 'ghcup --no-verbose whereis hls 2.9.0.1' in cwd '/home/john-walker'
2025-02-16 00:55:29.5300000 [client] INFO Checking for ghcup installation
2025-02-16 00:55:29.5380000 [client] INFO found ghcup at ghcup
2025-02-16 00:55:29.5380000 [client] INFO Executing 'ghcup --no-verbose whereis ghc 9.8.2' in cwd '/home/john-walker'
2025-02-16 00:55:29.5470000 [client] INFO Checking for ghcup installation
2025-02-16 00:55:29.5550000 [client] INFO found ghcup at ghcup
2025-02-16 00:55:29.5560000 [client] INFO Executing 'ghcup --no-verbose run --hls 2.9.0.1 --cabal 3.12.1.0 --stack 3.1.1 --ghc 9.8.2 --install' in cwd '/home/john-walker'
2025-02-16 00:55:29.6110000 [client] INFO Activating the language server in working dir: /home/john-walker/repos/pyrethrum (the workspace folder)
2025-02-16 00:55:29.6110000 [client] INFO run command: /home/john-walker/.ghcup/tmp/ghcup-ghc-9.8.2_cabal-3.12.1.0_hls-2.9.0.1_stack-3.1.1/haskell-language-server-wrapper --lsp -l haskell.log
2025-02-16 00:55:29.6110000 [client] INFO debug command: /home/john-walker/.ghcup/tmp/ghcup-ghc-9.8.2_cabal-3.12.1.0_hls-2.9.0.1_stack-3.1.1/haskell-language-server-wrapper --lsp -l haskell.log
2025-02-16 00:55:29.6110000 [client] INFO server cwd: /home/john-walker/repos/pyrethrum
2025-02-16 00:55:29.6110000 [client] INFO server environment variables:
2025-02-16 00:55:29.6110000 [client] INFO   PATH=/home/john-walker/.ghcup/tmp/ghcup-ghc-9.8.2_cabal-3.12.1.0_hls-2.9.0.1_stack-3.1.1:/home/john-walker/Apps:/home/john-walker/.cabal/bin:/home/john-walker/.ghcup/bin:/usr/local/sbin:/usr/local/bin:/usr/sbin:/usr/bin:/sbin:/bin:/usr/games:/usr/local/games:/snap/bin:/snap/bin
2025-02-16 00:55:29.6130000 [client] INFO Starting language server
2025-02-16T00:55:36.551380Z | Info | haskell-language-server version: 2.9.0.1 (GHC: 9.8.2) (PATH: /home/john-walker/.ghcup/hls/2.9.0.1/lib/haskell-language-server-2.9.0.1/bin/haskell-language-server-9.8.2)
2025-02-16T00:55:36.552010Z | Info | Directory: /home/john-walker/repos/pyrethrum
2025-02-16T00:55:36.552132Z | Info | Starting (haskell-language-server) LSP server...
  GhcideArguments {argsCommand = LSP, argsCwd = Nothing, argsShakeProfiling = Nothing, argsTesting = False, argsExamplePlugin = False, argsLogLevel = Info, argsLogFile = Just "haskell.log", argsLogStderr = True, argsLogClient = False, argsThreads = 0, argsProjectGhcVersion = False}
  PluginIds: [ pragmas-suggest
             , pragmas-completion
             , ghcide-code-actions-bindings
             , ghcide-extend-import-action
             , retrie
             , stylish-haskell
             , explicit-fields
             , ghcide-code-actions-type-signatures
             , ghcide-code-actions-fill-holes
             , stan
             , hlint
             , changeTypeSignature
             , ghcide-code-actions-imports-exports
             , cabal-fmt
             , notes
             , ghcide-completions
             , eval
             , ghcide-type-lenses
             , cabal
             , overloaded-record-dot
             , gadt
             , LSPRecorderCallback
             , importLens
             , floskell
             , codeRange
             , class
             , ormolu
             , qualifyImportedNames
             , ghcide-hover-and-symbols
             , alternateNumberFormat
             , rename
             , splice
             , moduleName
             , semanticTokens
             , fourmolu
             , cabal-gild
             , callHierarchy
             , ghcide-core
             , explicit-fixity
             , pragmas-disable ]
2025-02-16T00:55:36.553552Z | Info | Logging heap statistics every 60.00s
2025-02-16T00:55:36.560299Z | Info | Starting LSP server...
  If you are seeing this in a terminal, you probably should have run WITHOUT the --lsp option!
  PluginIds: [ pragmas-suggest
             , pragmas-completion
             , ghcide-code-actions-bindings
             , ghcide-extend-import-action
             , retrie
             , stylish-haskell
             , explicit-fields
             , ghcide-code-actions-type-signatures
             , ghcide-code-actions-fill-holes
             , stan
             , hlint
             , changeTypeSignature
             , ghcide-code-actions-imports-exports
             , cabal-fmt
             , notes
             , ghcide-completions
             , eval
             , ghcide-type-lenses
             , cabal
             , overloaded-record-dot
             , gadt
             , LSPRecorderCallback
             , importLens
             , floskell
             , codeRange
             , class
             , ormolu
             , qualifyImportedNames
             , ghcide-hover-and-symbols
             , alternateNumberFormat
             , rename
             , splice
             , moduleName
             , semanticTokens
             , fourmolu
             , cabal-gild
             , callHierarchy
             , ghcide-core
             , explicit-fixity
             , pragmas-disable ]
2025-02-16T00:55:36.560488Z | Info | Starting server
2025-02-16T00:55:36.561557Z | Info | Registering IDE configuration: IdeConfiguration {workspaceFolders = fromList [NormalizedUri 5631229711954350743 "file:///home/john-walker/repos/pyrethrum"], clientSettings = hashed Nothing}
2025-02-16T00:55:36.572777Z | Info | Started LSP server in 0.01s
2025-02-16T00:55:37.176140Z | Info | LSP: received shutdown
2025-02-16T00:55:37.176411Z | Info | Reactor thread stopped
2025-02-16T00:55:37.181126Z | Error | Got EOF
2025-02-18 06:55:51.7490000 [client] INFO Writing client log to file /home/john-walker/repos/pyrethrum/haskell.log
2025-02-18 06:55:51.7500000 [client] INFO Finding haskell-language-server
2025-02-18 06:55:51.7510000 [client] INFO Checking for ghcup installation
2025-02-18 06:55:51.7550000 [client] INFO found ghcup at ghcup
2025-02-18 06:55:51.7550000 [client] INFO Executing 'ghcup --no-verbose upgrade' in cwd '/home/john-walker'
2025-02-18 06:55:52.6140000 [client] INFO Checking for ghcup installation
2025-02-18 06:55:52.6180000 [client] INFO found ghcup at ghcup
2025-02-18 06:55:52.6180000 [client] INFO Executing 'ghcup --no-verbose list -t hls -c installed -r' in cwd '/home/john-walker'
2025-02-18 06:55:52.7950000 [client] INFO Checking for ghcup installation
2025-02-18 06:55:52.7990000 [client] INFO found ghcup at ghcup
2025-02-18 06:55:52.7990000 [client] INFO Executing 'ghcup --no-verbose list -t cabal -c installed -r' in cwd '/home/john-walker'
2025-02-18 06:55:52.8900000 [client] INFO Checking for ghcup installation
2025-02-18 06:55:52.8950000 [client] INFO found ghcup at ghcup
2025-02-18 06:55:52.8950000 [client] INFO Executing 'ghcup --no-verbose list -t stack -c installed -r' in cwd '/home/john-walker'
2025-02-18 06:55:53.0690000 [client] INFO Checking for ghcup installation
2025-02-18 06:55:53.0730000 [client] INFO found ghcup at ghcup
2025-02-18 06:55:53.0730000 [client] INFO Executing 'ghcup --no-verbose whereis hls 2.9.0.1' in cwd '/home/john-walker'
2025-02-18 06:55:53.1270000 [client] INFO Checking for ghcup installation
2025-02-18 06:55:53.1320000 [client] INFO found ghcup at ghcup
2025-02-18 06:55:53.1320000 [client] INFO Executing 'ghcup --no-verbose whereis cabal 3.12.1.0' in cwd '/home/john-walker'
2025-02-18 06:55:53.1600000 [client] INFO Checking for ghcup installation
2025-02-18 06:55:53.1650000 [client] INFO found ghcup at ghcup
2025-02-18 06:55:53.1650000 [client] INFO Executing 'ghcup --no-verbose whereis stack 3.1.1' in cwd '/home/john-walker'
2025-02-18 06:55:53.1780000 [client] INFO Executing 'ghc --numeric-version' in cwd '/home/john-walker'
2025-02-18 06:55:53.7120000 [client] INFO Checking for ghcup installation
2025-02-18 06:55:53.7220000 [client] INFO found ghcup at ghcup
2025-02-18 06:55:53.7220000 [client] INFO Executing 'ghcup --no-verbose run --hls 2.9.0.1 --cabal 3.12.1.0 --stack 3.1.1 --install' in cwd '/home/john-walker'
2025-02-18 06:55:54.0050000 [client] INFO Working out the project GHC version. This might take a while...
2025-02-18 06:55:54.0050000 [client] INFO Executing 'haskell-language-server-wrapper --project-ghc-version' in cwd '/home/john-walker/repos/pyrethrum'
2025-02-18 06:56:00.6810000 [client] INFO The GHC version for the project or file: 9.8.2
2025-02-18 06:56:01.8910000 [client] INFO Platform constants: Linux_UnknownLinux, A_64
2025-02-18 06:56:01.8910000 [client] INFO Checking for ghcup installation
2025-02-18 06:56:01.9020000 [client] INFO found ghcup at ghcup
2025-02-18 06:56:01.9020000 [client] INFO Executing 'ghcup --no-verbose list -t hls -c installed -r' in cwd '/home/john-walker'
2025-02-18 06:56:01.9550000 [client] INFO Checking for ghcup installation
2025-02-18 06:56:01.9630000 [client] INFO found ghcup at ghcup
2025-02-18 06:56:01.9630000 [client] INFO Executing 'ghcup --no-verbose whereis bindir' in cwd '/home/john-walker'
2025-02-18 06:56:01.9720000 [client] INFO Checking for ghcup installation
2025-02-18 06:56:01.9810000 [client] INFO found ghcup at ghcup
2025-02-18 06:56:01.9810000 [client] INFO Executing 'ghcup --no-verbose whereis hls 2.9.0.1' in cwd '/home/john-walker'
2025-02-18 06:56:01.9910000 [client] INFO Checking for ghcup installation
2025-02-18 06:56:01.9990000 [client] INFO found ghcup at ghcup
2025-02-18 06:56:01.9990000 [client] INFO Executing 'ghcup --no-verbose whereis ghc 9.8.2' in cwd '/home/john-walker'
2025-02-18 06:56:02.0090000 [client] INFO Checking for ghcup installation
2025-02-18 06:56:02.0170000 [client] INFO found ghcup at ghcup
2025-02-18 06:56:02.0180000 [client] INFO Executing 'ghcup --no-verbose run --hls 2.9.0.1 --cabal 3.12.1.0 --stack 3.1.1 --ghc 9.8.2 --install' in cwd '/home/john-walker'
2025-02-18 06:56:02.0730000 [client] INFO Activating the language server in working dir: /home/john-walker/repos/pyrethrum (the workspace folder)
2025-02-18 06:56:02.0730000 [client] INFO run command: /home/john-walker/.ghcup/tmp/ghcup-ghc-9.8.2_cabal-3.12.1.0_hls-2.9.0.1_stack-3.1.1/haskell-language-server-wrapper --lsp -l haskell.log
2025-02-18 06:56:02.0730000 [client] INFO debug command: /home/john-walker/.ghcup/tmp/ghcup-ghc-9.8.2_cabal-3.12.1.0_hls-2.9.0.1_stack-3.1.1/haskell-language-server-wrapper --lsp -l haskell.log
2025-02-18 06:56:02.0730000 [client] INFO server cwd: /home/john-walker/repos/pyrethrum
2025-02-18 06:56:02.0730000 [client] INFO server environment variables:
2025-02-18 06:56:02.0730000 [client] INFO   PATH=/home/john-walker/.ghcup/tmp/ghcup-ghc-9.8.2_cabal-3.12.1.0_hls-2.9.0.1_stack-3.1.1:/home/john-walker/Apps:/home/john-walker/.cabal/bin:/home/john-walker/.ghcup/bin:/usr/local/sbin:/usr/local/bin:/usr/sbin:/usr/bin:/sbin:/bin:/usr/games:/usr/local/games:/snap/bin:/snap/bin
2025-02-18 06:56:02.0750000 [client] INFO Starting language server
2025-02-18T06:56:08.771233Z | Info | haskell-language-server version: 2.9.0.1 (GHC: 9.8.2) (PATH: /home/john-walker/.ghcup/hls/2.9.0.1/lib/haskell-language-server-2.9.0.1/bin/haskell-language-server-9.8.2)
2025-02-18T06:56:08.772311Z | Info | Directory: /home/john-walker/repos/pyrethrum
2025-02-18T06:56:08.772402Z | Info | Starting (haskell-language-server) LSP server...
  GhcideArguments {argsCommand = LSP, argsCwd = Nothing, argsShakeProfiling = Nothing, argsTesting = False, argsExamplePlugin = False, argsLogLevel = Info, argsLogFile = Just "haskell.log", argsLogStderr = True, argsLogClient = False, argsThreads = 0, argsProjectGhcVersion = False}
  PluginIds: [ pragmas-suggest
             , pragmas-completion
             , ghcide-code-actions-bindings
             , ghcide-extend-import-action
             , retrie
             , stylish-haskell
             , explicit-fields
             , ghcide-code-actions-type-signatures
             , ghcide-code-actions-fill-holes
             , stan
             , hlint
             , changeTypeSignature
             , ghcide-code-actions-imports-exports
             , cabal-fmt
             , notes
             , ghcide-completions
             , eval
             , ghcide-type-lenses
             , cabal
             , overloaded-record-dot
             , gadt
             , LSPRecorderCallback
             , importLens
             , floskell
             , codeRange
             , class
             , ormolu
             , qualifyImportedNames
             , ghcide-hover-and-symbols
             , alternateNumberFormat
             , rename
             , splice
             , moduleName
             , semanticTokens
             , fourmolu
             , cabal-gild
             , callHierarchy
             , ghcide-core
             , explicit-fixity
             , pragmas-disable ]
2025-02-18T06:56:08.773762Z | Info | Logging heap statistics every 60.00s
2025-02-18T06:56:08.780775Z | Info | Starting LSP server...
  If you are seeing this in a terminal, you probably should have run WITHOUT the --lsp option!
  PluginIds: [ pragmas-suggest
             , pragmas-completion
             , ghcide-code-actions-bindings
             , ghcide-extend-import-action
             , retrie
             , stylish-haskell
             , explicit-fields
             , ghcide-code-actions-type-signatures
             , ghcide-code-actions-fill-holes
             , stan
             , hlint
             , changeTypeSignature
             , ghcide-code-actions-imports-exports
             , cabal-fmt
             , notes
             , ghcide-completions
             , eval
             , ghcide-type-lenses
             , cabal
             , overloaded-record-dot
             , gadt
             , LSPRecorderCallback
             , importLens
             , floskell
             , codeRange
             , class
             , ormolu
             , qualifyImportedNames
             , ghcide-hover-and-symbols
             , alternateNumberFormat
             , rename
             , splice
             , moduleName
             , semanticTokens
             , fourmolu
             , cabal-gild
             , callHierarchy
             , ghcide-core
             , explicit-fixity
             , pragmas-disable ]
2025-02-18T06:56:08.780984Z | Info | Starting server
2025-02-18T06:56:08.790341Z | Info | Registering IDE configuration: IdeConfiguration {workspaceFolders = fromList [NormalizedUri 5631229711954350743 "file:///home/john-walker/repos/pyrethrum"], clientSettings = hashed Nothing}
2025-02-18T06:56:08.811824Z | Info | Started LSP server in 0.03s
2025-02-18T06:56:09.366052Z | Info | Cradle path: examples/WebDriverIO.hs
2025-02-18T06:56:09.366199Z | Warning | No [cradle](https://github.com/mpickering/hie-bios#hie-bios) found for examples/WebDriverIO.hs.
Proceeding with [implicit cradle](https://hackage.haskell.org/package/implicit-hie).
You should ignore this message, unless you see a 'Multi Cradle: No prefixes matched' error.
2025-02-18T06:56:09.366409Z | Info | invoking build tool to determine build flags (this may take some time depending on the cache)
2025-02-18T06:56:09.929537Z | Info | Load cabal cradle using single file
2025-02-18T06:56:10.307504Z | Info | cabal --builddir=/home/john-walker/.cache/hie-bios/dist-pyrethrum-c952af7174a9c1efe69842ae31b853b9 v2-repl --with-compiler /home/john-walker/.cache/hie-bios/wrapper-b54f81dea4c0e6d1626911c526bc4e36 --with-hc-pkg /home/john-walker/.cache/hie-bios/ghc-pkg-c538e288c0d6e5ffdb568fa7d22e7d76 /home/john-walker/repos/pyrethrum/examples/WebDriverIO.hs
  Environment Variables
    HIE_BIOS_OUTPUT: /tmp/HIE_BIOS_OUTPUT24380-0
    HIE_BIOS_GHC: /home/john-walker/.ghcup/ghc/9.8.2/lib/ghc-9.8.2/bin/ghc-9.8.2
    HIE_BIOS_GHC_ARGS: -B/home/john-walker/.ghcup/ghc/9.8.2/lib/ghc-9.8.2/lib
2025-02-18T06:56:10.778603Z | Warning | LSP: no handler for: "$/setTrace"
2025-02-18T06:56:11.686491Z | Info | Interface files cache directory: /home/john-walker/.cache/ghcide/pyrethrum-0.1.0.0-inplace-e6eb26b4593c476b9c38eb4b3420fc4715325c0a
2025-02-18T06:56:11.688530Z | Info | Making new HscEnv. In-place unit ids: [pyrethrum-0.1.0.0-inplace]
2025-02-18T06:56:26.841048Z | Warning | LSP: no handler for: "$/setTrace"
2025-02-18T06:57:08.789889Z | Info | Live bytes: 134.04MB Heap size: 1861.22MB
2025-02-18T06:58:08.841449Z | Info | Live bytes: 134.04MB Heap size: 1861.22MB
2025-02-18T06:58:22.026958Z | Error | Got EOF
2025-02-18 07:01:17.7940000 [client] INFO Writing client log to file /home/john-walker/repos/pyrethrum/haskell.log
2025-02-18 07:01:17.7950000 [client] INFO Finding haskell-language-server
2025-02-18 07:01:17.7950000 [client] INFO Checking for ghcup installation
2025-02-18 07:01:17.7990000 [client] INFO found ghcup at ghcup
2025-02-18 07:01:17.7990000 [client] INFO Executing 'ghcup --no-verbose upgrade' in cwd '/home/john-walker'
2025-02-18 07:01:18.6740000 [client] INFO Checking for ghcup installation
2025-02-18 07:01:18.6760000 [client] INFO found ghcup at ghcup
2025-02-18 07:01:18.6760000 [client] INFO Executing 'ghcup --no-verbose list -t hls -c installed -r' in cwd '/home/john-walker'
2025-02-18 07:01:18.8190000 [client] INFO Checking for ghcup installation
2025-02-18 07:01:18.8230000 [client] INFO found ghcup at ghcup
2025-02-18 07:01:18.8230000 [client] INFO Executing 'ghcup --no-verbose list -t cabal -c installed -r' in cwd '/home/john-walker'
2025-02-18 07:01:18.8990000 [client] INFO Checking for ghcup installation
2025-02-18 07:01:18.9030000 [client] INFO found ghcup at ghcup
2025-02-18 07:01:18.9030000 [client] INFO Executing 'ghcup --no-verbose list -t stack -c installed -r' in cwd '/home/john-walker'
2025-02-18 07:01:19.0610000 [client] INFO Checking for ghcup installation
2025-02-18 07:01:19.0650000 [client] INFO found ghcup at ghcup
2025-02-18 07:01:19.0650000 [client] INFO Executing 'ghcup --no-verbose whereis hls 2.9.0.1' in cwd '/home/john-walker'
2025-02-18 07:01:19.0850000 [client] INFO Checking for ghcup installation
2025-02-18 07:01:19.0890000 [client] INFO found ghcup at ghcup
2025-02-18 07:01:19.0890000 [client] INFO Executing 'ghcup --no-verbose whereis cabal 3.12.1.0' in cwd '/home/john-walker'
2025-02-18 07:01:19.1120000 [client] INFO Checking for ghcup installation
2025-02-18 07:01:19.1150000 [client] INFO found ghcup at ghcup
2025-02-18 07:01:19.1160000 [client] INFO Executing 'ghcup --no-verbose whereis stack 3.1.1' in cwd '/home/john-walker'
2025-02-18 07:01:19.1260000 [client] INFO Executing 'ghc --numeric-version' in cwd '/home/john-walker'
2025-02-18 07:01:19.2260000 [client] INFO Checking for ghcup installation
2025-02-18 07:01:19.2310000 [client] INFO found ghcup at ghcup
2025-02-18 07:01:19.2320000 [client] INFO Executing 'ghcup --no-verbose run --hls 2.9.0.1 --cabal 3.12.1.0 --stack 3.1.1 --install' in cwd '/home/john-walker'
2025-02-18 07:01:19.2920000 [client] INFO Working out the project GHC version. This might take a while...
2025-02-18 07:01:19.2930000 [client] INFO Executing 'haskell-language-server-wrapper --project-ghc-version' in cwd '/home/john-walker/repos/pyrethrum'
2025-02-18 07:01:24.7650000 [client] INFO The GHC version for the project or file: 9.8.2
2025-02-18 07:01:26.0210000 [client] INFO Platform constants: Linux_UnknownLinux, A_64
2025-02-18 07:01:26.0210000 [client] INFO Checking for ghcup installation
2025-02-18 07:01:26.0290000 [client] INFO found ghcup at ghcup
2025-02-18 07:01:26.0300000 [client] INFO Executing 'ghcup --no-verbose list -t hls -c installed -r' in cwd '/home/john-walker'
2025-02-18 07:01:26.0790000 [client] INFO Checking for ghcup installation
2025-02-18 07:01:26.0880000 [client] INFO found ghcup at ghcup
2025-02-18 07:01:26.0880000 [client] INFO Executing 'ghcup --no-verbose whereis bindir' in cwd '/home/john-walker'
2025-02-18 07:01:26.0950000 [client] INFO Checking for ghcup installation
2025-02-18 07:01:26.1010000 [client] INFO found ghcup at ghcup
2025-02-18 07:01:26.1010000 [client] INFO Executing 'ghcup --no-verbose whereis hls 2.9.0.1' in cwd '/home/john-walker'
2025-02-18 07:01:26.1100000 [client] INFO Checking for ghcup installation
2025-02-18 07:01:26.1170000 [client] INFO found ghcup at ghcup
2025-02-18 07:01:26.1180000 [client] INFO Executing 'ghcup --no-verbose whereis ghc 9.8.2' in cwd '/home/john-walker'
2025-02-18 07:01:26.1260000 [client] INFO Checking for ghcup installation
2025-02-18 07:01:26.1340000 [client] INFO found ghcup at ghcup
2025-02-18 07:01:26.1340000 [client] INFO Executing 'ghcup --no-verbose run --hls 2.9.0.1 --cabal 3.12.1.0 --stack 3.1.1 --ghc 9.8.2 --install' in cwd '/home/john-walker'
2025-02-18 07:01:26.1870000 [client] INFO Activating the language server in working dir: /home/john-walker/repos/pyrethrum (the workspace folder)
2025-02-18 07:01:26.1880000 [client] INFO run command: /home/john-walker/.ghcup/tmp/ghcup-ghc-9.8.2_cabal-3.12.1.0_hls-2.9.0.1_stack-3.1.1/haskell-language-server-wrapper --lsp -l haskell.log
2025-02-18 07:01:26.1880000 [client] INFO debug command: /home/john-walker/.ghcup/tmp/ghcup-ghc-9.8.2_cabal-3.12.1.0_hls-2.9.0.1_stack-3.1.1/haskell-language-server-wrapper --lsp -l haskell.log
2025-02-18 07:01:26.1880000 [client] INFO server cwd: /home/john-walker/repos/pyrethrum
2025-02-18 07:01:26.1880000 [client] INFO server environment variables:
2025-02-18 07:01:26.1880000 [client] INFO   PATH=/home/john-walker/.ghcup/tmp/ghcup-ghc-9.8.2_cabal-3.12.1.0_hls-2.9.0.1_stack-3.1.1:/home/john-walker/.cabal/bin:/home/john-walker/.ghcup/bin:/usr/local/sbin:/usr/local/bin:/usr/sbin:/usr/bin:/sbin:/bin:/usr/games:/usr/local/games:/snap/bin:/snap/bin
2025-02-18 07:01:26.1890000 [client] INFO Starting language server
2025-02-18T07:01:33.176160Z | Info | haskell-language-server version: 2.9.0.1 (GHC: 9.8.2) (PATH: /home/john-walker/.ghcup/hls/2.9.0.1/lib/haskell-language-server-2.9.0.1/bin/haskell-language-server-9.8.2)
2025-02-18T07:01:33.177227Z | Info | Directory: /home/john-walker/repos/pyrethrum
2025-02-18T07:01:33.177331Z | Info | Starting (haskell-language-server) LSP server...
  GhcideArguments {argsCommand = LSP, argsCwd = Nothing, argsShakeProfiling = Nothing, argsTesting = False, argsExamplePlugin = False, argsLogLevel = Info, argsLogFile = Just "haskell.log", argsLogStderr = True, argsLogClient = False, argsThreads = 0, argsProjectGhcVersion = False}
  PluginIds: [ pragmas-suggest
             , pragmas-completion
             , ghcide-code-actions-bindings
             , ghcide-extend-import-action
             , retrie
             , stylish-haskell
             , explicit-fields
             , ghcide-code-actions-type-signatures
             , ghcide-code-actions-fill-holes
             , stan
             , hlint
             , changeTypeSignature
             , ghcide-code-actions-imports-exports
             , cabal-fmt
             , notes
             , ghcide-completions
             , eval
             , ghcide-type-lenses
             , cabal
             , overloaded-record-dot
             , gadt
             , LSPRecorderCallback
             , importLens
             , floskell
             , codeRange
             , class
             , ormolu
             , qualifyImportedNames
             , ghcide-hover-and-symbols
             , alternateNumberFormat
             , rename
             , splice
             , moduleName
             , semanticTokens
             , fourmolu
             , cabal-gild
             , callHierarchy
             , ghcide-core
             , explicit-fixity
             , pragmas-disable ]
2025-02-18T07:01:33.179158Z | Info | Logging heap statistics every 60.00s
2025-02-18T07:01:33.185781Z | Info | Starting LSP server...
  If you are seeing this in a terminal, you probably should have run WITHOUT the --lsp option!
  PluginIds: [ pragmas-suggest
             , pragmas-completion
             , ghcide-code-actions-bindings
             , ghcide-extend-import-action
             , retrie
             , stylish-haskell
             , explicit-fields
             , ghcide-code-actions-type-signatures
             , ghcide-code-actions-fill-holes
             , stan
             , hlint
             , changeTypeSignature
             , ghcide-code-actions-imports-exports
             , cabal-fmt
             , notes
             , ghcide-completions
             , eval
             , ghcide-type-lenses
             , cabal
             , overloaded-record-dot
             , gadt
             , LSPRecorderCallback
             , importLens
             , floskell
             , codeRange
             , class
             , ormolu
             , qualifyImportedNames
             , ghcide-hover-and-symbols
             , alternateNumberFormat
             , rename
             , splice
             , moduleName
             , semanticTokens
             , fourmolu
             , cabal-gild
             , callHierarchy
             , ghcide-core
             , explicit-fixity
             , pragmas-disable ]
2025-02-18T07:01:33.185973Z | Info | Starting server
2025-02-18T07:01:33.195493Z | Info | Registering IDE configuration: IdeConfiguration {workspaceFolders = fromList [NormalizedUri 5631229711954350743 "file:///home/john-walker/repos/pyrethrum"], clientSettings = hashed Nothing}
2025-02-18T07:01:33.222062Z | Info | Started LSP server in 0.04s
2025-02-18T07:01:33.753420Z | Info | LSP: received shutdown
2025-02-18T07:01:33.753796Z | Info | Reactor thread stopped
2025-02-18T07:01:33.759420Z | Error | Got EOF
2025-02-19 01:53:58.3000000 [client] INFO Writing client log to file /home/john-walker/repos/pyrethrum/haskell.log
2025-02-19 01:53:58.3010000 [client] INFO Finding haskell-language-server
2025-02-19 01:53:58.3020000 [client] INFO Checking for ghcup installation
2025-02-19 01:53:58.3050000 [client] INFO found ghcup at ghcup
2025-02-19 01:53:58.3060000 [client] INFO Executing 'ghcup --no-verbose upgrade' in cwd '/home/john-walker'
2025-02-19 01:53:59.1400000 [client] INFO Checking for ghcup installation
2025-02-19 01:53:59.1430000 [client] INFO found ghcup at ghcup
2025-02-19 01:53:59.1430000 [client] INFO Executing 'ghcup --no-verbose list -t hls -c installed -r' in cwd '/home/john-walker'
2025-02-19 01:53:59.2870000 [client] INFO Checking for ghcup installation
2025-02-19 01:53:59.2910000 [client] INFO found ghcup at ghcup
2025-02-19 01:53:59.2910000 [client] INFO Executing 'ghcup --no-verbose list -t cabal -c installed -r' in cwd '/home/john-walker'
2025-02-19 01:53:59.3720000 [client] INFO Checking for ghcup installation
2025-02-19 01:53:59.3770000 [client] INFO found ghcup at ghcup
2025-02-19 01:53:59.3770000 [client] INFO Executing 'ghcup --no-verbose list -t stack -c installed -r' in cwd '/home/john-walker'
2025-02-19 01:53:59.5180000 [client] INFO Checking for ghcup installation
2025-02-19 01:53:59.5210000 [client] INFO found ghcup at ghcup
2025-02-19 01:53:59.5210000 [client] INFO Executing 'ghcup --no-verbose whereis hls 2.9.0.1' in cwd '/home/john-walker'
2025-02-19 01:53:59.5370000 [client] INFO Checking for ghcup installation
2025-02-19 01:53:59.5410000 [client] INFO found ghcup at ghcup
2025-02-19 01:53:59.5410000 [client] INFO Executing 'ghcup --no-verbose whereis cabal 3.12.1.0' in cwd '/home/john-walker'
2025-02-19 01:53:59.5510000 [client] INFO Checking for ghcup installation
2025-02-19 01:53:59.5550000 [client] INFO found ghcup at ghcup
2025-02-19 01:53:59.5560000 [client] INFO Executing 'ghcup --no-verbose whereis stack 3.1.1' in cwd '/home/john-walker'
2025-02-19 01:53:59.5680000 [client] INFO Executing 'ghc --numeric-version' in cwd '/home/john-walker'
2025-02-19 01:53:59.6710000 [client] INFO Checking for ghcup installation
2025-02-19 01:53:59.6750000 [client] INFO found ghcup at ghcup
2025-02-19 01:53:59.6750000 [client] INFO Executing 'ghcup --no-verbose run --hls 2.9.0.1 --cabal 3.12.1.0 --stack 3.1.1 --install' in cwd '/home/john-walker'
2025-02-19 01:53:59.7940000 [client] INFO Working out the project GHC version. This might take a while...
2025-02-19 01:53:59.7940000 [client] INFO Executing 'haskell-language-server-wrapper --project-ghc-version' in cwd '/home/john-walker/repos/pyrethrum'
2025-02-19 01:54:06.8250000 [client] INFO The GHC version for the project or file: 9.8.2
2025-02-19 01:54:07.8440000 [client] INFO Platform constants: Linux_UnknownLinux, A_64
2025-02-19 01:54:07.8440000 [client] INFO Checking for ghcup installation
2025-02-19 01:54:07.8550000 [client] INFO found ghcup at ghcup
2025-02-19 01:54:07.8560000 [client] INFO Executing 'ghcup --no-verbose list -t hls -c installed -r' in cwd '/home/john-walker'
2025-02-19 01:54:07.9090000 [client] INFO Checking for ghcup installation
2025-02-19 01:54:07.9210000 [client] INFO found ghcup at ghcup
2025-02-19 01:54:07.9220000 [client] INFO Executing 'ghcup --no-verbose whereis bindir' in cwd '/home/john-walker'
2025-02-19 01:54:07.9340000 [client] INFO Checking for ghcup installation
2025-02-19 01:54:07.9440000 [client] INFO found ghcup at ghcup
2025-02-19 01:54:07.9450000 [client] INFO Executing 'ghcup --no-verbose whereis hls 2.9.0.1' in cwd '/home/john-walker'
2025-02-19 01:54:07.9520000 [client] INFO Checking for ghcup installation
2025-02-19 01:54:07.9570000 [client] INFO found ghcup at ghcup
2025-02-19 01:54:07.9570000 [client] INFO Executing 'ghcup --no-verbose whereis ghc 9.8.2' in cwd '/home/john-walker'
2025-02-19 01:54:07.9630000 [client] INFO Checking for ghcup installation
2025-02-19 01:54:07.9720000 [client] INFO found ghcup at ghcup
2025-02-19 01:54:07.9720000 [client] INFO Executing 'ghcup --no-verbose run --hls 2.9.0.1 --cabal 3.12.1.0 --stack 3.1.1 --ghc 9.8.2 --install' in cwd '/home/john-walker'
2025-02-19 01:54:08.0380000 [client] INFO Activating the language server in working dir: /home/john-walker/repos/pyrethrum (the workspace folder)
2025-02-19 01:54:08.0380000 [client] INFO run command: /home/john-walker/.ghcup/tmp/ghcup-ghc-9.8.2_cabal-3.12.1.0_hls-2.9.0.1_stack-3.1.1/haskell-language-server-wrapper --lsp -l haskell.log
2025-02-19 01:54:08.0380000 [client] INFO debug command: /home/john-walker/.ghcup/tmp/ghcup-ghc-9.8.2_cabal-3.12.1.0_hls-2.9.0.1_stack-3.1.1/haskell-language-server-wrapper --lsp -l haskell.log
2025-02-19 01:54:08.0380000 [client] INFO server cwd: /home/john-walker/repos/pyrethrum
2025-02-19 01:54:08.0380000 [client] INFO server environment variables:
2025-02-19 01:54:08.0380000 [client] INFO   PATH=/home/john-walker/.ghcup/tmp/ghcup-ghc-9.8.2_cabal-3.12.1.0_hls-2.9.0.1_stack-3.1.1:/home/john-walker/Apps:/home/john-walker/.cabal/bin:/home/john-walker/.ghcup/bin:/usr/local/sbin:/usr/local/bin:/usr/sbin:/usr/bin:/sbin:/bin:/usr/games:/usr/local/games:/snap/bin:/snap/bin
2025-02-19 01:54:08.0400000 [client] INFO Starting language server
2025-02-19T01:54:18.718415Z | Info | haskell-language-server version: 2.9.0.1 (GHC: 9.8.2) (PATH: /home/john-walker/.ghcup/hls/2.9.0.1/lib/haskell-language-server-2.9.0.1/bin/haskell-language-server-9.8.2)
2025-02-19T01:54:18.719594Z | Info | Directory: /home/john-walker/repos/pyrethrum
2025-02-19T01:54:18.719709Z | Info | Starting (haskell-language-server) LSP server...
  GhcideArguments {argsCommand = LSP, argsCwd = Nothing, argsShakeProfiling = Nothing, argsTesting = False, argsExamplePlugin = False, argsLogLevel = Info, argsLogFile = Just "haskell.log", argsLogStderr = True, argsLogClient = False, argsThreads = 0, argsProjectGhcVersion = False}
  PluginIds: [ pragmas-suggest
             , pragmas-completion
             , ghcide-code-actions-bindings
             , ghcide-extend-import-action
             , retrie
             , stylish-haskell
             , explicit-fields
             , ghcide-code-actions-type-signatures
             , ghcide-code-actions-fill-holes
             , stan
             , hlint
             , changeTypeSignature
             , ghcide-code-actions-imports-exports
             , cabal-fmt
             , notes
             , ghcide-completions
             , eval
             , ghcide-type-lenses
             , cabal
             , overloaded-record-dot
             , gadt
             , LSPRecorderCallback
             , importLens
             , floskell
             , codeRange
             , class
             , ormolu
             , qualifyImportedNames
             , ghcide-hover-and-symbols
             , alternateNumberFormat
             , rename
             , splice
             , moduleName
             , semanticTokens
             , fourmolu
             , cabal-gild
             , callHierarchy
             , ghcide-core
             , explicit-fixity
             , pragmas-disable ]
2025-02-19T01:54:18.721666Z | Info | Logging heap statistics every 60.00s
2025-02-19T01:54:18.729040Z | Info | Starting LSP server...
  If you are seeing this in a terminal, you probably should have run WITHOUT the --lsp option!
  PluginIds: [ pragmas-suggest
             , pragmas-completion
             , ghcide-code-actions-bindings
             , ghcide-extend-import-action
             , retrie
             , stylish-haskell
             , explicit-fields
             , ghcide-code-actions-type-signatures
             , ghcide-code-actions-fill-holes
             , stan
             , hlint
             , changeTypeSignature
             , ghcide-code-actions-imports-exports
             , cabal-fmt
             , notes
             , ghcide-completions
             , eval
             , ghcide-type-lenses
             , cabal
             , overloaded-record-dot
             , gadt
             , LSPRecorderCallback
             , importLens
             , floskell
             , codeRange
             , class
             , ormolu
             , qualifyImportedNames
             , ghcide-hover-and-symbols
             , alternateNumberFormat
             , rename
             , splice
             , moduleName
             , semanticTokens
             , fourmolu
             , cabal-gild
             , callHierarchy
             , ghcide-core
             , explicit-fixity
             , pragmas-disable ]
2025-02-19T01:54:18.729234Z | Info | Starting server
2025-02-19T01:54:18.738965Z | Info | Registering IDE configuration: IdeConfiguration {workspaceFolders = fromList [NormalizedUri 5631229711954350743 "file:///home/john-walker/repos/pyrethrum"], clientSettings = hashed Nothing}
2025-02-19T01:54:18.760581Z | Info | Started LSP server in 0.03s
2025-02-19T01:54:19.339061Z | Info | Cradle path: examples/WebDriverIO.hs
2025-02-19T01:54:19.339193Z | Warning | No [cradle](https://github.com/mpickering/hie-bios#hie-bios) found for examples/WebDriverIO.hs.
Proceeding with [implicit cradle](https://hackage.haskell.org/package/implicit-hie).
You should ignore this message, unless you see a 'Multi Cradle: No prefixes matched' error.
2025-02-19T01:54:19.339426Z | Info | invoking build tool to determine build flags (this may take some time depending on the cache)
2025-02-19T01:54:19.941208Z | Info | Load cabal cradle using single file
2025-02-19T01:54:20.361846Z | Info | cabal --builddir=/home/john-walker/.cache/hie-bios/dist-pyrethrum-c952af7174a9c1efe69842ae31b853b9 v2-repl --with-compiler /home/john-walker/.cache/hie-bios/wrapper-b54f81dea4c0e6d1626911c526bc4e36 --with-hc-pkg /home/john-walker/.cache/hie-bios/ghc-pkg-c538e288c0d6e5ffdb568fa7d22e7d76 /home/john-walker/repos/pyrethrum/examples/WebDriverIO.hs
  Environment Variables
    HIE_BIOS_OUTPUT: /tmp/HIE_BIOS_OUTPUT67826-0
    HIE_BIOS_GHC: /home/john-walker/.ghcup/ghc/9.8.2/lib/ghc-9.8.2/bin/ghc-9.8.2
    HIE_BIOS_GHC_ARGS: -B/home/john-walker/.ghcup/ghc/9.8.2/lib/ghc-9.8.2/lib
2025-02-19T01:54:21.818926Z | Info | Interface files cache directory: /home/john-walker/.cache/ghcide/pyrethrum-0.1.0.0-inplace-e6eb26b4593c476b9c38eb4b3420fc4715325c0a
2025-02-19T01:54:21.821261Z | Info | Making new HscEnv. In-place unit ids: [pyrethrum-0.1.0.0-inplace]
2025-02-19T01:55:18.778399Z | Info | Live bytes: 132.55MB Heap size: 1858.08MB
2025-02-19T01:56:18.839142Z | Info | Live bytes: 132.55MB Heap size: 1858.08MB
2025-02-19T01:57:18.899825Z | Info | Live bytes: 132.55MB Heap size: 1858.08MB
2025-02-19T01:58:18.960685Z | Info | Live bytes: 132.55MB Heap size: 1858.08MB
2025-02-19T01:59:18.989396Z | Info | Live bytes: 132.55MB Heap size: 1858.08MB
2025-02-19T02:00:19.022744Z | Info | Live bytes: 132.55MB Heap size: 1858.08MB
2025-02-19T02:01:19.058188Z | Info | Live bytes: 132.55MB Heap size: 1858.08MB
2025-02-19T02:02:19.118875Z | Info | Live bytes: 132.55MB Heap size: 1858.08MB
2025-02-19T02:03:19.155684Z | Info | Live bytes: 132.55MB Heap size: 1858.08MB
2025-02-19T02:04:19.187710Z | Info | Live bytes: 132.55MB Heap size: 1858.08MB
2025-02-19T02:05:19.220090Z | Info | Live bytes: 132.55MB Heap size: 1858.08MB
2025-02-19T02:06:19.280419Z | Info | Live bytes: 132.55MB Heap size: 1858.08MB
2025-02-19T02:07:19.340781Z | Info | Live bytes: 132.55MB Heap size: 1858.08MB
2025-02-19T02:08:19.347415Z | Info | Live bytes: 132.55MB Heap size: 1858.08MB
2025-02-19T02:09:19.391862Z | Info | Live bytes: 132.55MB Heap size: 1858.08MB
2025-02-19T02:10:19.446046Z | Info | Live bytes: 132.55MB Heap size: 1858.08MB
2025-02-19T02:11:19.506345Z | Info | Live bytes: 132.55MB Heap size: 1858.08MB
2025-02-19T02:12:19.566609Z | Info | Live bytes: 132.55MB Heap size: 1858.08MB
2025-02-19T02:13:19.627290Z | Info | Live bytes: 132.55MB Heap size: 1858.08MB
2025-02-19T02:14:19.687962Z | Info | Live bytes: 132.55MB Heap size: 1858.08MB
2025-02-19T02:15:19.718798Z | Info | Live bytes: 132.55MB Heap size: 1858.08MB
2025-02-19T02:16:19.761401Z | Info | Live bytes: 132.55MB Heap size: 1858.08MB
2025-02-19T02:17:19.821970Z | Info | Live bytes: 132.55MB Heap size: 1858.08MB
2025-02-19T02:18:19.882481Z | Info | Live bytes: 132.55MB Heap size: 1858.08MB
2025-02-19T02:19:19.913922Z | Info | Live bytes: 132.55MB Heap size: 1858.08MB
2025-02-19T02:20:19.974093Z | Info | Live bytes: 132.55MB Heap size: 1858.08MB
2025-02-19T02:20:41.419191Z | Warning | LSP: no handler for: "$/setTrace"
2025-02-19T02:21:20.017612Z | Info | Live bytes: 132.55MB Heap size: 1858.08MB
2025-02-19T02:22:11.484917Z | Warning | LSP: no handler for: "$/setTrace"
2025-02-19T02:22:20.026426Z | Info | Live bytes: 150.44MB Heap size: 1950.35MB
2025-02-19T02:23:20.078990Z | Info | Live bytes: 150.44MB Heap size: 1950.35MB
2025-02-19T02:23:27.186841Z | Warning | LSP: no handler for: "$/setTrace"
2025-02-19T02:24:19.535019Z | Warning | LSP: no handler for: "$/setTrace"
2025-02-19T02:24:20.114702Z | Info | Live bytes: 150.44MB Heap size: 1950.35MB
2025-02-19T02:24:22.071268Z | Warning | LSP: no handler for: "$/setTrace"
2025-02-19T02:24:53.661877Z | Warning | LSP: no handler for: "$/setTrace"
2025-02-19T02:25:20.175443Z | Info | Live bytes: 150.44MB Heap size: 1950.35MB
2025-02-19T02:26:20.212252Z | Info | Live bytes: 150.44MB Heap size: 1950.35MB
2025-02-19T02:27:20.244077Z | Info | Live bytes: 150.44MB Heap size: 1950.35MB
2025-02-19T02:27:38.692896Z | Info | LSP: received shutdown
2025-02-19T02:27:38.694531Z | Info | Reactor thread stopped
2025-02-19T02:27:38.697263Z | Error | Got EOF
2025-02-21 20:03:13.0440000 [client] INFO Writing client log to file /home/john-walker/repos/pyrethrum/haskell.log
2025-02-21 20:03:13.0510000 [client] INFO Finding haskell-language-server
2025-02-21 20:03:13.0510000 [client] INFO Checking for ghcup installation
2025-02-21 20:03:13.0620000 [client] INFO found ghcup at ghcup
2025-02-21 20:03:13.0620000 [client] INFO Executing 'ghcup --no-verbose upgrade' in cwd '/home/john-walker'
2025-02-21 20:03:13.5430000 [client] INFO Checking for ghcup installation
2025-02-21 20:03:13.5520000 [client] INFO found ghcup at ghcup
2025-02-21 20:03:13.5520000 [client] INFO Executing 'ghcup --no-verbose list -t hls -c installed -r' in cwd '/home/john-walker'
2025-02-21 20:03:13.6050000 [client] INFO Checking for ghcup installation
2025-02-21 20:03:13.6150000 [client] INFO found ghcup at ghcup
2025-02-21 20:03:13.6150000 [client] INFO Executing 'ghcup --no-verbose list -t cabal -c installed -r' in cwd '/home/john-walker'
2025-02-21 20:03:13.6690000 [client] INFO Checking for ghcup installation
2025-02-21 20:03:13.6790000 [client] INFO found ghcup at ghcup
2025-02-21 20:03:13.6790000 [client] INFO Executing 'ghcup --no-verbose list -t stack -c installed -r' in cwd '/home/john-walker'
2025-02-21 20:03:13.7430000 [client] INFO Checking for ghcup installation
2025-02-21 20:03:13.7520000 [client] INFO found ghcup at ghcup
2025-02-21 20:03:13.7520000 [client] INFO Executing 'ghcup --no-verbose whereis hls 2.9.0.1' in cwd '/home/john-walker'
2025-02-21 20:03:13.7620000 [client] INFO Checking for ghcup installation
2025-02-21 20:03:13.7710000 [client] INFO found ghcup at ghcup
2025-02-21 20:03:13.7710000 [client] INFO Executing 'ghcup --no-verbose whereis cabal 3.12.1.0' in cwd '/home/john-walker'
2025-02-21 20:03:13.7810000 [client] INFO Checking for ghcup installation
2025-02-21 20:03:13.7900000 [client] INFO found ghcup at ghcup
2025-02-21 20:03:13.7900000 [client] INFO Executing 'ghcup --no-verbose whereis stack 3.1.1' in cwd '/home/john-walker'
2025-02-21 20:03:13.8100000 [client] INFO Executing 'ghc --numeric-version' in cwd '/home/john-walker'
2025-02-21 20:03:13.8320000 [client] INFO Checking for ghcup installation
2025-02-21 20:03:13.8410000 [client] INFO found ghcup at ghcup
2025-02-21 20:03:13.8410000 [client] INFO Executing 'ghcup --no-verbose run --hls 2.9.0.1 --cabal 3.12.1.0 --stack 3.1.1 --install' in cwd '/home/john-walker'
2025-02-21 20:03:13.8970000 [client] INFO Working out the project GHC version. This might take a while...
2025-02-21 20:03:13.8980000 [client] INFO Executing 'haskell-language-server-wrapper --project-ghc-version' in cwd '/home/john-walker/repos/pyrethrum'
2025-02-21 20:03:19.8340000 [client] INFO The GHC version for the project or file: 9.8.2
2025-02-21 20:03:20.2380000 [client] INFO Platform constants: Linux_UnknownLinux, A_64
2025-02-21 20:03:20.2380000 [client] INFO Checking for ghcup installation
2025-02-21 20:03:20.2480000 [client] INFO found ghcup at ghcup
2025-02-21 20:03:20.2490000 [client] INFO Executing 'ghcup --no-verbose list -t hls -c installed -r' in cwd '/home/john-walker'
2025-02-21 20:03:20.3020000 [client] INFO Checking for ghcup installation
2025-02-21 20:03:20.3110000 [client] INFO found ghcup at ghcup
2025-02-21 20:03:20.3110000 [client] INFO Executing 'ghcup --no-verbose whereis bindir' in cwd '/home/john-walker'
2025-02-21 20:03:20.3210000 [client] INFO Checking for ghcup installation
2025-02-21 20:03:20.3300000 [client] INFO found ghcup at ghcup
2025-02-21 20:03:20.3300000 [client] INFO Executing 'ghcup --no-verbose whereis hls 2.9.0.1' in cwd '/home/john-walker'
2025-02-21 20:03:20.3400000 [client] INFO Checking for ghcup installation
2025-02-21 20:03:20.3480000 [client] INFO found ghcup at ghcup
2025-02-21 20:03:20.3490000 [client] INFO Executing 'ghcup --no-verbose whereis ghc 9.8.2' in cwd '/home/john-walker'
2025-02-21 20:03:20.3580000 [client] INFO Checking for ghcup installation
2025-02-21 20:03:20.3670000 [client] INFO found ghcup at ghcup
2025-02-21 20:03:20.3670000 [client] INFO Executing 'ghcup --no-verbose run --hls 2.9.0.1 --cabal 3.12.1.0 --stack 3.1.1 --ghc 9.8.2 --install' in cwd '/home/john-walker'
2025-02-21 20:03:20.4230000 [client] INFO Activating the language server in working dir: /home/john-walker/repos/pyrethrum (the workspace folder)
2025-02-21 20:03:20.4230000 [client] INFO run command: /home/john-walker/.ghcup/tmp/ghcup-ghc-9.8.2_cabal-3.12.1.0_hls-2.9.0.1_stack-3.1.1/haskell-language-server-wrapper --lsp -l haskell.log
2025-02-21 20:03:20.4230000 [client] INFO debug command: /home/john-walker/.ghcup/tmp/ghcup-ghc-9.8.2_cabal-3.12.1.0_hls-2.9.0.1_stack-3.1.1/haskell-language-server-wrapper --lsp -l haskell.log
2025-02-21 20:03:20.4230000 [client] INFO server cwd: /home/john-walker/repos/pyrethrum
2025-02-21 20:03:20.4230000 [client] INFO server environment variables:
2025-02-21 20:03:20.4230000 [client] INFO   PATH=/home/john-walker/.ghcup/tmp/ghcup-ghc-9.8.2_cabal-3.12.1.0_hls-2.9.0.1_stack-3.1.1:/home/john-walker/.cabal/bin:/home/john-walker/.ghcup/bin:/usr/local/sbin:/usr/local/bin:/usr/sbin:/usr/bin:/sbin:/bin:/usr/games:/usr/local/games:/snap/bin:/snap/bin
2025-02-21 20:03:20.4250000 [client] INFO Starting language server
2025-02-21T20:03:26.879743Z | Info | haskell-language-server version: 2.9.0.1 (GHC: 9.8.2) (PATH: /home/john-walker/.ghcup/hls/2.9.0.1/lib/haskell-language-server-2.9.0.1/bin/haskell-language-server-9.8.2)
2025-02-21T20:03:26.880225Z | Info | Directory: /home/john-walker/repos/pyrethrum
2025-02-21T20:03:26.880308Z | Info | Starting (haskell-language-server) LSP server...
  GhcideArguments {argsCommand = LSP, argsCwd = Nothing, argsShakeProfiling = Nothing, argsTesting = False, argsExamplePlugin = False, argsLogLevel = Info, argsLogFile = Just "haskell.log", argsLogStderr = True, argsLogClient = False, argsThreads = 0, argsProjectGhcVersion = False}
  PluginIds: [ pragmas-suggest
             , pragmas-completion
             , ghcide-code-actions-bindings
             , ghcide-extend-import-action
             , retrie
             , stylish-haskell
             , explicit-fields
             , ghcide-code-actions-type-signatures
             , ghcide-code-actions-fill-holes
             , stan
             , hlint
             , changeTypeSignature
             , ghcide-code-actions-imports-exports
             , cabal-fmt
             , notes
             , ghcide-completions
             , eval
             , ghcide-type-lenses
             , cabal
             , overloaded-record-dot
             , gadt
             , LSPRecorderCallback
             , importLens
             , floskell
             , codeRange
             , class
             , ormolu
             , qualifyImportedNames
             , ghcide-hover-and-symbols
             , alternateNumberFormat
             , rename
             , splice
             , moduleName
             , semanticTokens
             , fourmolu
             , cabal-gild
             , callHierarchy
             , ghcide-core
             , explicit-fixity
             , pragmas-disable ]
2025-02-21T20:03:26.881491Z | Info | Logging heap statistics every 60.00s
2025-02-21T20:03:26.887860Z | Info | Starting LSP server...
  If you are seeing this in a terminal, you probably should have run WITHOUT the --lsp option!
  PluginIds: [ pragmas-suggest
             , pragmas-completion
             , ghcide-code-actions-bindings
             , ghcide-extend-import-action
             , retrie
             , stylish-haskell
             , explicit-fields
             , ghcide-code-actions-type-signatures
             , ghcide-code-actions-fill-holes
             , stan
             , hlint
             , changeTypeSignature
             , ghcide-code-actions-imports-exports
             , cabal-fmt
             , notes
             , ghcide-completions
             , eval
             , ghcide-type-lenses
             , cabal
             , overloaded-record-dot
             , gadt
             , LSPRecorderCallback
             , importLens
             , floskell
             , codeRange
             , class
             , ormolu
             , qualifyImportedNames
             , ghcide-hover-and-symbols
             , alternateNumberFormat
             , rename
             , splice
             , moduleName
             , semanticTokens
             , fourmolu
             , cabal-gild
             , callHierarchy
             , ghcide-core
             , explicit-fixity
             , pragmas-disable ]
2025-02-21T20:03:26.888051Z | Info | Starting server
2025-02-21T20:03:26.888926Z | Info | Registering IDE configuration: IdeConfiguration {workspaceFolders = fromList [NormalizedUri 5631229711954350743 "file:///home/john-walker/repos/pyrethrum"], clientSettings = hashed Nothing}
2025-02-21T20:03:26.904394Z | Info | Started LSP server in 0.02s
2025-02-21T20:03:27.388749Z | Info | Cradle path: test-e2e/WebDriverDemoStubsTest.hs
2025-02-21T20:03:27.388901Z | Warning | No [cradle](https://github.com/mpickering/hie-bios#hie-bios) found for test-e2e/WebDriverDemoStubsTest.hs.
Proceeding with [implicit cradle](https://hackage.haskell.org/package/implicit-hie).
You should ignore this message, unless you see a 'Multi Cradle: No prefixes matched' error.
2025-02-21T20:03:27.389092Z | Info | invoking build tool to determine build flags (this may take some time depending on the cache)
2025-02-21T20:03:27.896788Z | Info | Load cabal cradle using single file
2025-02-21T20:03:28.245453Z | Info | cabal --builddir=/home/john-walker/.cache/hie-bios/dist-pyrethrum-c952af7174a9c1efe69842ae31b853b9 v2-repl --with-compiler /home/john-walker/.cache/hie-bios/wrapper-b54f81dea4c0e6d1626911c526bc4e36 --with-hc-pkg /home/john-walker/.cache/hie-bios/ghc-pkg-c538e288c0d6e5ffdb568fa7d22e7d76 /home/john-walker/repos/pyrethrum/test-e2e/WebDriverDemoStubsTest.hs
  Environment Variables
    HIE_BIOS_OUTPUT: /tmp/HIE_BIOS_OUTPUT22590-0
    HIE_BIOS_GHC: /home/john-walker/.ghcup/ghc/9.8.2/lib/ghc-9.8.2/bin/ghc-9.8.2
    HIE_BIOS_GHC_ARGS: -B/home/john-walker/.ghcup/ghc/9.8.2/lib/ghc-9.8.2/lib
2025-02-21T20:03:38.033924Z | Info | Interface files cache directory: /home/john-walker/.cache/ghcide/pyrethrum-0.1.0.0-inplace-test-e2e-386476174d6ab1ce0a093c1f56fee0bf2b304a9f
2025-02-21T20:03:38.035850Z | Info | Making new HscEnv. In-place unit ids: [pyrethrum-0.1.0.0-inplace-test-e2e]
2025-02-21T20:04:26.900182Z | Info | Live bytes: 110.88MB Heap size: 1836.06MB
2025-02-21T20:05:26.923664Z | Info | Live bytes: 110.88MB Heap size: 1836.06MB
2025-02-21T20:05:29.831589Z | Info | LSP: received shutdown
2025-02-21T20:05:29.837457Z | Error | Got EOF
2025-02-26 05:07:59.7970000 [client] INFO Writing client log to file /home/john-walker/repos/pyrethrum/haskell.log
2025-02-26 05:07:59.7980000 [client] INFO Finding haskell-language-server
2025-02-26 05:07:59.7980000 [client] INFO Checking for ghcup installation
2025-02-26 05:07:59.8020000 [client] INFO found ghcup at ghcup
2025-02-26 05:07:59.8030000 [client] INFO Executing 'ghcup --no-verbose upgrade' in cwd '/home/john-walker'
2025-02-26 05:08:00.5680000 [client] INFO Checking for ghcup installation
2025-02-26 05:08:00.5740000 [client] INFO found ghcup at ghcup
2025-02-26 05:08:00.5740000 [client] INFO Executing 'ghcup --no-verbose list -t hls -c installed -r' in cwd '/home/john-walker'
2025-02-26 05:08:00.6490000 [client] INFO Checking for ghcup installation
2025-02-26 05:08:00.6560000 [client] INFO found ghcup at ghcup
2025-02-26 05:08:00.6570000 [client] INFO Executing 'ghcup --no-verbose list -t cabal -c installed -r' in cwd '/home/john-walker'
2025-02-26 05:08:00.7880000 [client] INFO Checking for ghcup installation
2025-02-26 05:08:00.7940000 [client] INFO found ghcup at ghcup
2025-02-26 05:08:00.7940000 [client] INFO Executing 'ghcup --no-verbose list -t stack -c installed -r' in cwd '/home/john-walker'
2025-02-26 05:08:00.9490000 [client] INFO Checking for ghcup installation
2025-02-26 05:08:00.9550000 [client] INFO found ghcup at ghcup
2025-02-26 05:08:00.9550000 [client] INFO Executing 'ghcup --no-verbose whereis hls 2.9.0.1' in cwd '/home/john-walker'
2025-02-26 05:08:00.9750000 [client] INFO Checking for ghcup installation
2025-02-26 05:08:00.9800000 [client] INFO found ghcup at ghcup
2025-02-26 05:08:00.9800000 [client] INFO Executing 'ghcup --no-verbose whereis cabal 3.14.1.1' in cwd '/home/john-walker'
2025-02-26 05:08:00.9940000 [client] INFO Checking for ghcup installation
2025-02-26 05:08:00.9960000 [client] INFO found ghcup at ghcup
2025-02-26 05:08:00.9970000 [client] INFO Executing 'ghcup --no-verbose whereis stack 3.1.1' in cwd '/home/john-walker'
2025-02-26 05:08:01.0070000 [client] INFO Executing 'ghc --numeric-version' in cwd '/home/john-walker'
2025-02-26 05:08:01.0250000 [client] INFO Checking for ghcup installation
2025-02-26 05:08:01.0300000 [client] INFO found ghcup at ghcup
2025-02-26 05:08:01.0310000 [client] INFO Executing 'ghcup --no-verbose run --hls 2.9.0.1 --cabal 3.14.1.1 --stack 3.1.1 --install' in cwd '/home/john-walker'
2025-02-26 05:08:01.0840000 [client] INFO Working out the project GHC version. This might take a while...
2025-02-26 05:08:01.0840000 [client] INFO Executing 'haskell-language-server-wrapper --project-ghc-version' in cwd '/home/john-walker/repos/pyrethrum'
2025-02-26 05:08:22.3910000 [client] INFO The GHC version for the project or file: 9.8.2
2025-02-26 05:08:22.7960000 [client] INFO Platform constants: Linux_UnknownLinux, A_64
2025-02-26 05:08:22.7960000 [client] INFO Checking for ghcup installation
2025-02-26 05:08:22.8070000 [client] INFO found ghcup at ghcup
2025-02-26 05:08:22.8070000 [client] INFO Executing 'ghcup --no-verbose list -t hls -c installed -r' in cwd '/home/john-walker'
2025-02-26 05:08:22.8610000 [client] INFO Checking for ghcup installation
2025-02-26 05:08:22.8700000 [client] INFO found ghcup at ghcup
2025-02-26 05:08:22.8710000 [client] INFO Executing 'ghcup --no-verbose whereis bindir' in cwd '/home/john-walker'
2025-02-26 05:08:22.8800000 [client] INFO Checking for ghcup installation
2025-02-26 05:08:22.8890000 [client] INFO found ghcup at ghcup
2025-02-26 05:08:22.8890000 [client] INFO Executing 'ghcup --no-verbose whereis hls 2.9.0.1' in cwd '/home/john-walker'
2025-02-26 05:08:22.8990000 [client] INFO Checking for ghcup installation
2025-02-26 05:08:22.9080000 [client] INFO found ghcup at ghcup
2025-02-26 05:08:22.9080000 [client] INFO Executing 'ghcup --no-verbose whereis ghc 9.8.2' in cwd '/home/john-walker'
2025-02-26 05:08:22.9180000 [client] INFO Checking for ghcup installation
2025-02-26 05:08:22.9240000 [client] INFO found ghcup at ghcup
2025-02-26 05:08:22.9250000 [client] INFO Executing 'ghcup --no-verbose run --hls 2.9.0.1 --cabal 3.14.1.1 --stack 3.1.1 --ghc 9.8.2 --install' in cwd '/home/john-walker'
2025-02-26 05:08:22.9810000 [client] INFO Activating the language server in working dir: /home/john-walker/repos/pyrethrum (the workspace folder)
2025-02-26 05:08:22.9810000 [client] INFO run command: /home/john-walker/.ghcup/tmp/ghcup-ghc-9.8.2_cabal-3.14.1.1_hls-2.9.0.1_stack-3.1.1/haskell-language-server-wrapper --lsp -l haskell.log
2025-02-26 05:08:22.9810000 [client] INFO debug command: /home/john-walker/.ghcup/tmp/ghcup-ghc-9.8.2_cabal-3.14.1.1_hls-2.9.0.1_stack-3.1.1/haskell-language-server-wrapper --lsp -l haskell.log
2025-02-26 05:08:22.9810000 [client] INFO server cwd: /home/john-walker/repos/pyrethrum
2025-02-26 05:08:22.9810000 [client] INFO server environment variables:
2025-02-26 05:08:22.9810000 [client] INFO   PATH=/home/john-walker/.ghcup/tmp/ghcup-ghc-9.8.2_cabal-3.14.1.1_hls-2.9.0.1_stack-3.1.1:/home/john-walker/.cabal/bin:/home/john-walker/.ghcup/bin:/usr/local/sbin:/usr/local/bin:/usr/sbin:/usr/bin:/sbin:/bin:/usr/games:/usr/local/games:/snap/bin:/snap/bin
2025-02-26 05:08:22.9830000 [client] INFO Starting language server
2025-02-26T05:08:31.812369Z | Info | haskell-language-server version: 2.9.0.1 (GHC: 9.8.2) (PATH: /home/john-walker/.ghcup/hls/2.9.0.1/lib/haskell-language-server-2.9.0.1/bin/haskell-language-server-9.8.2)
2025-02-26T05:08:31.813484Z | Info | Directory: /home/john-walker/repos/pyrethrum
2025-02-26T05:08:31.813584Z | Info | Starting (haskell-language-server) LSP server...
  GhcideArguments {argsCommand = LSP, argsCwd = Nothing, argsShakeProfiling = Nothing, argsTesting = False, argsExamplePlugin = False, argsLogLevel = Info, argsLogFile = Just "haskell.log", argsLogStderr = True, argsLogClient = False, argsThreads = 0, argsProjectGhcVersion = False}
  PluginIds: [ pragmas-suggest
             , pragmas-completion
             , ghcide-code-actions-bindings
             , ghcide-extend-import-action
             , retrie
             , stylish-haskell
             , explicit-fields
             , ghcide-code-actions-type-signatures
             , ghcide-code-actions-fill-holes
             , stan
             , hlint
             , changeTypeSignature
             , ghcide-code-actions-imports-exports
             , cabal-fmt
             , notes
             , ghcide-completions
             , eval
             , ghcide-type-lenses
             , cabal
             , overloaded-record-dot
             , gadt
             , LSPRecorderCallback
             , importLens
             , floskell
             , codeRange
             , class
             , ormolu
             , qualifyImportedNames
             , ghcide-hover-and-symbols
             , alternateNumberFormat
             , rename
             , splice
             , moduleName
             , semanticTokens
             , fourmolu
             , cabal-gild
             , callHierarchy
             , ghcide-core
             , explicit-fixity
             , pragmas-disable ]
2025-02-26T05:08:31.815036Z | Info | Logging heap statistics every 60.00s
2025-02-26T05:08:31.822063Z | Info | Starting LSP server...
  If you are seeing this in a terminal, you probably should have run WITHOUT the --lsp option!
  PluginIds: [ pragmas-suggest
             , pragmas-completion
             , ghcide-code-actions-bindings
             , ghcide-extend-import-action
             , retrie
             , stylish-haskell
             , explicit-fields
             , ghcide-code-actions-type-signatures
             , ghcide-code-actions-fill-holes
             , stan
             , hlint
             , changeTypeSignature
             , ghcide-code-actions-imports-exports
             , cabal-fmt
             , notes
             , ghcide-completions
             , eval
             , ghcide-type-lenses
             , cabal
             , overloaded-record-dot
             , gadt
             , LSPRecorderCallback
             , importLens
             , floskell
             , codeRange
             , class
             , ormolu
             , qualifyImportedNames
             , ghcide-hover-and-symbols
             , alternateNumberFormat
             , rename
             , splice
             , moduleName
             , semanticTokens
             , fourmolu
             , cabal-gild
             , callHierarchy
             , ghcide-core
             , explicit-fixity
             , pragmas-disable ]
2025-02-26T05:08:31.822271Z | Info | Starting server
2025-02-26T05:08:31.831722Z | Info | Registering IDE configuration: IdeConfiguration {workspaceFolders = fromList [NormalizedUri 5631229711954350743 "file:///home/john-walker/repos/pyrethrum"], clientSettings = hashed Nothing}
2025-02-26T05:08:31.840898Z | Info | Started LSP server in 0.02s
2025-02-26T05:08:32.321218Z | Info | Cradle path: test-e2e/WebDriverDemoStubsTest.hs
2025-02-26T05:08:32.321349Z | Warning | No [cradle](https://github.com/mpickering/hie-bios#hie-bios) found for test-e2e/WebDriverDemoStubsTest.hs.
Proceeding with [implicit cradle](https://hackage.haskell.org/package/implicit-hie).
You should ignore this message, unless you see a 'Multi Cradle: No prefixes matched' error.
2025-02-26T05:08:32.321526Z | Info | invoking build tool to determine build flags (this may take some time depending on the cache)
2025-02-26T05:08:32.818261Z | Info | Load cabal cradle using single file
2025-02-26T05:08:33.141617Z | Info | cabal --builddir=/home/john-walker/.cache/hie-bios/dist-pyrethrum-c952af7174a9c1efe69842ae31b853b9 v2-repl --with-compiler /home/john-walker/.cache/hie-bios/wrapper-b54f81dea4c0e6d1626911c526bc4e36 --with-hc-pkg /home/john-walker/.cache/hie-bios/ghc-pkg-c538e288c0d6e5ffdb568fa7d22e7d76 /home/john-walker/repos/pyrethrum/test-e2e/WebDriverDemoStubsTest.hs
  Environment Variables
    HIE_BIOS_OUTPUT: /tmp/HIE_BIOS_OUTPUT52198-0
    HIE_BIOS_GHC: /home/john-walker/.ghcup/ghc/9.8.2/lib/ghc-9.8.2/bin/ghc-9.8.2
    HIE_BIOS_GHC_ARGS: -B/home/john-walker/.ghcup/ghc/9.8.2/lib/ghc-9.8.2/lib
2025-02-26T05:09:31.832698Z | Info | Live bytes: 0.00MB Heap size: 0.00MB
2025-02-26T05:10:31.872907Z | Info | Live bytes: 0.00MB Heap size: 0.00MB
2025-02-26T05:11:31.933216Z | Info | Live bytes: 0.00MB Heap size: 0.00MB
2025-02-26T05:12:31.993881Z | Info | Live bytes: 0.00MB Heap size: 0.00MB
2025-02-26T05:13:32.054189Z | Info | Live bytes: 0.00MB Heap size: 0.00MB
2025-02-26T05:14:32.074694Z | Info | Live bytes: 0.00MB Heap size: 0.00MB
2025-02-26T05:15:32.135013Z | Info | Live bytes: 0.00MB Heap size: 0.00MB
2025-02-26T05:16:32.195336Z | Info | Live bytes: 0.00MB Heap size: 0.00MB
2025-02-26T05:17:32.248114Z | Info | Live bytes: 0.00MB Heap size: 0.00MB
2025-02-26T05:18:32.264729Z | Info | Live bytes: 0.00MB Heap size: 0.00MB
2025-02-26T05:19:32.279508Z | Info | Live bytes: 0.00MB Heap size: 0.00MB
2025-02-26T05:20:32.339825Z | Info | Live bytes: 0.00MB Heap size: 0.00MB
2025-02-26T05:21:32.380651Z | Info | Live bytes: 0.00MB Heap size: 0.00MB
2025-02-26T05:22:32.421333Z | Info | Live bytes: 0.00MB Heap size: 0.00MB
2025-02-26T05:23:32.454072Z | Info | Live bytes: 0.00MB Heap size: 0.00MB
2025-02-26T05:24:32.464043Z | Info | Live bytes: 0.00MB Heap size: 0.00MB
2025-02-26T05:25:32.524373Z | Info | Live bytes: 0.00MB Heap size: 0.00MB
2025-02-26T05:26:32.585082Z | Info | Live bytes: 0.00MB Heap size: 0.00MB
2025-02-26T05:27:32.627045Z | Info | Live bytes: 0.00MB Heap size: 0.00MB
2025-02-26T05:28:32.667876Z | Info | Live bytes: 0.00MB Heap size: 0.00MB
2025-02-26T05:28:40.396418Z | Info | LSP: received shutdown
2025-02-26T05:28:40.400994Z | Error | Got EOF
2025-03-04 19:47:53.2420000 [client] INFO Writing client log to file /home/john-walker/repos/pyrethrum/haskell.log
2025-03-04 19:47:53.2430000 [client] INFO Finding haskell-language-server
2025-03-04 19:47:53.2440000 [client] INFO Checking for ghcup installation
2025-03-04 19:47:53.2550000 [client] INFO found ghcup at ghcup
2025-03-04 19:47:53.2560000 [client] INFO Executing 'ghcup --no-verbose upgrade' in cwd '/home/john-walker'
2025-03-04 19:47:53.8280000 [client] INFO Checking for ghcup installation
2025-03-04 19:47:53.8390000 [client] INFO found ghcup at ghcup
2025-03-04 19:47:53.8390000 [client] INFO Executing 'ghcup --no-verbose list -t hls -c installed -r' in cwd '/home/john-walker'
2025-03-04 19:47:53.8910000 [client] INFO Checking for ghcup installation
2025-03-04 19:47:53.8990000 [client] INFO found ghcup at ghcup
2025-03-04 19:47:53.8990000 [client] INFO Executing 'ghcup --no-verbose list -t cabal -c installed -r' in cwd '/home/john-walker'
2025-03-04 19:47:53.9490000 [client] INFO Checking for ghcup installation
2025-03-04 19:47:53.9570000 [client] INFO found ghcup at ghcup
2025-03-04 19:47:53.9570000 [client] INFO Executing 'ghcup --no-verbose list -t stack -c installed -r' in cwd '/home/john-walker'
2025-03-04 19:47:54.0170000 [client] INFO Checking for ghcup installation
2025-03-04 19:47:54.0260000 [client] INFO found ghcup at ghcup
2025-03-04 19:47:54.0260000 [client] INFO Executing 'ghcup --no-verbose whereis hls 2.9.0.1' in cwd '/home/john-walker'
2025-03-04 19:47:54.0360000 [client] INFO Checking for ghcup installation
2025-03-04 19:47:54.0450000 [client] INFO found ghcup at ghcup
2025-03-04 19:47:54.0450000 [client] INFO Executing 'ghcup --no-verbose whereis cabal 3.14.1.1' in cwd '/home/john-walker'
2025-03-04 19:47:54.0550000 [client] INFO Checking for ghcup installation
2025-03-04 19:47:54.0640000 [client] INFO found ghcup at ghcup
2025-03-04 19:47:54.0640000 [client] INFO Executing 'ghcup --no-verbose whereis stack 3.1.1' in cwd '/home/john-walker'
2025-03-04 19:47:54.0830000 [client] INFO Executing 'ghc --numeric-version' in cwd '/home/john-walker'
2025-03-04 19:47:54.1040000 [client] INFO Checking for ghcup installation
2025-03-04 19:47:54.1150000 [client] INFO found ghcup at ghcup
2025-03-04 19:47:54.1150000 [client] INFO Executing 'ghcup --no-verbose run --hls 2.9.0.1 --cabal 3.14.1.1 --stack 3.1.1 --install' in cwd '/home/john-walker'
2025-03-04 19:47:54.1690000 [client] INFO Working out the project GHC version. This might take a while...
2025-03-04 19:47:54.1690000 [client] INFO Executing 'haskell-language-server-wrapper --project-ghc-version' in cwd '/home/john-walker/repos/pyrethrum'
2025-03-04 19:47:56.9550000 [client] ERROR Error executing 'haskell-language-server-wrapper --project-ghc-version' with error code 1
2025-03-04 19:47:56.9550000 [client] ERROR stderr: No 'hie.yaml' found. Try to discover the project type!
2025-03-04T19:47:56.953601Z | Debug | cabal exec -v0 -- ghc --print-libdir

2025-03-04 19:47:56.9550000 [client] ERROR stdout: Failed to find the GHC version of this Cabal project.
Error when calling cabal exec -v0 -- ghc --print-libdir

Error: [Cabal-7107]
Could not resolve dependencies:
[__0] trying: pyrethrum-0.1.0.0 (user goal)
[__1] trying: pyrethrum:+godlibrary
[__2] trying: falsify-0.2.0 (dependency of pyrethrum +godlibrary)
[__3] next goal: data-default (dependency of falsify)
[__3] rejecting: data-default-0.8.0.0
      (constraint from https://www.stackage.org/nightly-2024-12-05/cabal.config requires ==0.7.1.3)
        imported by: cabal.project
[__3] trying: data-default-0.7.1.3
[__4] next goal: data-default-class (dependency of data-default)
[__4] rejecting: data-default-class-0.2.0.0
      (constraint from https://www.stackage.org/nightly-2024-12-05/cabal.config requires ==0.1.2.2)
        imported by: cabal.project
[__4] trying: data-default-class-0.1.2.2
[__5] next goal: req (dependency of pyrethrum)
[__5] rejecting: req-3.13.4 (conflict: data-default-class==0.1.2.2, req => data-default-class>=0.2.0.0)
[__5] rejecting: req; 3.13.3, 3.13.2, 3.13.1, 3.13.0, 3.12.0, 3.11.0, 3.10.0, 3.9.2, 3.9.1, 3.9.0, 3.8.0, 3.7.0, 3.6.0, 3.5.0, 3.4.0, 3.3.0, 3.2.0, 3.1.0, 3.0.0, 2.1.0, 2.0.1, 2.0.0, 1.2.1, 1.2.0, 1.1.0, 1.0.0, 0.5.0, 0.4.0, 0.3.1, 0.3.0, 0.2.0, 0.1.0
      (constraint from https://www.stackage.org/nightly-2024-12-05/cabal.config requires ==3.13.4)
        imported by: cabal.project
[__5] fail (backjumping, conflict set: data-default-class, pyrethrum, req)
After searching the rest of the dependency tree exhaustively, these were the goals I've had most trouble fulfilling: req, data-default, pyrethrum, data-default-class, falsify, pyrethrum:godlibrary
Try running with --minimize-conflict-set to improve the error message.



2025-03-04 19:47:56.9550000 [client] ERROR Error: haskell-language-server --project-ghc-version exited with exit code 1:
Failed to find the GHC version of this Cabal project.
Error when calling cabal exec -v0 -- ghc --print-libdir

Error: [Cabal-7107]
Could not resolve dependencies:
[__0] trying: pyrethrum-0.1.0.0 (user goal)
[__1] trying: pyrethrum:+godlibrary
[__2] trying: falsify-0.2.0 (dependency of pyrethrum +godlibrary)
[__3] next goal: data-default (dependency of falsify)
[__3] rejecting: data-default-0.8.0.0
      (constraint from https://www.stackage.org/nightly-2024-12-05/cabal.config requires ==0.7.1.3)
        imported by: cabal.project
[__3] trying: data-default-0.7.1.3
[__4] next goal: data-default-class (dependency of data-default)
[__4] rejecting: data-default-class-0.2.0.0
      (constraint from https://www.stackage.org/nightly-2024-12-05/cabal.config requires ==0.1.2.2)
        imported by: cabal.project
[__4] trying: data-default-class-0.1.2.2
[__5] next goal: req (dependency of pyrethrum)
[__5] rejecting: req-3.13.4 (conflict: data-default-class==0.1.2.2, req => data-default-class>=0.2.0.0)
[__5] rejecting: req; 3.13.3, 3.13.2, 3.13.1, 3.13.0, 3.12.0, 3.11.0, 3.10.0, 3.9.2, 3.9.1, 3.9.0, 3.8.0, 3.7.0, 3.6.0, 3.5.0, 3.4.0, 3.3.0, 3.2.0, 3.1.0, 3.0.0, 2.1.0, 2.0.1, 2.0.0, 1.2.1, 1.2.0, 1.1.0, 1.0.0, 0.5.0, 0.4.0, 0.3.1, 0.3.0, 0.2.0, 0.1.0
      (constraint from https://www.stackage.org/nightly-2024-12-05/cabal.config requires ==3.13.4)
        imported by: cabal.project
[__5] fail (backjumping, conflict set: data-default-class, pyrethrum, req)
After searching the rest of the dependency tree exhaustively, these were the goals I've had most trouble fulfilling: req, data-default, pyrethrum, data-default-class, falsify, pyrethrum:godlibrary
Try running with --minimize-conflict-set to improve the error message.



No 'hie.yaml' found. Try to discover the project type!
2025-03-04T19:47:56.953601Z | Debug | cabal exec -v0 -- ghc --print-libdir

2025-03-04 19:47:56.9560000 [client] INFO Executing 'ghc --numeric-version' in cwd '/home/john-walker'
2025-03-04 19:47:57.5000000 [client] INFO Platform constants: Linux_UnknownLinux, A_64
2025-03-04 19:47:57.5010000 [client] INFO Checking for ghcup installation
2025-03-04 19:47:57.5110000 [client] INFO found ghcup at ghcup
2025-03-04 19:47:57.5120000 [client] INFO Executing 'ghcup --no-verbose list -t hls -c installed -r' in cwd '/home/john-walker'
2025-03-04 19:47:57.5630000 [client] INFO Checking for ghcup installation
2025-03-04 19:47:57.5720000 [client] INFO found ghcup at ghcup
2025-03-04 19:47:57.5730000 [client] INFO Executing 'ghcup --no-verbose whereis bindir' in cwd '/home/john-walker'
2025-03-04 19:47:57.5830000 [client] INFO Checking for ghcup installation
2025-03-04 19:47:57.5920000 [client] INFO found ghcup at ghcup
2025-03-04 19:47:57.5920000 [client] INFO Executing 'ghcup --no-verbose whereis hls 2.9.0.1' in cwd '/home/john-walker'
2025-03-04 19:47:57.6020000 [client] INFO Checking for ghcup installation
2025-03-04 19:47:57.6110000 [client] INFO found ghcup at ghcup
2025-03-04 19:47:57.6110000 [client] INFO Executing 'ghcup --no-verbose whereis ghc 9.10.1' in cwd '/home/john-walker'
2025-03-04 19:47:57.6210000 [client] INFO Checking for ghcup installation
2025-03-04 19:47:57.6290000 [client] INFO found ghcup at ghcup
2025-03-04 19:47:57.6300000 [client] INFO Executing 'ghcup --no-verbose run --hls 2.9.0.1 --cabal 3.14.1.1 --stack 3.1.1 --ghc 9.10.1 --install' in cwd '/home/john-walker'
2025-03-04 19:47:57.6840000 [client] INFO Activating the language server in working dir: /home/john-walker/repos/pyrethrum (the workspace folder)
2025-03-04 19:47:57.6850000 [client] INFO run command: /home/john-walker/.ghcup/tmp/ghcup-ghc-9.10.1_cabal-3.14.1.1_hls-2.9.0.1_stack-3.1.1/haskell-language-server-wrapper --lsp -l haskell.log
2025-03-04 19:47:57.6850000 [client] INFO debug command: /home/john-walker/.ghcup/tmp/ghcup-ghc-9.10.1_cabal-3.14.1.1_hls-2.9.0.1_stack-3.1.1/haskell-language-server-wrapper --lsp -l haskell.log
2025-03-04 19:47:57.6850000 [client] INFO server cwd: /home/john-walker/repos/pyrethrum
2025-03-04 19:47:57.6850000 [client] INFO server environment variables:
2025-03-04 19:47:57.6850000 [client] INFO   PATH=/home/john-walker/.ghcup/tmp/ghcup-ghc-9.10.1_cabal-3.14.1.1_hls-2.9.0.1_stack-3.1.1:/home/john-walker/.cabal/bin:/home/john-walker/.ghcup/bin:/usr/local/sbin:/usr/local/bin:/usr/sbin:/usr/bin:/sbin:/bin:/usr/games:/usr/local/games:/snap/bin:/snap/bin
2025-03-04 19:47:57.6870000 [client] INFO Starting language server
2025-03-05 02:37:54.8540000 [client] INFO Writing client log to file /home/john-walker/repos/pyrethrum/haskell.log
2025-03-05 02:37:54.8550000 [client] INFO Finding haskell-language-server
2025-03-05 02:37:54.8550000 [client] INFO Checking for ghcup installation
2025-03-05 02:37:54.8590000 [client] INFO found ghcup at ghcup
2025-03-05 02:37:54.8600000 [client] INFO Executing 'ghcup --no-verbose upgrade' in cwd '/home/john-walker'
2025-03-05 02:37:55.6320000 [client] INFO Checking for ghcup installation
2025-03-05 02:37:55.6370000 [client] INFO found ghcup at ghcup
2025-03-05 02:37:55.6370000 [client] INFO Executing 'ghcup --no-verbose list -t hls -c installed -r' in cwd '/home/john-walker'
2025-03-05 02:37:55.8230000 [client] INFO Checking for ghcup installation
2025-03-05 02:37:55.8290000 [client] INFO found ghcup at ghcup
2025-03-05 02:37:55.8300000 [client] INFO Executing 'ghcup --no-verbose list -t cabal -c installed -r' in cwd '/home/john-walker'
2025-03-05 02:37:55.9920000 [client] INFO Checking for ghcup installation
2025-03-05 02:37:55.9970000 [client] INFO found ghcup at ghcup
2025-03-05 02:37:55.9980000 [client] INFO Executing 'ghcup --no-verbose list -t stack -c installed -r' in cwd '/home/john-walker'
2025-03-05 02:37:56.0620000 [client] INFO Checking for ghcup installation
2025-03-05 02:37:56.0680000 [client] INFO found ghcup at ghcup
2025-03-05 02:37:56.0680000 [client] INFO Executing 'ghcup --no-verbose whereis hls 2.9.0.1' in cwd '/home/john-walker'
2025-03-05 02:37:56.1020000 [client] INFO Checking for ghcup installation
2025-03-05 02:37:56.1080000 [client] INFO found ghcup at ghcup
2025-03-05 02:37:56.1080000 [client] INFO Executing 'ghcup --no-verbose whereis cabal 3.14.1.1' in cwd '/home/john-walker'
2025-03-05 02:37:56.1160000 [client] INFO Checking for ghcup installation
2025-03-05 02:37:56.1220000 [client] INFO found ghcup at ghcup
2025-03-05 02:37:56.1220000 [client] INFO Executing 'ghcup --no-verbose whereis stack 3.1.1' in cwd '/home/john-walker'
2025-03-05 02:37:56.1500000 [client] INFO Executing 'ghc --numeric-version' in cwd '/home/john-walker'
2025-03-05 02:37:56.1830000 [client] INFO Checking for ghcup installation
2025-03-05 02:37:56.1900000 [client] INFO found ghcup at ghcup
2025-03-05 02:37:56.1900000 [client] INFO Executing 'ghcup --no-verbose run --hls 2.9.0.1 --cabal 3.14.1.1 --stack 3.1.1 --install' in cwd '/home/john-walker'
2025-03-05 02:37:56.2530000 [client] INFO Working out the project GHC version. This might take a while...
2025-03-05 02:37:56.2530000 [client] INFO Executing 'haskell-language-server-wrapper --project-ghc-version' in cwd '/home/john-walker/repos/pyrethrum'
2025-03-05 02:38:02.0780000 [client] ERROR Error executing 'haskell-language-server-wrapper --project-ghc-version' with error code 1
2025-03-05 02:38:02.0780000 [client] ERROR stderr: No 'hie.yaml' found. Try to discover the project type!
2025-03-05T02:38:02.063310Z | Debug | cabal exec -v0 -- ghc --print-libdir

2025-03-05 02:38:02.0780000 [client] ERROR stdout: Failed to find the GHC version of this Cabal project.
Error when calling cabal exec -v0 -- ghc --print-libdir

Error: [Cabal-7107]
Could not resolve dependencies:
[__0] trying: pyrethrum-0.1.0.0 (user goal)
[__1] trying: pyrethrum:+godlibrary
[__2] trying: falsify-0.2.0 (dependency of pyrethrum +godlibrary)
[__3] next goal: data-default (dependency of falsify)
[__3] rejecting: data-default-0.8.0.0
      (constraint from https://www.stackage.org/nightly-2024-12-05/cabal.config requires ==0.7.1.3)
        imported by: cabal.project
[__3] trying: data-default-0.7.1.3
[__4] next goal: data-default-class (dependency of data-default)
[__4] rejecting: data-default-class-0.2.0.0
      (constraint from https://www.stackage.org/nightly-2024-12-05/cabal.config requires ==0.1.2.2)
        imported by: cabal.project
[__4] trying: data-default-class-0.1.2.2
[__5] next goal: req (dependency of pyrethrum)
[__5] rejecting: req-3.13.4 (conflict: data-default-class==0.1.2.2, req => data-default-class>=0.2.0.0)
[__5] rejecting: req; 3.13.3, 3.13.2, 3.13.1, 3.13.0, 3.12.0, 3.11.0, 3.10.0, 3.9.2, 3.9.1, 3.9.0, 3.8.0, 3.7.0, 3.6.0, 3.5.0, 3.4.0, 3.3.0, 3.2.0, 3.1.0, 3.0.0, 2.1.0, 2.0.1, 2.0.0, 1.2.1, 1.2.0, 1.1.0, 1.0.0, 0.5.0, 0.4.0, 0.3.1, 0.3.0, 0.2.0, 0.1.0
      (constraint from https://www.stackage.org/nightly-2024-12-05/cabal.config requires ==3.13.4)
        imported by: cabal.project
[__5] fail (backjumping, conflict set: data-default-class, pyrethrum, req)
After searching the rest of the dependency tree exhaustively, these were the goals I've had most trouble fulfilling: req, data-default, pyrethrum, data-default-class, falsify, pyrethrum:godlibrary
Try running with --minimize-conflict-set to improve the error message.



2025-03-05 02:38:02.0790000 [client] ERROR Error: haskell-language-server --project-ghc-version exited with exit code 1:
Failed to find the GHC version of this Cabal project.
Error when calling cabal exec -v0 -- ghc --print-libdir

Error: [Cabal-7107]
Could not resolve dependencies:
[__0] trying: pyrethrum-0.1.0.0 (user goal)
[__1] trying: pyrethrum:+godlibrary
[__2] trying: falsify-0.2.0 (dependency of pyrethrum +godlibrary)
[__3] next goal: data-default (dependency of falsify)
[__3] rejecting: data-default-0.8.0.0
      (constraint from https://www.stackage.org/nightly-2024-12-05/cabal.config requires ==0.7.1.3)
        imported by: cabal.project
[__3] trying: data-default-0.7.1.3
[__4] next goal: data-default-class (dependency of data-default)
[__4] rejecting: data-default-class-0.2.0.0
      (constraint from https://www.stackage.org/nightly-2024-12-05/cabal.config requires ==0.1.2.2)
        imported by: cabal.project
[__4] trying: data-default-class-0.1.2.2
[__5] next goal: req (dependency of pyrethrum)
[__5] rejecting: req-3.13.4 (conflict: data-default-class==0.1.2.2, req => data-default-class>=0.2.0.0)
[__5] rejecting: req; 3.13.3, 3.13.2, 3.13.1, 3.13.0, 3.12.0, 3.11.0, 3.10.0, 3.9.2, 3.9.1, 3.9.0, 3.8.0, 3.7.0, 3.6.0, 3.5.0, 3.4.0, 3.3.0, 3.2.0, 3.1.0, 3.0.0, 2.1.0, 2.0.1, 2.0.0, 1.2.1, 1.2.0, 1.1.0, 1.0.0, 0.5.0, 0.4.0, 0.3.1, 0.3.0, 0.2.0, 0.1.0
      (constraint from https://www.stackage.org/nightly-2024-12-05/cabal.config requires ==3.13.4)
        imported by: cabal.project
[__5] fail (backjumping, conflict set: data-default-class, pyrethrum, req)
After searching the rest of the dependency tree exhaustively, these were the goals I've had most trouble fulfilling: req, data-default, pyrethrum, data-default-class, falsify, pyrethrum:godlibrary
Try running with --minimize-conflict-set to improve the error message.



No 'hie.yaml' found. Try to discover the project type!
2025-03-05T02:38:02.063310Z | Debug | cabal exec -v0 -- ghc --print-libdir

2025-03-05 02:38:02.0790000 [client] INFO Executing 'ghc --numeric-version' in cwd '/home/john-walker'
2025-03-05 02:38:02.6300000 [client] INFO Platform constants: Linux_UnknownLinux, A_64
2025-03-05 02:38:02.6310000 [client] INFO Checking for ghcup installation
2025-03-05 02:38:02.6400000 [client] INFO found ghcup at ghcup
2025-03-05 02:38:02.6410000 [client] INFO Executing 'ghcup --no-verbose list -t hls -c installed -r' in cwd '/home/john-walker'
2025-03-05 02:38:02.6940000 [client] INFO Checking for ghcup installation
2025-03-05 02:38:02.7030000 [client] INFO found ghcup at ghcup
2025-03-05 02:38:02.7030000 [client] INFO Executing 'ghcup --no-verbose whereis bindir' in cwd '/home/john-walker'
2025-03-05 02:38:02.7090000 [client] INFO Checking for ghcup installation
2025-03-05 02:38:02.7160000 [client] INFO found ghcup at ghcup
2025-03-05 02:38:02.7170000 [client] INFO Executing 'ghcup --no-verbose whereis hls 2.9.0.1' in cwd '/home/john-walker'
2025-03-05 02:38:02.7290000 [client] INFO Checking for ghcup installation
2025-03-05 02:38:02.7380000 [client] INFO found ghcup at ghcup
2025-03-05 02:38:02.7380000 [client] INFO Executing 'ghcup --no-verbose whereis ghc 9.10.1' in cwd '/home/john-walker'
2025-03-05 02:38:02.7470000 [client] INFO Checking for ghcup installation
2025-03-05 02:38:02.7560000 [client] INFO found ghcup at ghcup
2025-03-05 02:38:02.7560000 [client] INFO Executing 'ghcup --no-verbose run --hls 2.9.0.1 --cabal 3.14.1.1 --stack 3.1.1 --ghc 9.10.1 --install' in cwd '/home/john-walker'
2025-03-05 02:38:02.8110000 [client] INFO Activating the language server in working dir: /home/john-walker/repos/pyrethrum (the workspace folder)
2025-03-05 02:38:02.8110000 [client] INFO run command: /home/john-walker/.ghcup/tmp/ghcup-ghc-9.10.1_cabal-3.14.1.1_hls-2.9.0.1_stack-3.1.1/haskell-language-server-wrapper --lsp -l haskell.log
2025-03-05 02:38:02.8110000 [client] INFO debug command: /home/john-walker/.ghcup/tmp/ghcup-ghc-9.10.1_cabal-3.14.1.1_hls-2.9.0.1_stack-3.1.1/haskell-language-server-wrapper --lsp -l haskell.log
2025-03-05 02:38:02.8110000 [client] INFO server cwd: /home/john-walker/repos/pyrethrum
2025-03-05 02:38:02.8110000 [client] INFO server environment variables:
2025-03-05 02:38:02.8110000 [client] INFO   PATH=/home/john-walker/.ghcup/tmp/ghcup-ghc-9.10.1_cabal-3.14.1.1_hls-2.9.0.1_stack-3.1.1:/home/john-walker/.cabal/bin:/home/john-walker/.ghcup/bin:/usr/local/sbin:/usr/local/bin:/usr/sbin:/usr/bin:/sbin:/bin:/usr/games:/usr/local/games:/snap/bin:/snap/bin
2025-03-05 02:38:02.8130000 [client] INFO Starting language server
2025-03-05 20:13:04.8600000 [client] INFO Writing client log to file /home/john-walker/repos/pyrethrum/haskell.log
2025-03-05 20:13:04.8610000 [client] INFO Finding haskell-language-server
2025-03-05 20:13:04.8620000 [client] INFO Checking for ghcup installation
2025-03-05 20:13:04.8660000 [client] INFO found ghcup at ghcup
2025-03-05 20:13:04.8670000 [client] INFO Executing 'ghcup --no-verbose upgrade' in cwd '/home/john-walker'
2025-03-05 20:13:05.7100000 [client] INFO Checking for ghcup installation
2025-03-05 20:13:05.7150000 [client] INFO found ghcup at ghcup
2025-03-05 20:13:05.7160000 [client] INFO Executing 'ghcup --no-verbose list -t hls -c installed -r' in cwd '/home/john-walker'
2025-03-05 20:13:05.9090000 [client] INFO Checking for ghcup installation
2025-03-05 20:13:05.9110000 [client] INFO found ghcup at ghcup
2025-03-05 20:13:05.9120000 [client] INFO Executing 'ghcup --no-verbose list -t cabal -c installed -r' in cwd '/home/john-walker'
2025-03-05 20:13:06.0620000 [client] INFO Checking for ghcup installation
2025-03-05 20:13:06.0660000 [client] INFO found ghcup at ghcup
2025-03-05 20:13:06.0670000 [client] INFO Executing 'ghcup --no-verbose list -t stack -c installed -r' in cwd '/home/john-walker'
2025-03-05 20:13:06.1300000 [client] INFO Checking for ghcup installation
2025-03-05 20:13:06.1360000 [client] INFO found ghcup at ghcup
2025-03-05 20:13:06.1370000 [client] INFO Executing 'ghcup --no-verbose whereis hls 2.9.0.1' in cwd '/home/john-walker'
2025-03-05 20:13:06.1680000 [client] INFO Checking for ghcup installation
2025-03-05 20:13:06.1740000 [client] INFO found ghcup at ghcup
2025-03-05 20:13:06.1750000 [client] INFO Executing 'ghcup --no-verbose whereis cabal 3.14.1.1' in cwd '/home/john-walker'
2025-03-05 20:13:06.2020000 [client] INFO Checking for ghcup installation
2025-03-05 20:13:06.2080000 [client] INFO found ghcup at ghcup
2025-03-05 20:13:06.2080000 [client] INFO Executing 'ghcup --no-verbose whereis stack 3.1.1' in cwd '/home/john-walker'
2025-03-05 20:13:06.2360000 [client] INFO Executing 'ghc --numeric-version' in cwd '/home/john-walker'
2025-03-05 20:13:06.3320000 [client] INFO Checking for ghcup installation
2025-03-05 20:13:06.3380000 [client] INFO found ghcup at ghcup
2025-03-05 20:13:06.3380000 [client] INFO Executing 'ghcup --no-verbose run --hls 2.9.0.1 --cabal 3.14.1.1 --stack 3.1.1 --install' in cwd '/home/john-walker'
2025-03-05 20:13:06.3980000 [client] INFO Working out the project GHC version. This might take a while...
2025-03-05 20:13:06.3990000 [client] INFO Executing 'haskell-language-server-wrapper --project-ghc-version' in cwd '/home/john-walker/repos/pyrethrum'
2025-03-05 20:13:09.1680000 [client] ERROR Error executing 'haskell-language-server-wrapper --project-ghc-version' with error code 1
2025-03-05 20:13:09.1680000 [client] ERROR stderr: No 'hie.yaml' found. Try to discover the project type!
2025-03-05T20:13:09.113285Z | Debug | cabal exec -v0 -- ghc --print-libdir

2025-03-05 20:13:09.1680000 [client] ERROR stdout: Failed to find the GHC version of this Cabal project.
Error when calling cabal exec -v0 -- ghc --print-libdir

Error: [Cabal-7107]
Could not resolve dependencies:
[__0] trying: pyrethrum-0.1.0.0 (user goal)
[__1] trying: pyrethrum:+godlibrary
[__2] trying: falsify-0.2.0 (dependency of pyrethrum +godlibrary)
[__3] next goal: data-default (dependency of falsify)
[__3] rejecting: data-default-0.8.0.0
      (constraint from https://www.stackage.org/nightly-2024-12-05/cabal.config requires ==0.7.1.3)
        imported by: cabal.project
[__3] trying: data-default-0.7.1.3
[__4] next goal: data-default-class (dependency of data-default)
[__4] rejecting: data-default-class-0.2.0.0
      (constraint from https://www.stackage.org/nightly-2024-12-05/cabal.config requires ==0.1.2.2)
        imported by: cabal.project
[__4] trying: data-default-class-0.1.2.2
[__5] next goal: req (dependency of pyrethrum)
[__5] rejecting: req-3.13.4 (conflict: data-default-class==0.1.2.2, req => data-default-class>=0.2.0.0)
[__5] rejecting: req; 3.13.3, 3.13.2, 3.13.1, 3.13.0, 3.12.0, 3.11.0, 3.10.0, 3.9.2, 3.9.1, 3.9.0, 3.8.0, 3.7.0, 3.6.0, 3.5.0, 3.4.0, 3.3.0, 3.2.0, 3.1.0, 3.0.0, 2.1.0, 2.0.1, 2.0.0, 1.2.1, 1.2.0, 1.1.0, 1.0.0, 0.5.0, 0.4.0, 0.3.1, 0.3.0, 0.2.0, 0.1.0
      (constraint from https://www.stackage.org/nightly-2024-12-05/cabal.config requires ==3.13.4)
        imported by: cabal.project
[__5] fail (backjumping, conflict set: data-default-class, pyrethrum, req)
After searching the rest of the dependency tree exhaustively, these were the goals I've had most trouble fulfilling: req, data-default, pyrethrum, data-default-class, falsify, pyrethrum:godlibrary
Try running with --minimize-conflict-set to improve the error message.



2025-03-05 20:13:09.1680000 [client] ERROR Error: haskell-language-server --project-ghc-version exited with exit code 1:
Failed to find the GHC version of this Cabal project.
Error when calling cabal exec -v0 -- ghc --print-libdir

Error: [Cabal-7107]
Could not resolve dependencies:
[__0] trying: pyrethrum-0.1.0.0 (user goal)
[__1] trying: pyrethrum:+godlibrary
[__2] trying: falsify-0.2.0 (dependency of pyrethrum +godlibrary)
[__3] next goal: data-default (dependency of falsify)
[__3] rejecting: data-default-0.8.0.0
      (constraint from https://www.stackage.org/nightly-2024-12-05/cabal.config requires ==0.7.1.3)
        imported by: cabal.project
[__3] trying: data-default-0.7.1.3
[__4] next goal: data-default-class (dependency of data-default)
[__4] rejecting: data-default-class-0.2.0.0
      (constraint from https://www.stackage.org/nightly-2024-12-05/cabal.config requires ==0.1.2.2)
        imported by: cabal.project
[__4] trying: data-default-class-0.1.2.2
[__5] next goal: req (dependency of pyrethrum)
[__5] rejecting: req-3.13.4 (conflict: data-default-class==0.1.2.2, req => data-default-class>=0.2.0.0)
[__5] rejecting: req; 3.13.3, 3.13.2, 3.13.1, 3.13.0, 3.12.0, 3.11.0, 3.10.0, 3.9.2, 3.9.1, 3.9.0, 3.8.0, 3.7.0, 3.6.0, 3.5.0, 3.4.0, 3.3.0, 3.2.0, 3.1.0, 3.0.0, 2.1.0, 2.0.1, 2.0.0, 1.2.1, 1.2.0, 1.1.0, 1.0.0, 0.5.0, 0.4.0, 0.3.1, 0.3.0, 0.2.0, 0.1.0
      (constraint from https://www.stackage.org/nightly-2024-12-05/cabal.config requires ==3.13.4)
        imported by: cabal.project
[__5] fail (backjumping, conflict set: data-default-class, pyrethrum, req)
After searching the rest of the dependency tree exhaustively, these were the goals I've had most trouble fulfilling: req, data-default, pyrethrum, data-default-class, falsify, pyrethrum:godlibrary
Try running with --minimize-conflict-set to improve the error message.



No 'hie.yaml' found. Try to discover the project type!
2025-03-05T20:13:09.113285Z | Debug | cabal exec -v0 -- ghc --print-libdir

2025-03-05 20:13:09.1690000 [client] INFO Executing 'ghc --numeric-version' in cwd '/home/john-walker'
2025-03-05 20:13:09.6120000 [client] INFO Platform constants: Linux_UnknownLinux, A_64
2025-03-05 20:13:09.6120000 [client] INFO Checking for ghcup installation
2025-03-05 20:13:09.6220000 [client] INFO found ghcup at ghcup
2025-03-05 20:13:09.6220000 [client] INFO Executing 'ghcup --no-verbose list -t hls -c installed -r' in cwd '/home/john-walker'
2025-03-05 20:13:09.6730000 [client] INFO Checking for ghcup installation
2025-03-05 20:13:09.6850000 [client] INFO found ghcup at ghcup
2025-03-05 20:13:09.6850000 [client] INFO Executing 'ghcup --no-verbose whereis bindir' in cwd '/home/john-walker'
2025-03-05 20:13:09.6990000 [client] INFO Checking for ghcup installation
2025-03-05 20:13:09.7080000 [client] INFO found ghcup at ghcup
2025-03-05 20:13:09.7090000 [client] INFO Executing 'ghcup --no-verbose whereis hls 2.9.0.1' in cwd '/home/john-walker'
2025-03-05 20:13:09.7180000 [client] INFO Checking for ghcup installation
2025-03-05 20:13:09.7270000 [client] INFO found ghcup at ghcup
2025-03-05 20:13:09.7270000 [client] INFO Executing 'ghcup --no-verbose whereis ghc 9.10.1' in cwd '/home/john-walker'
2025-03-05 20:13:09.7360000 [client] INFO Checking for ghcup installation
2025-03-05 20:13:09.7420000 [client] INFO found ghcup at ghcup
2025-03-05 20:13:09.7420000 [client] INFO Executing 'ghcup --no-verbose run --hls 2.9.0.1 --cabal 3.14.1.1 --stack 3.1.1 --ghc 9.10.1 --install' in cwd '/home/john-walker'
2025-03-05 20:13:09.7970000 [client] INFO Activating the language server in working dir: /home/john-walker/repos/pyrethrum (the workspace folder)
2025-03-05 20:13:09.7980000 [client] INFO run command: /home/john-walker/.ghcup/tmp/ghcup-ghc-9.10.1_cabal-3.14.1.1_hls-2.9.0.1_stack-3.1.1/haskell-language-server-wrapper --lsp -l haskell.log
2025-03-05 20:13:09.7980000 [client] INFO debug command: /home/john-walker/.ghcup/tmp/ghcup-ghc-9.10.1_cabal-3.14.1.1_hls-2.9.0.1_stack-3.1.1/haskell-language-server-wrapper --lsp -l haskell.log
2025-03-05 20:13:09.7980000 [client] INFO server cwd: /home/john-walker/repos/pyrethrum
2025-03-05 20:13:09.7980000 [client] INFO server environment variables:
2025-03-05 20:13:09.7980000 [client] INFO   PATH=/home/john-walker/.ghcup/tmp/ghcup-ghc-9.10.1_cabal-3.14.1.1_hls-2.9.0.1_stack-3.1.1:/home/john-walker/Apps:/home/john-walker/.cabal/bin:/home/john-walker/.ghcup/bin:/usr/local/sbin:/usr/local/bin:/usr/sbin:/usr/bin:/sbin:/bin:/usr/games:/usr/local/games:/snap/bin:/snap/bin
2025-03-05 20:13:09.7990000 [client] INFO Starting language server
2025-03-05 20:18:01.4350000 [client] INFO Writing client log to file /home/john-walker/repos/pyrethrum/haskell.log
2025-03-05 20:18:01.4350000 [client] INFO Finding haskell-language-server
2025-03-05 20:18:01.4360000 [client] INFO Checking for ghcup installation
2025-03-05 20:18:01.4390000 [client] INFO found ghcup at ghcup
2025-03-05 20:18:01.4400000 [client] INFO Executing 'ghcup --no-verbose upgrade' in cwd '/home/john-walker'
2025-03-05 20:18:01.5220000 [client] INFO Checking for ghcup installation
2025-03-05 20:18:01.5260000 [client] INFO found ghcup at ghcup
2025-03-05 20:18:01.5260000 [client] INFO Executing 'ghcup --no-verbose list -t hls -c installed -r' in cwd '/home/john-walker'
2025-03-05 20:18:01.5900000 [client] INFO Checking for ghcup installation
2025-03-05 20:18:01.5940000 [client] INFO found ghcup at ghcup
2025-03-05 20:18:01.5940000 [client] INFO Executing 'ghcup --no-verbose list -t cabal -c installed -r' in cwd '/home/john-walker'
2025-03-05 20:18:01.8890000 [client] INFO Checking for ghcup installation
2025-03-05 20:18:01.8930000 [client] INFO found ghcup at ghcup
2025-03-05 20:18:01.8940000 [client] INFO Executing 'ghcup --no-verbose list -t stack -c installed -r' in cwd '/home/john-walker'
2025-03-05 20:18:01.9620000 [client] INFO Checking for ghcup installation
2025-03-05 20:18:01.9670000 [client] INFO found ghcup at ghcup
2025-03-05 20:18:01.9670000 [client] INFO Executing 'ghcup --no-verbose whereis hls 2.9.0.1' in cwd '/home/john-walker'
2025-03-05 20:18:02.0770000 [client] INFO Checking for ghcup installation
2025-03-05 20:18:02.0820000 [client] INFO found ghcup at ghcup
2025-03-05 20:18:02.0830000 [client] INFO Executing 'ghcup --no-verbose whereis cabal 3.14.1.1' in cwd '/home/john-walker'
2025-03-05 20:18:02.2510000 [client] INFO Checking for ghcup installation
2025-03-05 20:18:02.2560000 [client] INFO found ghcup at ghcup
2025-03-05 20:18:02.2560000 [client] INFO Executing 'ghcup --no-verbose whereis stack 3.1.1' in cwd '/home/john-walker'
2025-03-05 20:18:02.2990000 [client] INFO Executing 'ghc --numeric-version' in cwd '/home/john-walker'
2025-03-05 20:18:02.3230000 [client] INFO Checking for ghcup installation
2025-03-05 20:18:02.3280000 [client] INFO found ghcup at ghcup
2025-03-05 20:18:02.3290000 [client] INFO Executing 'ghcup --no-verbose run --hls 2.9.0.1 --cabal 3.14.1.1 --stack 3.1.1 --install' in cwd '/home/john-walker'
2025-03-05 20:18:02.4960000 [client] INFO Working out the project GHC version. This might take a while...
2025-03-05 20:18:02.4970000 [client] INFO Executing 'haskell-language-server-wrapper --project-ghc-version' in cwd '/home/john-walker/repos/pyrethrum'
2025-03-05 20:18:05.3940000 [client] ERROR Error executing 'haskell-language-server-wrapper --project-ghc-version' with error code 1
2025-03-05 20:18:05.3940000 [client] ERROR stderr: No 'hie.yaml' found. Try to discover the project type!
2025-03-05T20:18:05.380309Z | Debug | cabal exec -v0 -- ghc --print-libdir

2025-03-05 20:18:05.3940000 [client] ERROR stdout: Failed to find the GHC version of this Cabal project.
Error when calling cabal exec -v0 -- ghc --print-libdir

Error: [Cabal-7107]
Could not resolve dependencies:
[__0] trying: pyrethrum-0.1.0.0 (user goal)
[__1] trying: pyrethrum:+godlibrary
[__2] trying: falsify-0.2.0 (dependency of pyrethrum +godlibrary)
[__3] next goal: data-default (dependency of falsify)
[__3] rejecting: data-default-0.8.0.0
      (constraint from https://www.stackage.org/nightly-2024-12-05/cabal.config requires ==0.7.1.3)
        imported by: cabal.project
[__3] trying: data-default-0.7.1.3
[__4] next goal: data-default-class (dependency of data-default)
[__4] rejecting: data-default-class-0.2.0.0
      (constraint from https://www.stackage.org/nightly-2024-12-05/cabal.config requires ==0.1.2.2)
        imported by: cabal.project
[__4] trying: data-default-class-0.1.2.2
[__5] next goal: req (dependency of pyrethrum)
[__5] rejecting: req-3.13.4 (conflict: data-default-class==0.1.2.2, req => data-default-class>=0.2.0.0)
[__5] rejecting: req; 3.13.3, 3.13.2, 3.13.1, 3.13.0, 3.12.0, 3.11.0, 3.10.0, 3.9.2, 3.9.1, 3.9.0, 3.8.0, 3.7.0, 3.6.0, 3.5.0, 3.4.0, 3.3.0, 3.2.0, 3.1.0, 3.0.0, 2.1.0, 2.0.1, 2.0.0, 1.2.1, 1.2.0, 1.1.0, 1.0.0, 0.5.0, 0.4.0, 0.3.1, 0.3.0, 0.2.0, 0.1.0
      (constraint from https://www.stackage.org/nightly-2024-12-05/cabal.config requires ==3.13.4)
        imported by: cabal.project
[__5] fail (backjumping, conflict set: data-default-class, pyrethrum, req)
After searching the rest of the dependency tree exhaustively, these were the goals I've had most trouble fulfilling: req, data-default, pyrethrum, data-default-class, falsify, pyrethrum:godlibrary
Try running with --minimize-conflict-set to improve the error message.



2025-03-05 20:18:05.3940000 [client] ERROR Error: haskell-language-server --project-ghc-version exited with exit code 1:
Failed to find the GHC version of this Cabal project.
Error when calling cabal exec -v0 -- ghc --print-libdir

Error: [Cabal-7107]
Could not resolve dependencies:
[__0] trying: pyrethrum-0.1.0.0 (user goal)
[__1] trying: pyrethrum:+godlibrary
[__2] trying: falsify-0.2.0 (dependency of pyrethrum +godlibrary)
[__3] next goal: data-default (dependency of falsify)
[__3] rejecting: data-default-0.8.0.0
      (constraint from https://www.stackage.org/nightly-2024-12-05/cabal.config requires ==0.7.1.3)
        imported by: cabal.project
[__3] trying: data-default-0.7.1.3
[__4] next goal: data-default-class (dependency of data-default)
[__4] rejecting: data-default-class-0.2.0.0
      (constraint from https://www.stackage.org/nightly-2024-12-05/cabal.config requires ==0.1.2.2)
        imported by: cabal.project
[__4] trying: data-default-class-0.1.2.2
[__5] next goal: req (dependency of pyrethrum)
[__5] rejecting: req-3.13.4 (conflict: data-default-class==0.1.2.2, req => data-default-class>=0.2.0.0)
[__5] rejecting: req; 3.13.3, 3.13.2, 3.13.1, 3.13.0, 3.12.0, 3.11.0, 3.10.0, 3.9.2, 3.9.1, 3.9.0, 3.8.0, 3.7.0, 3.6.0, 3.5.0, 3.4.0, 3.3.0, 3.2.0, 3.1.0, 3.0.0, 2.1.0, 2.0.1, 2.0.0, 1.2.1, 1.2.0, 1.1.0, 1.0.0, 0.5.0, 0.4.0, 0.3.1, 0.3.0, 0.2.0, 0.1.0
      (constraint from https://www.stackage.org/nightly-2024-12-05/cabal.config requires ==3.13.4)
        imported by: cabal.project
[__5] fail (backjumping, conflict set: data-default-class, pyrethrum, req)
After searching the rest of the dependency tree exhaustively, these were the goals I've had most trouble fulfilling: req, data-default, pyrethrum, data-default-class, falsify, pyrethrum:godlibrary
Try running with --minimize-conflict-set to improve the error message.



No 'hie.yaml' found. Try to discover the project type!
2025-03-05T20:18:05.380309Z | Debug | cabal exec -v0 -- ghc --print-libdir

2025-03-05 20:18:05.3950000 [client] INFO Executing 'ghc --numeric-version' in cwd '/home/john-walker'
2025-03-05 20:18:05.5270000 [client] INFO Platform constants: Linux_UnknownLinux, A_64
2025-03-05 20:18:05.5270000 [client] INFO Checking for ghcup installation
2025-03-05 20:18:05.5370000 [client] INFO found ghcup at ghcup
2025-03-05 20:18:05.5370000 [client] INFO Executing 'ghcup --no-verbose list -t hls -c installed -r' in cwd '/home/john-walker'
2025-03-05 20:18:05.9860000 [client] INFO Checking for ghcup installation
2025-03-05 20:18:05.9960000 [client] INFO found ghcup at ghcup
2025-03-05 20:18:05.9970000 [client] INFO Executing 'ghcup --no-verbose whereis bindir' in cwd '/home/john-walker'
2025-03-05 20:18:06.0070000 [client] INFO Checking for ghcup installation
2025-03-05 20:18:06.0150000 [client] INFO found ghcup at ghcup
2025-03-05 20:18:06.0150000 [client] INFO Executing 'ghcup --no-verbose whereis hls 2.9.0.1' in cwd '/home/john-walker'
2025-03-05 20:18:06.0240000 [client] INFO Checking for ghcup installation
2025-03-05 20:18:06.0320000 [client] INFO found ghcup at ghcup
2025-03-05 20:18:06.0320000 [client] INFO Executing 'ghcup --no-verbose whereis ghc 9.10.1' in cwd '/home/john-walker'
2025-03-05 20:18:06.0410000 [client] INFO Checking for ghcup installation
2025-03-05 20:18:06.0480000 [client] INFO found ghcup at ghcup
2025-03-05 20:18:06.0490000 [client] INFO Executing 'ghcup --no-verbose run --hls 2.9.0.1 --cabal 3.14.1.1 --stack 3.1.1 --ghc 9.10.1 --install' in cwd '/home/john-walker'
2025-03-05 20:18:06.1040000 [client] INFO Activating the language server in working dir: /home/john-walker/repos/pyrethrum (the workspace folder)
2025-03-05 20:18:06.1040000 [client] INFO run command: /home/john-walker/.ghcup/tmp/ghcup-ghc-9.10.1_cabal-3.14.1.1_hls-2.9.0.1_stack-3.1.1/haskell-language-server-wrapper --lsp -l haskell.log
2025-03-05 20:18:06.1040000 [client] INFO debug command: /home/john-walker/.ghcup/tmp/ghcup-ghc-9.10.1_cabal-3.14.1.1_hls-2.9.0.1_stack-3.1.1/haskell-language-server-wrapper --lsp -l haskell.log
2025-03-05 20:18:06.1040000 [client] INFO server cwd: /home/john-walker/repos/pyrethrum
2025-03-05 20:18:06.1040000 [client] INFO server environment variables:
2025-03-05 20:18:06.1040000 [client] INFO   PATH=/home/john-walker/.ghcup/tmp/ghcup-ghc-9.10.1_cabal-3.14.1.1_hls-2.9.0.1_stack-3.1.1:/home/john-walker/Apps:/home/john-walker/.cabal/bin:/home/john-walker/.ghcup/bin:/usr/local/sbin:/usr/local/bin:/usr/sbin:/usr/bin:/sbin:/bin:/usr/games:/usr/local/games:/snap/bin:/snap/bin
2025-03-05 20:18:06.1060000 [client] INFO Starting language server
2025-03-11 19:53:11.9050000 [client] INFO Writing client log to file /home/john-walker/repos/pyrethrum/haskell.log
2025-03-11 19:53:11.9060000 [client] INFO Finding haskell-language-server
2025-03-11 19:53:11.9070000 [client] INFO Checking for ghcup installation
2025-03-11 19:53:11.9100000 [client] INFO found ghcup at ghcup
2025-03-11 19:53:11.9110000 [client] INFO Executing 'ghcup --no-verbose upgrade' in cwd '/home/john-walker'
2025-03-11 19:53:12.5230000 [client] INFO Checking for ghcup installation
2025-03-11 19:53:12.5270000 [client] INFO found ghcup at ghcup
2025-03-11 19:53:12.5280000 [client] INFO Executing 'ghcup --no-verbose list -t hls -c installed -r' in cwd '/home/john-walker'
2025-03-11 19:53:12.5830000 [client] INFO Checking for ghcup installation
2025-03-11 19:53:12.5880000 [client] INFO found ghcup at ghcup
2025-03-11 19:53:12.5890000 [client] INFO Executing 'ghcup --no-verbose list -t cabal -c installed -r' in cwd '/home/john-walker'
2025-03-11 19:53:12.6390000 [client] INFO Checking for ghcup installation
2025-03-11 19:53:12.6440000 [client] INFO found ghcup at ghcup
2025-03-11 19:53:12.6440000 [client] INFO Executing 'ghcup --no-verbose list -t stack -c installed -r' in cwd '/home/john-walker'
2025-03-11 19:53:12.9040000 [client] INFO Checking for ghcup installation
2025-03-11 19:53:12.9070000 [client] INFO found ghcup at ghcup
2025-03-11 19:53:12.9080000 [client] INFO Executing 'ghcup --no-verbose whereis hls 2.9.0.1' in cwd '/home/john-walker'
2025-03-11 19:53:12.9610000 [client] INFO Checking for ghcup installation
2025-03-11 19:53:12.9640000 [client] INFO found ghcup at ghcup
2025-03-11 19:53:12.9650000 [client] INFO Executing 'ghcup --no-verbose whereis cabal 3.14.1.1' in cwd '/home/john-walker'
2025-03-11 19:53:13.0180000 [client] INFO Checking for ghcup installation
2025-03-11 19:53:13.0230000 [client] INFO found ghcup at ghcup
2025-03-11 19:53:13.0230000 [client] INFO Executing 'ghcup --no-verbose whereis stack 3.1.1' in cwd '/home/john-walker'
2025-03-11 19:53:13.0550000 [client] INFO Executing 'ghc --numeric-version' in cwd '/home/john-walker'
2025-03-11 19:53:13.2090000 [client] INFO Checking for ghcup installation
2025-03-11 19:53:13.2140000 [client] INFO found ghcup at ghcup
2025-03-11 19:53:13.2150000 [client] INFO Executing 'ghcup --no-verbose run --hls 2.9.0.1 --cabal 3.14.1.1 --stack 3.1.1 --install' in cwd '/home/john-walker'
2025-03-11 19:53:13.2930000 [client] INFO Working out the project GHC version. This might take a while...
2025-03-11 19:53:13.2930000 [client] INFO Executing 'haskell-language-server-wrapper --project-ghc-version' in cwd '/home/john-walker/repos/pyrethrum'
2025-03-11 19:53:16.4430000 [client] ERROR Error executing 'haskell-language-server-wrapper --project-ghc-version' with error code 1
2025-03-11 19:53:16.4430000 [client] ERROR stderr: No 'hie.yaml' found. Try to discover the project type!
2025-03-11T19:53:16.439416Z | Debug | cabal exec -v0 -- ghc --print-libdir

2025-03-11 19:53:16.4430000 [client] ERROR stdout: Failed to find the GHC version of this Cabal project.
Error when calling cabal exec -v0 -- ghc --print-libdir

Error: [Cabal-7107]
Could not resolve dependencies:
[__0] trying: pyrethrum-0.1.0.0 (user goal)
[__1] trying: pyrethrum:+godlibrary
[__2] trying: falsify-0.2.0 (dependency of pyrethrum +godlibrary)
[__3] next goal: data-default (dependency of falsify)
[__3] rejecting: data-default-0.8.0.0
      (constraint from https://www.stackage.org/nightly-2024-12-05/cabal.config requires ==0.7.1.3)
        imported by: cabal.project
[__3] trying: data-default-0.7.1.3
[__4] next goal: data-default-class (dependency of data-default)
[__4] rejecting: data-default-class-0.2.0.0
      (constraint from https://www.stackage.org/nightly-2024-12-05/cabal.config requires ==0.1.2.2)
        imported by: cabal.project
[__4] trying: data-default-class-0.1.2.2
[__5] next goal: req (dependency of pyrethrum)
[__5] rejecting: req-3.13.4 (conflict: data-default-class==0.1.2.2, req => data-default-class>=0.2.0.0)
[__5] rejecting: req; 3.13.3, 3.13.2, 3.13.1, 3.13.0, 3.12.0, 3.11.0, 3.10.0, 3.9.2, 3.9.1, 3.9.0, 3.8.0, 3.7.0, 3.6.0, 3.5.0, 3.4.0, 3.3.0, 3.2.0, 3.1.0, 3.0.0, 2.1.0, 2.0.1, 2.0.0, 1.2.1, 1.2.0, 1.1.0, 1.0.0, 0.5.0, 0.4.0, 0.3.1, 0.3.0, 0.2.0, 0.1.0
      (constraint from https://www.stackage.org/nightly-2024-12-05/cabal.config requires ==3.13.4)
        imported by: cabal.project
[__5] fail (backjumping, conflict set: data-default-class, pyrethrum, req)
After searching the rest of the dependency tree exhaustively, these were the goals I've had most trouble fulfilling: req, data-default, pyrethrum, data-default-class, falsify, pyrethrum:godlibrary
Try running with --minimize-conflict-set to improve the error message.



2025-03-11 19:53:16.4430000 [client] ERROR Error: haskell-language-server --project-ghc-version exited with exit code 1:
Failed to find the GHC version of this Cabal project.
Error when calling cabal exec -v0 -- ghc --print-libdir

Error: [Cabal-7107]
Could not resolve dependencies:
[__0] trying: pyrethrum-0.1.0.0 (user goal)
[__1] trying: pyrethrum:+godlibrary
[__2] trying: falsify-0.2.0 (dependency of pyrethrum +godlibrary)
[__3] next goal: data-default (dependency of falsify)
[__3] rejecting: data-default-0.8.0.0
      (constraint from https://www.stackage.org/nightly-2024-12-05/cabal.config requires ==0.7.1.3)
        imported by: cabal.project
[__3] trying: data-default-0.7.1.3
[__4] next goal: data-default-class (dependency of data-default)
[__4] rejecting: data-default-class-0.2.0.0
      (constraint from https://www.stackage.org/nightly-2024-12-05/cabal.config requires ==0.1.2.2)
        imported by: cabal.project
[__4] trying: data-default-class-0.1.2.2
[__5] next goal: req (dependency of pyrethrum)
[__5] rejecting: req-3.13.4 (conflict: data-default-class==0.1.2.2, req => data-default-class>=0.2.0.0)
[__5] rejecting: req; 3.13.3, 3.13.2, 3.13.1, 3.13.0, 3.12.0, 3.11.0, 3.10.0, 3.9.2, 3.9.1, 3.9.0, 3.8.0, 3.7.0, 3.6.0, 3.5.0, 3.4.0, 3.3.0, 3.2.0, 3.1.0, 3.0.0, 2.1.0, 2.0.1, 2.0.0, 1.2.1, 1.2.0, 1.1.0, 1.0.0, 0.5.0, 0.4.0, 0.3.1, 0.3.0, 0.2.0, 0.1.0
      (constraint from https://www.stackage.org/nightly-2024-12-05/cabal.config requires ==3.13.4)
        imported by: cabal.project
[__5] fail (backjumping, conflict set: data-default-class, pyrethrum, req)
After searching the rest of the dependency tree exhaustively, these were the goals I've had most trouble fulfilling: req, data-default, pyrethrum, data-default-class, falsify, pyrethrum:godlibrary
Try running with --minimize-conflict-set to improve the error message.



No 'hie.yaml' found. Try to discover the project type!
2025-03-11T19:53:16.439416Z | Debug | cabal exec -v0 -- ghc --print-libdir

2025-03-11 19:53:16.4430000 [client] INFO Executing 'ghc --numeric-version' in cwd '/home/john-walker'
2025-03-11 19:53:16.9450000 [client] INFO Platform constants: Linux_UnknownLinux, A_64
2025-03-11 19:53:16.9450000 [client] INFO Checking for ghcup installation
2025-03-11 19:53:16.9540000 [client] INFO found ghcup at ghcup
2025-03-11 19:53:16.9550000 [client] INFO Executing 'ghcup --no-verbose list -t hls -c installed -r' in cwd '/home/john-walker'
2025-03-11 19:53:17.0040000 [client] INFO Checking for ghcup installation
2025-03-11 19:53:17.0130000 [client] INFO found ghcup at ghcup
2025-03-11 19:53:17.0130000 [client] INFO Executing 'ghcup --no-verbose whereis bindir' in cwd '/home/john-walker'
2025-03-11 19:53:17.0220000 [client] INFO Checking for ghcup installation
2025-03-11 19:53:17.0290000 [client] INFO found ghcup at ghcup
2025-03-11 19:53:17.0290000 [client] INFO Executing 'ghcup --no-verbose whereis hls 2.9.0.1' in cwd '/home/john-walker'
2025-03-11 19:53:17.0380000 [client] INFO Checking for ghcup installation
2025-03-11 19:53:17.0450000 [client] INFO found ghcup at ghcup
2025-03-11 19:53:17.0450000 [client] INFO Executing 'ghcup --no-verbose whereis ghc 9.10.1' in cwd '/home/john-walker'
2025-03-11 19:53:17.0530000 [client] INFO Checking for ghcup installation
2025-03-11 19:53:17.0600000 [client] INFO found ghcup at ghcup
2025-03-11 19:53:17.0600000 [client] INFO Executing 'ghcup --no-verbose run --hls 2.9.0.1 --cabal 3.14.1.1 --stack 3.1.1 --ghc 9.10.1 --install' in cwd '/home/john-walker'
2025-03-11 19:53:17.1180000 [client] INFO Activating the language server in working dir: /home/john-walker/repos/pyrethrum (the workspace folder)
2025-03-11 19:53:17.1180000 [client] INFO run command: /home/john-walker/.ghcup/tmp/ghcup-ghc-9.10.1_cabal-3.14.1.1_hls-2.9.0.1_stack-3.1.1/haskell-language-server-wrapper --lsp -l haskell.log
2025-03-11 19:53:17.1180000 [client] INFO debug command: /home/john-walker/.ghcup/tmp/ghcup-ghc-9.10.1_cabal-3.14.1.1_hls-2.9.0.1_stack-3.1.1/haskell-language-server-wrapper --lsp -l haskell.log
2025-03-11 19:53:17.1180000 [client] INFO server cwd: /home/john-walker/repos/pyrethrum
2025-03-11 19:53:17.1180000 [client] INFO server environment variables:
2025-03-11 19:53:17.1180000 [client] INFO   PATH=/home/john-walker/.ghcup/tmp/ghcup-ghc-9.10.1_cabal-3.14.1.1_hls-2.9.0.1_stack-3.1.1:/home/john-walker/Apps:/home/john-walker/.cabal/bin:/home/john-walker/.ghcup/bin:/usr/local/sbin:/usr/local/bin:/usr/sbin:/usr/bin:/sbin:/bin:/usr/games:/usr/local/games:/snap/bin:/snap/bin
2025-03-11 19:53:17.1200000 [client] INFO Starting language server
2025-03-11 19:53:41.6980000 [client] INFO Writing client log to file /home/john-walker/repos/pyrethrum/haskell.log
2025-03-11 19:53:41.6990000 [client] INFO Finding haskell-language-server
2025-03-11 19:53:41.6990000 [client] INFO Checking for ghcup installation
2025-03-11 19:53:41.7050000 [client] INFO found ghcup at ghcup
2025-03-11 19:53:41.7050000 [client] INFO Executing 'ghcup --no-verbose upgrade' in cwd '/home/john-walker'
2025-03-11 19:53:41.9240000 [client] INFO Checking for ghcup installation
2025-03-11 19:53:41.9290000 [client] INFO found ghcup at ghcup
2025-03-11 19:53:41.9290000 [client] INFO Executing 'ghcup --no-verbose list -t hls -c installed -r' in cwd '/home/john-walker'
2025-03-11 19:53:42.0260000 [client] INFO Checking for ghcup installation
2025-03-11 19:53:42.0320000 [client] INFO found ghcup at ghcup
2025-03-11 19:53:42.0320000 [client] INFO Executing 'ghcup --no-verbose list -t cabal -c installed -r' in cwd '/home/john-walker'
2025-03-11 19:53:42.1490000 [client] INFO Checking for ghcup installation
2025-03-11 19:53:42.1550000 [client] INFO found ghcup at ghcup
2025-03-11 19:53:42.1560000 [client] INFO Executing 'ghcup --no-verbose list -t stack -c installed -r' in cwd '/home/john-walker'
2025-03-11 19:53:42.3190000 [client] INFO Checking for ghcup installation
2025-03-11 19:53:42.3230000 [client] INFO found ghcup at ghcup
2025-03-11 19:53:42.3230000 [client] INFO Executing 'ghcup --no-verbose whereis hls 2.9.0.1' in cwd '/home/john-walker'
2025-03-11 19:53:42.3440000 [client] INFO Checking for ghcup installation
2025-03-11 19:53:42.3490000 [client] INFO found ghcup at ghcup
2025-03-11 19:53:42.3490000 [client] INFO Executing 'ghcup --no-verbose whereis cabal 3.14.1.1' in cwd '/home/john-walker'
2025-03-11 19:53:42.3610000 [client] INFO Checking for ghcup installation
2025-03-11 19:53:42.3670000 [client] INFO found ghcup at ghcup
2025-03-11 19:53:42.3670000 [client] INFO Executing 'ghcup --no-verbose whereis stack 3.1.1' in cwd '/home/john-walker'
2025-03-11 19:53:42.3960000 [client] INFO Executing 'ghc --numeric-version' in cwd '/home/john-walker'
2025-03-11 19:53:42.4480000 [client] INFO Checking for ghcup installation
2025-03-11 19:53:42.4540000 [client] INFO found ghcup at ghcup
2025-03-11 19:53:42.4540000 [client] INFO Executing 'ghcup --no-verbose run --hls 2.9.0.1 --cabal 3.14.1.1 --stack 3.1.1 --install' in cwd '/home/john-walker'
2025-03-11 19:53:42.5280000 [client] INFO Working out the project GHC version. This might take a while...
2025-03-11 19:53:42.5290000 [client] INFO Executing 'haskell-language-server-wrapper --project-ghc-version' in cwd '/home/john-walker/repos/pyrethrum'
2025-03-11 19:53:45.9920000 [client] ERROR Error executing 'haskell-language-server-wrapper --project-ghc-version' with error code 1
2025-03-11 19:53:45.9920000 [client] ERROR stderr: No 'hie.yaml' found. Try to discover the project type!
2025-03-11T19:53:45.991320Z | Debug | cabal exec -v0 -- ghc --print-libdir

2025-03-11 19:53:45.9920000 [client] ERROR stdout: Failed to find the GHC version of this Cabal project.
Error when calling cabal exec -v0 -- ghc --print-libdir

Error: [Cabal-7107]
Could not resolve dependencies:
[__0] trying: pyrethrum-0.1.0.0 (user goal)
[__1] trying: pyrethrum:+godlibrary
[__2] trying: falsify-0.2.0 (dependency of pyrethrum +godlibrary)
[__3] next goal: data-default (dependency of falsify)
[__3] rejecting: data-default-0.8.0.0
      (constraint from https://www.stackage.org/nightly-2024-12-05/cabal.config requires ==0.7.1.3)
        imported by: cabal.project
[__3] trying: data-default-0.7.1.3
[__4] next goal: data-default-class (dependency of data-default)
[__4] rejecting: data-default-class-0.2.0.0
      (constraint from https://www.stackage.org/nightly-2024-12-05/cabal.config requires ==0.1.2.2)
        imported by: cabal.project
[__4] trying: data-default-class-0.1.2.2
[__5] next goal: req (dependency of pyrethrum)
[__5] rejecting: req-3.13.4 (conflict: data-default-class==0.1.2.2, req => data-default-class>=0.2.0.0)
[__5] rejecting: req; 3.13.3, 3.13.2, 3.13.1, 3.13.0, 3.12.0, 3.11.0, 3.10.0, 3.9.2, 3.9.1, 3.9.0, 3.8.0, 3.7.0, 3.6.0, 3.5.0, 3.4.0, 3.3.0, 3.2.0, 3.1.0, 3.0.0, 2.1.0, 2.0.1, 2.0.0, 1.2.1, 1.2.0, 1.1.0, 1.0.0, 0.5.0, 0.4.0, 0.3.1, 0.3.0, 0.2.0, 0.1.0
      (constraint from https://www.stackage.org/nightly-2024-12-05/cabal.config requires ==3.13.4)
        imported by: cabal.project
[__5] fail (backjumping, conflict set: data-default-class, pyrethrum, req)
After searching the rest of the dependency tree exhaustively, these were the goals I've had most trouble fulfilling: req, data-default, pyrethrum, data-default-class, falsify, pyrethrum:godlibrary
Try running with --minimize-conflict-set to improve the error message.



2025-03-11 19:53:45.9920000 [client] ERROR Error: haskell-language-server --project-ghc-version exited with exit code 1:
Failed to find the GHC version of this Cabal project.
Error when calling cabal exec -v0 -- ghc --print-libdir

Error: [Cabal-7107]
Could not resolve dependencies:
[__0] trying: pyrethrum-0.1.0.0 (user goal)
[__1] trying: pyrethrum:+godlibrary
[__2] trying: falsify-0.2.0 (dependency of pyrethrum +godlibrary)
[__3] next goal: data-default (dependency of falsify)
[__3] rejecting: data-default-0.8.0.0
      (constraint from https://www.stackage.org/nightly-2024-12-05/cabal.config requires ==0.7.1.3)
        imported by: cabal.project
[__3] trying: data-default-0.7.1.3
[__4] next goal: data-default-class (dependency of data-default)
[__4] rejecting: data-default-class-0.2.0.0
      (constraint from https://www.stackage.org/nightly-2024-12-05/cabal.config requires ==0.1.2.2)
        imported by: cabal.project
[__4] trying: data-default-class-0.1.2.2
[__5] next goal: req (dependency of pyrethrum)
[__5] rejecting: req-3.13.4 (conflict: data-default-class==0.1.2.2, req => data-default-class>=0.2.0.0)
[__5] rejecting: req; 3.13.3, 3.13.2, 3.13.1, 3.13.0, 3.12.0, 3.11.0, 3.10.0, 3.9.2, 3.9.1, 3.9.0, 3.8.0, 3.7.0, 3.6.0, 3.5.0, 3.4.0, 3.3.0, 3.2.0, 3.1.0, 3.0.0, 2.1.0, 2.0.1, 2.0.0, 1.2.1, 1.2.0, 1.1.0, 1.0.0, 0.5.0, 0.4.0, 0.3.1, 0.3.0, 0.2.0, 0.1.0
      (constraint from https://www.stackage.org/nightly-2024-12-05/cabal.config requires ==3.13.4)
        imported by: cabal.project
[__5] fail (backjumping, conflict set: data-default-class, pyrethrum, req)
After searching the rest of the dependency tree exhaustively, these were the goals I've had most trouble fulfilling: req, data-default, pyrethrum, data-default-class, falsify, pyrethrum:godlibrary
Try running with --minimize-conflict-set to improve the error message.



No 'hie.yaml' found. Try to discover the project type!
2025-03-11T19:53:45.991320Z | Debug | cabal exec -v0 -- ghc --print-libdir

2025-03-11 19:53:45.9930000 [client] INFO Executing 'ghc --numeric-version' in cwd '/home/john-walker'
2025-03-11 19:53:46.1780000 [client] INFO Platform constants: Linux_UnknownLinux, A_64
2025-03-11 19:53:46.1780000 [client] INFO Checking for ghcup installation
2025-03-11 19:53:46.1880000 [client] INFO found ghcup at ghcup
2025-03-11 19:53:46.1880000 [client] INFO Executing 'ghcup --no-verbose list -t hls -c installed -r' in cwd '/home/john-walker'
2025-03-11 19:53:46.2380000 [client] INFO Checking for ghcup installation
2025-03-11 19:53:46.2480000 [client] INFO found ghcup at ghcup
2025-03-11 19:53:46.2480000 [client] INFO Executing 'ghcup --no-verbose whereis bindir' in cwd '/home/john-walker'
2025-03-11 19:53:46.2560000 [client] INFO Checking for ghcup installation
2025-03-11 19:53:46.2630000 [client] INFO found ghcup at ghcup
2025-03-11 19:53:46.2630000 [client] INFO Executing 'ghcup --no-verbose whereis hls 2.9.0.1' in cwd '/home/john-walker'
2025-03-11 19:53:46.2710000 [client] INFO Checking for ghcup installation
2025-03-11 19:53:46.2770000 [client] INFO found ghcup at ghcup
2025-03-11 19:53:46.2770000 [client] INFO Executing 'ghcup --no-verbose whereis ghc 9.10.1' in cwd '/home/john-walker'
2025-03-11 19:53:46.2870000 [client] INFO Checking for ghcup installation
2025-03-11 19:53:46.2950000 [client] INFO found ghcup at ghcup
2025-03-11 19:53:46.2950000 [client] INFO Executing 'ghcup --no-verbose run --hls 2.9.0.1 --cabal 3.14.1.1 --stack 3.1.1 --ghc 9.10.1 --install' in cwd '/home/john-walker'
2025-03-11 19:53:46.3480000 [client] INFO Activating the language server in working dir: /home/john-walker/repos/pyrethrum (the workspace folder)
2025-03-11 19:53:46.3480000 [client] INFO run command: /home/john-walker/.ghcup/tmp/ghcup-ghc-9.10.1_cabal-3.14.1.1_hls-2.9.0.1_stack-3.1.1/haskell-language-server-wrapper --lsp -l haskell.log
2025-03-11 19:53:46.3480000 [client] INFO debug command: /home/john-walker/.ghcup/tmp/ghcup-ghc-9.10.1_cabal-3.14.1.1_hls-2.9.0.1_stack-3.1.1/haskell-language-server-wrapper --lsp -l haskell.log
2025-03-11 19:53:46.3480000 [client] INFO server cwd: /home/john-walker/repos/pyrethrum
2025-03-11 19:53:46.3480000 [client] INFO server environment variables:
2025-03-11 19:53:46.3480000 [client] INFO   PATH=/home/john-walker/.ghcup/tmp/ghcup-ghc-9.10.1_cabal-3.14.1.1_hls-2.9.0.1_stack-3.1.1:/home/john-walker/Apps:/home/john-walker/.cabal/bin:/home/john-walker/.ghcup/bin:/usr/local/sbin:/usr/local/bin:/usr/sbin:/usr/bin:/sbin:/bin:/usr/games:/usr/local/games:/snap/bin:/snap/bin
2025-03-11 19:53:46.3500000 [client] INFO Starting language server
2025-03-11 20:34:35.3740000 [client] INFO Writing client log to file /home/john-walker/repos/pyrethrum/haskell.log
2025-03-11 20:34:35.3750000 [client] INFO Finding haskell-language-server
2025-03-11 20:34:35.3750000 [client] INFO Checking for ghcup installation
2025-03-11 20:34:35.3790000 [client] INFO found ghcup at ghcup
2025-03-11 20:34:35.3800000 [client] INFO Executing 'ghcup --no-verbose upgrade' in cwd '/home/john-walker'
2025-03-11 20:34:36.2340000 [client] INFO Checking for ghcup installation
2025-03-11 20:34:36.2410000 [client] INFO found ghcup at ghcup
2025-03-11 20:34:36.2410000 [client] INFO Executing 'ghcup --no-verbose list -t hls -c installed -r' in cwd '/home/john-walker'
2025-03-11 20:34:36.3070000 [client] INFO Checking for ghcup installation
2025-03-11 20:34:36.3140000 [client] INFO found ghcup at ghcup
2025-03-11 20:34:36.3140000 [client] INFO Executing 'ghcup --no-verbose list -t cabal -c installed -r' in cwd '/home/john-walker'
2025-03-11 20:34:36.4410000 [client] INFO Checking for ghcup installation
2025-03-11 20:34:36.4500000 [client] INFO found ghcup at ghcup
2025-03-11 20:34:36.4500000 [client] INFO Executing 'ghcup --no-verbose list -t stack -c installed -r' in cwd '/home/john-walker'
2025-03-11 20:34:36.5360000 [client] INFO Checking for ghcup installation
2025-03-11 20:34:36.5430000 [client] INFO found ghcup at ghcup
2025-03-11 20:34:36.5440000 [client] INFO Executing 'ghcup --no-verbose whereis hls 2.9.0.1' in cwd '/home/john-walker'
2025-03-11 20:34:36.6880000 [client] INFO Checking for ghcup installation
2025-03-11 20:34:36.6920000 [client] INFO found ghcup at ghcup
2025-03-11 20:34:36.6930000 [client] INFO Executing 'ghcup --no-verbose whereis cabal 3.14.1.1' in cwd '/home/john-walker'
2025-03-11 20:34:36.7180000 [client] INFO Checking for ghcup installation
2025-03-11 20:34:36.7260000 [client] INFO found ghcup at ghcup
2025-03-11 20:34:36.7270000 [client] INFO Executing 'ghcup --no-verbose whereis stack 3.1.1' in cwd '/home/john-walker'
2025-03-11 20:34:36.7740000 [client] INFO Executing 'ghc --numeric-version' in cwd '/home/john-walker'
2025-03-11 20:34:36.8160000 [client] INFO Checking for ghcup installation
2025-03-11 20:34:36.8220000 [client] INFO found ghcup at ghcup
2025-03-11 20:34:36.8230000 [client] INFO Executing 'ghcup --no-verbose run --hls 2.9.0.1 --cabal 3.14.1.1 --stack 3.1.1 --install' in cwd '/home/john-walker'
2025-03-11 20:34:36.8910000 [client] INFO Working out the project GHC version. This might take a while...
2025-03-11 20:34:36.8910000 [client] INFO Executing 'haskell-language-server-wrapper --project-ghc-version' in cwd '/home/john-walker/repos/pyrethrum'
2025-03-11 20:34:39.4260000 [client] ERROR Error executing 'haskell-language-server-wrapper --project-ghc-version' with error code 1
2025-03-11 20:34:39.4260000 [client] ERROR stderr: No 'hie.yaml' found. Try to discover the project type!
2025-03-11T20:34:39.425283Z | Debug | cabal exec -v0 -- ghc --print-libdir

2025-03-11 20:34:39.4260000 [client] ERROR stdout: Failed to find the GHC version of this Cabal project.
Error when calling cabal exec -v0 -- ghc --print-libdir

Error: [Cabal-7107]
Could not resolve dependencies:
[__0] trying: pyrethrum-0.1.0.0 (user goal)
[__1] trying: pyrethrum:+godlibrary
[__2] trying: falsify-0.2.0 (dependency of pyrethrum +godlibrary)
[__3] next goal: data-default (dependency of falsify)
[__3] rejecting: data-default-0.8.0.0
      (constraint from https://www.stackage.org/nightly-2024-12-05/cabal.config requires ==0.7.1.3)
        imported by: cabal.project
[__3] trying: data-default-0.7.1.3
[__4] next goal: data-default-class (dependency of data-default)
[__4] rejecting: data-default-class-0.2.0.0
      (constraint from https://www.stackage.org/nightly-2024-12-05/cabal.config requires ==0.1.2.2)
        imported by: cabal.project
[__4] trying: data-default-class-0.1.2.2
[__5] next goal: req (dependency of pyrethrum)
[__5] rejecting: req-3.13.4 (conflict: data-default-class==0.1.2.2, req => data-default-class>=0.2.0.0)
[__5] rejecting: req; 3.13.3, 3.13.2, 3.13.1, 3.13.0, 3.12.0, 3.11.0, 3.10.0, 3.9.2, 3.9.1, 3.9.0, 3.8.0, 3.7.0, 3.6.0, 3.5.0, 3.4.0, 3.3.0, 3.2.0, 3.1.0, 3.0.0, 2.1.0, 2.0.1, 2.0.0, 1.2.1, 1.2.0, 1.1.0, 1.0.0, 0.5.0, 0.4.0, 0.3.1, 0.3.0, 0.2.0, 0.1.0
      (constraint from https://www.stackage.org/nightly-2024-12-05/cabal.config requires ==3.13.4)
        imported by: cabal.project
[__5] fail (backjumping, conflict set: data-default-class, pyrethrum, req)
After searching the rest of the dependency tree exhaustively, these were the goals I've had most trouble fulfilling: req, data-default, pyrethrum, data-default-class, falsify, pyrethrum:godlibrary
Try running with --minimize-conflict-set to improve the error message.



2025-03-11 20:34:39.4260000 [client] ERROR Error: haskell-language-server --project-ghc-version exited with exit code 1:
Failed to find the GHC version of this Cabal project.
Error when calling cabal exec -v0 -- ghc --print-libdir

Error: [Cabal-7107]
Could not resolve dependencies:
[__0] trying: pyrethrum-0.1.0.0 (user goal)
[__1] trying: pyrethrum:+godlibrary
[__2] trying: falsify-0.2.0 (dependency of pyrethrum +godlibrary)
[__3] next goal: data-default (dependency of falsify)
[__3] rejecting: data-default-0.8.0.0
      (constraint from https://www.stackage.org/nightly-2024-12-05/cabal.config requires ==0.7.1.3)
        imported by: cabal.project
[__3] trying: data-default-0.7.1.3
[__4] next goal: data-default-class (dependency of data-default)
[__4] rejecting: data-default-class-0.2.0.0
      (constraint from https://www.stackage.org/nightly-2024-12-05/cabal.config requires ==0.1.2.2)
        imported by: cabal.project
[__4] trying: data-default-class-0.1.2.2
[__5] next goal: req (dependency of pyrethrum)
[__5] rejecting: req-3.13.4 (conflict: data-default-class==0.1.2.2, req => data-default-class>=0.2.0.0)
[__5] rejecting: req; 3.13.3, 3.13.2, 3.13.1, 3.13.0, 3.12.0, 3.11.0, 3.10.0, 3.9.2, 3.9.1, 3.9.0, 3.8.0, 3.7.0, 3.6.0, 3.5.0, 3.4.0, 3.3.0, 3.2.0, 3.1.0, 3.0.0, 2.1.0, 2.0.1, 2.0.0, 1.2.1, 1.2.0, 1.1.0, 1.0.0, 0.5.0, 0.4.0, 0.3.1, 0.3.0, 0.2.0, 0.1.0
      (constraint from https://www.stackage.org/nightly-2024-12-05/cabal.config requires ==3.13.4)
        imported by: cabal.project
[__5] fail (backjumping, conflict set: data-default-class, pyrethrum, req)
After searching the rest of the dependency tree exhaustively, these were the goals I've had most trouble fulfilling: req, data-default, pyrethrum, data-default-class, falsify, pyrethrum:godlibrary
Try running with --minimize-conflict-set to improve the error message.



No 'hie.yaml' found. Try to discover the project type!
2025-03-11T20:34:39.425283Z | Debug | cabal exec -v0 -- ghc --print-libdir

2025-03-11 20:34:39.4270000 [client] INFO Executing 'ghc --numeric-version' in cwd '/home/john-walker'
2025-03-11 20:34:39.9010000 [client] INFO Platform constants: Linux_UnknownLinux, A_64
2025-03-11 20:34:39.9010000 [client] INFO Checking for ghcup installation
2025-03-11 20:34:39.9130000 [client] INFO found ghcup at ghcup
2025-03-11 20:34:39.9140000 [client] INFO Executing 'ghcup --no-verbose list -t hls -c installed -r' in cwd '/home/john-walker'
2025-03-11 20:34:40.0240000 [client] INFO Checking for ghcup installation
2025-03-11 20:34:40.0360000 [client] INFO found ghcup at ghcup
2025-03-11 20:34:40.0360000 [client] INFO Executing 'ghcup --no-verbose whereis bindir' in cwd '/home/john-walker'
2025-03-11 20:34:40.0500000 [client] INFO Checking for ghcup installation
2025-03-11 20:34:40.0640000 [client] INFO found ghcup at ghcup
2025-03-11 20:34:40.0650000 [client] INFO Executing 'ghcup --no-verbose whereis hls 2.9.0.1' in cwd '/home/john-walker'
2025-03-11 20:34:40.0800000 [client] INFO Checking for ghcup installation
2025-03-11 20:34:40.0860000 [client] INFO found ghcup at ghcup
2025-03-11 20:34:40.0860000 [client] INFO Executing 'ghcup --no-verbose whereis ghc 9.10.1' in cwd '/home/john-walker'
2025-03-11 20:34:40.0950000 [client] INFO Checking for ghcup installation
2025-03-11 20:34:40.1010000 [client] INFO found ghcup at ghcup
2025-03-11 20:34:40.1010000 [client] INFO Executing 'ghcup --no-verbose run --hls 2.9.0.1 --cabal 3.14.1.1 --stack 3.1.1 --ghc 9.10.1 --install' in cwd '/home/john-walker'
2025-03-11 20:34:40.1570000 [client] INFO Activating the language server in working dir: /home/john-walker/repos/pyrethrum (the workspace folder)
2025-03-11 20:34:40.1570000 [client] INFO run command: /home/john-walker/.ghcup/tmp/ghcup-ghc-9.10.1_cabal-3.14.1.1_hls-2.9.0.1_stack-3.1.1/haskell-language-server-wrapper --lsp -l haskell.log
2025-03-11 20:34:40.1570000 [client] INFO debug command: /home/john-walker/.ghcup/tmp/ghcup-ghc-9.10.1_cabal-3.14.1.1_hls-2.9.0.1_stack-3.1.1/haskell-language-server-wrapper --lsp -l haskell.log
2025-03-11 20:34:40.1570000 [client] INFO server cwd: /home/john-walker/repos/pyrethrum
2025-03-11 20:34:40.1570000 [client] INFO server environment variables:
2025-03-11 20:34:40.1570000 [client] INFO   PATH=/home/john-walker/.ghcup/tmp/ghcup-ghc-9.10.1_cabal-3.14.1.1_hls-2.9.0.1_stack-3.1.1:/home/john-walker/.cabal/bin:/home/john-walker/.ghcup/bin:/usr/local/sbin:/usr/local/bin:/usr/sbin:/usr/bin:/sbin:/bin:/usr/games:/usr/local/games:/snap/bin:/snap/bin
2025-03-11 20:34:40.1590000 [client] INFO Starting language server
2025-03-14 23:14:10.7670000 [client] INFO Writing client log to file /home/john-walker/repos/pyrethrum/haskell.log
2025-03-14 23:14:10.7680000 [client] INFO Finding haskell-language-server
2025-03-14 23:14:10.7680000 [client] INFO Checking for ghcup installation
2025-03-14 23:14:10.7720000 [client] INFO found ghcup at ghcup
2025-03-14 23:14:10.7720000 [client] INFO Executing 'ghcup --no-verbose upgrade' in cwd '/home/john-walker'
2025-03-14 23:14:11.5370000 [client] INFO Checking for ghcup installation
2025-03-14 23:14:11.5430000 [client] INFO found ghcup at ghcup
2025-03-14 23:14:11.5430000 [client] INFO Executing 'ghcup --no-verbose list -t hls -c installed -r' in cwd '/home/john-walker'
2025-03-14 23:14:11.6980000 [client] INFO Checking for ghcup installation
2025-03-14 23:14:11.7040000 [client] INFO found ghcup at ghcup
2025-03-14 23:14:11.7040000 [client] INFO Executing 'ghcup --no-verbose list -t cabal -c installed -r' in cwd '/home/john-walker'
2025-03-14 23:14:11.8500000 [client] INFO Checking for ghcup installation
2025-03-14 23:14:11.8570000 [client] INFO found ghcup at ghcup
2025-03-14 23:14:11.8570000 [client] INFO Executing 'ghcup --no-verbose list -t stack -c installed -r' in cwd '/home/john-walker'
2025-03-14 23:14:11.9300000 [client] INFO Checking for ghcup installation
2025-03-14 23:14:11.9360000 [client] INFO found ghcup at ghcup
2025-03-14 23:14:11.9360000 [client] INFO Executing 'ghcup --no-verbose whereis hls 2.9.0.1' in cwd '/home/john-walker'
2025-03-14 23:14:11.9450000 [client] INFO Checking for ghcup installation
2025-03-14 23:14:11.9490000 [client] INFO found ghcup at ghcup
2025-03-14 23:14:11.9490000 [client] INFO Executing 'ghcup --no-verbose whereis cabal 3.14.1.1' in cwd '/home/john-walker'
2025-03-14 23:14:11.9590000 [client] INFO Checking for ghcup installation
2025-03-14 23:14:11.9650000 [client] INFO found ghcup at ghcup
2025-03-14 23:14:11.9650000 [client] INFO Executing 'ghcup --no-verbose whereis stack 3.1.1' in cwd '/home/john-walker'
2025-03-14 23:14:12.0130000 [client] INFO Executing 'ghc --numeric-version' in cwd '/home/john-walker'
2025-03-14 23:14:12.0410000 [client] INFO Checking for ghcup installation
2025-03-14 23:14:12.0460000 [client] INFO found ghcup at ghcup
2025-03-14 23:14:12.0460000 [client] INFO Executing 'ghcup --no-verbose run --hls 2.9.0.1 --cabal 3.14.1.1 --stack 3.1.1 --install' in cwd '/home/john-walker'
2025-03-14 23:14:12.5540000 [client] INFO Working out the project GHC version. This might take a while...
2025-03-14 23:14:12.5550000 [client] INFO Executing 'haskell-language-server-wrapper --project-ghc-version' in cwd '/home/john-walker/repos/pyrethrum'
2025-03-14 23:14:15.1680000 [client] ERROR Error executing 'haskell-language-server-wrapper --project-ghc-version' with error code 1
2025-03-14 23:14:15.1680000 [client] ERROR stderr: No 'hie.yaml' found. Try to discover the project type!
2025-03-14T23:14:15.167422Z | Debug | cabal exec -v0 -- ghc --print-libdir

2025-03-14 23:14:15.1680000 [client] ERROR stdout: Failed to find the GHC version of this Cabal project.
Error when calling cabal exec -v0 -- ghc --print-libdir

Error: [Cabal-7107]
Could not resolve dependencies:
[__0] trying: pyrethrum-0.1.0.0 (user goal)
[__1] trying: pyrethrum:+godlibrary
[__2] trying: falsify-0.2.0 (dependency of pyrethrum +godlibrary)
[__3] next goal: data-default (dependency of falsify)
[__3] rejecting: data-default-0.8.0.0
      (constraint from https://www.stackage.org/nightly-2024-12-05/cabal.config requires ==0.7.1.3)
        imported by: cabal.project
[__3] trying: data-default-0.7.1.3
[__4] next goal: data-default-class (dependency of data-default)
[__4] rejecting: data-default-class-0.2.0.0
      (constraint from https://www.stackage.org/nightly-2024-12-05/cabal.config requires ==0.1.2.2)
        imported by: cabal.project
[__4] trying: data-default-class-0.1.2.2
[__5] next goal: req (dependency of pyrethrum)
[__5] rejecting: req-3.13.4 (conflict: data-default-class==0.1.2.2, req => data-default-class>=0.2.0.0)
[__5] rejecting: req; 3.13.3, 3.13.2, 3.13.1, 3.13.0, 3.12.0, 3.11.0, 3.10.0, 3.9.2, 3.9.1, 3.9.0, 3.8.0, 3.7.0, 3.6.0, 3.5.0, 3.4.0, 3.3.0, 3.2.0, 3.1.0, 3.0.0, 2.1.0, 2.0.1, 2.0.0, 1.2.1, 1.2.0, 1.1.0, 1.0.0, 0.5.0, 0.4.0, 0.3.1, 0.3.0, 0.2.0, 0.1.0
      (constraint from https://www.stackage.org/nightly-2024-12-05/cabal.config requires ==3.13.4)
        imported by: cabal.project
[__5] fail (backjumping, conflict set: data-default-class, pyrethrum, req)
After searching the rest of the dependency tree exhaustively, these were the goals I've had most trouble fulfilling: req, data-default, pyrethrum, data-default-class, falsify, pyrethrum:godlibrary
Try running with --minimize-conflict-set to improve the error message.



2025-03-14 23:14:15.1690000 [client] ERROR Error: haskell-language-server --project-ghc-version exited with exit code 1:
Failed to find the GHC version of this Cabal project.
Error when calling cabal exec -v0 -- ghc --print-libdir

Error: [Cabal-7107]
Could not resolve dependencies:
[__0] trying: pyrethrum-0.1.0.0 (user goal)
[__1] trying: pyrethrum:+godlibrary
[__2] trying: falsify-0.2.0 (dependency of pyrethrum +godlibrary)
[__3] next goal: data-default (dependency of falsify)
[__3] rejecting: data-default-0.8.0.0
      (constraint from https://www.stackage.org/nightly-2024-12-05/cabal.config requires ==0.7.1.3)
        imported by: cabal.project
[__3] trying: data-default-0.7.1.3
[__4] next goal: data-default-class (dependency of data-default)
[__4] rejecting: data-default-class-0.2.0.0
      (constraint from https://www.stackage.org/nightly-2024-12-05/cabal.config requires ==0.1.2.2)
        imported by: cabal.project
[__4] trying: data-default-class-0.1.2.2
[__5] next goal: req (dependency of pyrethrum)
[__5] rejecting: req-3.13.4 (conflict: data-default-class==0.1.2.2, req => data-default-class>=0.2.0.0)
[__5] rejecting: req; 3.13.3, 3.13.2, 3.13.1, 3.13.0, 3.12.0, 3.11.0, 3.10.0, 3.9.2, 3.9.1, 3.9.0, 3.8.0, 3.7.0, 3.6.0, 3.5.0, 3.4.0, 3.3.0, 3.2.0, 3.1.0, 3.0.0, 2.1.0, 2.0.1, 2.0.0, 1.2.1, 1.2.0, 1.1.0, 1.0.0, 0.5.0, 0.4.0, 0.3.1, 0.3.0, 0.2.0, 0.1.0
      (constraint from https://www.stackage.org/nightly-2024-12-05/cabal.config requires ==3.13.4)
        imported by: cabal.project
[__5] fail (backjumping, conflict set: data-default-class, pyrethrum, req)
After searching the rest of the dependency tree exhaustively, these were the goals I've had most trouble fulfilling: req, data-default, pyrethrum, data-default-class, falsify, pyrethrum:godlibrary
Try running with --minimize-conflict-set to improve the error message.



No 'hie.yaml' found. Try to discover the project type!
2025-03-14T23:14:15.167422Z | Debug | cabal exec -v0 -- ghc --print-libdir

2025-03-14 23:14:15.1690000 [client] INFO Executing 'ghc --numeric-version' in cwd '/home/john-walker'
2025-03-14 23:14:18.5010000 [client] INFO Platform constants: Linux_UnknownLinux, A_64
2025-03-14 23:14:18.5010000 [client] INFO Checking for ghcup installation
2025-03-14 23:14:18.5090000 [client] INFO found ghcup at ghcup
2025-03-14 23:14:18.5100000 [client] INFO Executing 'ghcup --no-verbose list -t hls -c installed -r' in cwd '/home/john-walker'
2025-03-14 23:14:18.5610000 [client] INFO Checking for ghcup installation
2025-03-14 23:14:18.5700000 [client] INFO found ghcup at ghcup
2025-03-14 23:14:18.5710000 [client] INFO Executing 'ghcup --no-verbose whereis bindir' in cwd '/home/john-walker'
2025-03-14 23:14:18.5810000 [client] INFO Checking for ghcup installation
2025-03-14 23:14:18.5890000 [client] INFO found ghcup at ghcup
2025-03-14 23:14:18.5900000 [client] INFO Executing 'ghcup --no-verbose whereis hls 2.9.0.1' in cwd '/home/john-walker'
2025-03-14 23:14:18.5990000 [client] INFO Checking for ghcup installation
2025-03-14 23:14:18.6070000 [client] INFO found ghcup at ghcup
2025-03-14 23:14:18.6070000 [client] INFO Executing 'ghcup --no-verbose whereis ghc 9.10.1' in cwd '/home/john-walker'
2025-03-14 23:14:18.6170000 [client] INFO Checking for ghcup installation
2025-03-14 23:14:18.6250000 [client] INFO found ghcup at ghcup
2025-03-14 23:14:18.6250000 [client] INFO Executing 'ghcup --no-verbose run --hls 2.9.0.1 --cabal 3.14.1.1 --stack 3.1.1 --ghc 9.10.1 --install' in cwd '/home/john-walker'
2025-03-14 23:14:18.6810000 [client] INFO Activating the language server in working dir: /home/john-walker/repos/pyrethrum (the workspace folder)
2025-03-14 23:14:18.6810000 [client] INFO run command: /home/john-walker/.ghcup/tmp/ghcup-ghc-9.10.1_cabal-3.14.1.1_hls-2.9.0.1_stack-3.1.1/haskell-language-server-wrapper --lsp -l haskell.log
2025-03-14 23:14:18.6810000 [client] INFO debug command: /home/john-walker/.ghcup/tmp/ghcup-ghc-9.10.1_cabal-3.14.1.1_hls-2.9.0.1_stack-3.1.1/haskell-language-server-wrapper --lsp -l haskell.log
2025-03-14 23:14:18.6810000 [client] INFO server cwd: /home/john-walker/repos/pyrethrum
2025-03-14 23:14:18.6810000 [client] INFO server environment variables:
2025-03-14 23:14:18.6810000 [client] INFO   PATH=/home/john-walker/.ghcup/tmp/ghcup-ghc-9.10.1_cabal-3.14.1.1_hls-2.9.0.1_stack-3.1.1:/home/john-walker/.cabal/bin:/home/john-walker/.ghcup/bin:/usr/local/sbin:/usr/local/bin:/usr/sbin:/usr/bin:/sbin:/bin:/usr/games:/usr/local/games:/snap/bin:/snap/bin
2025-03-14 23:14:18.6830000 [client] INFO Starting language server
2025-03-16 08:04:52.3280000 [client] INFO Writing client log to file /home/john-walker/repos/pyrethrum/haskell.log
2025-03-16 08:04:52.3290000 [client] INFO Finding haskell-language-server
2025-03-16 08:04:52.3290000 [client] INFO Checking for ghcup installation
2025-03-16 08:04:52.3330000 [client] INFO found ghcup at ghcup
2025-03-16 08:04:52.3340000 [client] INFO Executing 'ghcup --no-verbose upgrade' in cwd '/home/john-walker'
2025-03-16 08:04:53.4880000 [client] INFO Checking for ghcup installation
2025-03-16 08:04:53.4950000 [client] INFO found ghcup at ghcup
2025-03-16 08:04:53.4950000 [client] INFO Executing 'ghcup --no-verbose list -t hls -c installed -r' in cwd '/home/john-walker'
2025-03-16 08:04:53.5630000 [client] INFO Checking for ghcup installation
2025-03-16 08:04:53.5700000 [client] INFO found ghcup at ghcup
2025-03-16 08:04:53.5700000 [client] INFO Executing 'ghcup --no-verbose list -t cabal -c installed -r' in cwd '/home/john-walker'
2025-03-16 08:04:53.6310000 [client] INFO Checking for ghcup installation
2025-03-16 08:04:53.6370000 [client] INFO found ghcup at ghcup
2025-03-16 08:04:53.6370000 [client] INFO Executing 'ghcup --no-verbose list -t stack -c installed -r' in cwd '/home/john-walker'
2025-03-16 08:04:53.6950000 [client] INFO Checking for ghcup installation
2025-03-16 08:04:53.6980000 [client] INFO found ghcup at ghcup
2025-03-16 08:04:53.6980000 [client] INFO Executing 'ghcup --no-verbose whereis hls 2.9.0.1' in cwd '/home/john-walker'
2025-03-16 08:04:53.7140000 [client] INFO Checking for ghcup installation
2025-03-16 08:04:53.7160000 [client] INFO found ghcup at ghcup
2025-03-16 08:04:53.7160000 [client] INFO Executing 'ghcup --no-verbose whereis cabal 3.14.1.1' in cwd '/home/john-walker'
2025-03-16 08:04:53.7210000 [client] INFO Checking for ghcup installation
2025-03-16 08:04:53.7230000 [client] INFO found ghcup at ghcup
2025-03-16 08:04:53.7230000 [client] INFO Executing 'ghcup --no-verbose whereis stack 3.1.1' in cwd '/home/john-walker'
2025-03-16 08:04:53.7400000 [client] INFO Executing 'ghc --numeric-version' in cwd '/home/john-walker'
2025-03-16 08:04:53.7600000 [client] INFO Checking for ghcup installation
2025-03-16 08:04:53.7660000 [client] INFO found ghcup at ghcup
2025-03-16 08:04:53.7660000 [client] INFO Executing 'ghcup --no-verbose run --hls 2.9.0.1 --cabal 3.14.1.1 --stack 3.1.1 --install' in cwd '/home/john-walker'
2025-03-16 08:04:53.8210000 [client] INFO Working out the project GHC version. This might take a while...
2025-03-16 08:04:53.8210000 [client] INFO Executing 'haskell-language-server-wrapper --project-ghc-version' in cwd '/home/john-walker/repos/pyrethrum'
2025-03-16 08:04:57.8540000 [client] ERROR Error executing 'haskell-language-server-wrapper --project-ghc-version' with error code 1
2025-03-16 08:04:57.8540000 [client] ERROR stderr: No 'hie.yaml' found. Try to discover the project type!
2025-03-16T08:04:57.852929Z | Debug | cabal exec -v0 -- ghc --print-libdir

2025-03-16 08:04:57.8540000 [client] ERROR stdout: Failed to find the GHC version of this Cabal project.
Error when calling cabal exec -v0 -- ghc --print-libdir

Error: [Cabal-7107]
Could not resolve dependencies:
[__0] trying: pyrethrum-0.1.0.0 (user goal)
[__1] trying: pyrethrum:+godlibrary
[__2] trying: falsify-0.2.0 (dependency of pyrethrum +godlibrary)
[__3] next goal: data-default (dependency of falsify)
[__3] rejecting: data-default-0.8.0.0
      (constraint from https://www.stackage.org/nightly-2024-12-05/cabal.config requires ==0.7.1.3)
        imported by: cabal.project
[__3] trying: data-default-0.7.1.3
[__4] next goal: data-default-class (dependency of data-default)
[__4] rejecting: data-default-class-0.2.0.0
      (constraint from https://www.stackage.org/nightly-2024-12-05/cabal.config requires ==0.1.2.2)
        imported by: cabal.project
[__4] trying: data-default-class-0.1.2.2
[__5] next goal: req (dependency of pyrethrum)
[__5] rejecting: req-3.13.4 (conflict: data-default-class==0.1.2.2, req => data-default-class>=0.2.0.0)
[__5] rejecting: req; 3.13.3, 3.13.2, 3.13.1, 3.13.0, 3.12.0, 3.11.0, 3.10.0, 3.9.2, 3.9.1, 3.9.0, 3.8.0, 3.7.0, 3.6.0, 3.5.0, 3.4.0, 3.3.0, 3.2.0, 3.1.0, 3.0.0, 2.1.0, 2.0.1, 2.0.0, 1.2.1, 1.2.0, 1.1.0, 1.0.0, 0.5.0, 0.4.0, 0.3.1, 0.3.0, 0.2.0, 0.1.0
      (constraint from https://www.stackage.org/nightly-2024-12-05/cabal.config requires ==3.13.4)
        imported by: cabal.project
[__5] fail (backjumping, conflict set: data-default-class, pyrethrum, req)
After searching the rest of the dependency tree exhaustively, these were the goals I've had most trouble fulfilling: req, data-default, pyrethrum, data-default-class, falsify, pyrethrum:godlibrary
Try running with --minimize-conflict-set to improve the error message.



2025-03-16 08:04:57.8540000 [client] ERROR Error: haskell-language-server --project-ghc-version exited with exit code 1:
Failed to find the GHC version of this Cabal project.
Error when calling cabal exec -v0 -- ghc --print-libdir

Error: [Cabal-7107]
Could not resolve dependencies:
[__0] trying: pyrethrum-0.1.0.0 (user goal)
[__1] trying: pyrethrum:+godlibrary
[__2] trying: falsify-0.2.0 (dependency of pyrethrum +godlibrary)
[__3] next goal: data-default (dependency of falsify)
[__3] rejecting: data-default-0.8.0.0
      (constraint from https://www.stackage.org/nightly-2024-12-05/cabal.config requires ==0.7.1.3)
        imported by: cabal.project
[__3] trying: data-default-0.7.1.3
[__4] next goal: data-default-class (dependency of data-default)
[__4] rejecting: data-default-class-0.2.0.0
      (constraint from https://www.stackage.org/nightly-2024-12-05/cabal.config requires ==0.1.2.2)
        imported by: cabal.project
[__4] trying: data-default-class-0.1.2.2
[__5] next goal: req (dependency of pyrethrum)
[__5] rejecting: req-3.13.4 (conflict: data-default-class==0.1.2.2, req => data-default-class>=0.2.0.0)
[__5] rejecting: req; 3.13.3, 3.13.2, 3.13.1, 3.13.0, 3.12.0, 3.11.0, 3.10.0, 3.9.2, 3.9.1, 3.9.0, 3.8.0, 3.7.0, 3.6.0, 3.5.0, 3.4.0, 3.3.0, 3.2.0, 3.1.0, 3.0.0, 2.1.0, 2.0.1, 2.0.0, 1.2.1, 1.2.0, 1.1.0, 1.0.0, 0.5.0, 0.4.0, 0.3.1, 0.3.0, 0.2.0, 0.1.0
      (constraint from https://www.stackage.org/nightly-2024-12-05/cabal.config requires ==3.13.4)
        imported by: cabal.project
[__5] fail (backjumping, conflict set: data-default-class, pyrethrum, req)
After searching the rest of the dependency tree exhaustively, these were the goals I've had most trouble fulfilling: req, data-default, pyrethrum, data-default-class, falsify, pyrethrum:godlibrary
Try running with --minimize-conflict-set to improve the error message.



No 'hie.yaml' found. Try to discover the project type!
2025-03-16T08:04:57.852929Z | Debug | cabal exec -v0 -- ghc --print-libdir

2025-03-16 08:04:57.8550000 [client] INFO Executing 'ghc --numeric-version' in cwd '/home/john-walker'
2025-03-16 08:05:03.2180000 [client] INFO Platform constants: Linux_UnknownLinux, A_64
2025-03-16 08:05:03.2190000 [client] INFO Checking for ghcup installation
2025-03-16 08:05:03.2290000 [client] INFO found ghcup at ghcup
2025-03-16 08:05:03.2290000 [client] INFO Executing 'ghcup --no-verbose list -t hls -c installed -r' in cwd '/home/john-walker'
2025-03-16 08:05:03.2850000 [client] INFO Checking for ghcup installation
2025-03-16 08:05:03.2950000 [client] INFO found ghcup at ghcup
2025-03-16 08:05:03.2960000 [client] INFO Executing 'ghcup --no-verbose whereis bindir' in cwd '/home/john-walker'
2025-03-16 08:05:03.3050000 [client] INFO Checking for ghcup installation
2025-03-16 08:05:03.3130000 [client] INFO found ghcup at ghcup
2025-03-16 08:05:03.3130000 [client] INFO Executing 'ghcup --no-verbose whereis hls 2.9.0.1' in cwd '/home/john-walker'
2025-03-16 08:05:03.3230000 [client] INFO Checking for ghcup installation
2025-03-16 08:05:03.3280000 [client] INFO found ghcup at ghcup
2025-03-16 08:05:03.3280000 [client] INFO Executing 'ghcup --no-verbose whereis ghc 9.10.1' in cwd '/home/john-walker'
2025-03-16 08:05:03.3340000 [client] INFO Checking for ghcup installation
2025-03-16 08:05:03.3380000 [client] INFO found ghcup at ghcup
2025-03-16 08:05:03.3380000 [client] INFO Executing 'ghcup --no-verbose run --hls 2.9.0.1 --cabal 3.14.1.1 --stack 3.1.1 --ghc 9.10.1 --install' in cwd '/home/john-walker'
2025-03-16 08:05:03.3940000 [client] INFO Activating the language server in working dir: /home/john-walker/repos/pyrethrum (the workspace folder)
2025-03-16 08:05:03.3950000 [client] INFO run command: /home/john-walker/.ghcup/tmp/ghcup-ghc-9.10.1_cabal-3.14.1.1_hls-2.9.0.1_stack-3.1.1/haskell-language-server-wrapper --lsp -l haskell.log
2025-03-16 08:05:03.3950000 [client] INFO debug command: /home/john-walker/.ghcup/tmp/ghcup-ghc-9.10.1_cabal-3.14.1.1_hls-2.9.0.1_stack-3.1.1/haskell-language-server-wrapper --lsp -l haskell.log
2025-03-16 08:05:03.3950000 [client] INFO server cwd: /home/john-walker/repos/pyrethrum
2025-03-16 08:05:03.3950000 [client] INFO server environment variables:
2025-03-16 08:05:03.3950000 [client] INFO   PATH=/home/john-walker/.ghcup/tmp/ghcup-ghc-9.10.1_cabal-3.14.1.1_hls-2.9.0.1_stack-3.1.1:/home/john-walker/Apps:/home/john-walker/.cabal/bin:/home/john-walker/.ghcup/bin:/usr/local/sbin:/usr/local/bin:/usr/sbin:/usr/bin:/sbin:/bin:/usr/games:/usr/local/games:/snap/bin:/snap/bin
2025-03-16 08:05:03.3970000 [client] INFO Starting language server
2025-03-20 18:51:54.2050000 [client] INFO Writing client log to file /home/john-walker/repos/pyrethrum/haskell.log
2025-03-20 18:51:54.2060000 [client] INFO Finding haskell-language-server
2025-03-20 18:51:54.2070000 [client] INFO Checking for ghcup installation
2025-03-20 18:51:54.2110000 [client] INFO found ghcup at ghcup
2025-03-20 18:51:54.2110000 [client] INFO Executing 'ghcup --no-verbose upgrade' in cwd '/home/john-walker'
2025-03-20 18:51:54.3910000 [client] INFO Checking for ghcup installation
2025-03-20 18:51:54.3940000 [client] INFO found ghcup at ghcup
2025-03-20 18:51:54.3940000 [client] INFO Executing 'ghcup --no-verbose list -t hls -c installed -r' in cwd '/home/john-walker'
2025-03-20 18:51:54.6600000 [client] INFO Checking for ghcup installation
2025-03-20 18:51:54.6640000 [client] INFO found ghcup at ghcup
2025-03-20 18:51:54.6640000 [client] INFO Executing 'ghcup --no-verbose list -t cabal -c installed -r' in cwd '/home/john-walker'
2025-03-20 18:51:54.7440000 [client] INFO Checking for ghcup installation
2025-03-20 18:51:54.7490000 [client] INFO found ghcup at ghcup
2025-03-20 18:51:54.7490000 [client] INFO Executing 'ghcup --no-verbose list -t stack -c installed -r' in cwd '/home/john-walker'
2025-03-20 18:51:54.9300000 [client] INFO Checking for ghcup installation
2025-03-20 18:51:54.9340000 [client] INFO found ghcup at ghcup
2025-03-20 18:51:54.9340000 [client] INFO Executing 'ghcup --no-verbose whereis hls 2.9.0.1' in cwd '/home/john-walker'
2025-03-20 18:51:55.1030000 [client] INFO Checking for ghcup installation
2025-03-20 18:51:55.1070000 [client] INFO found ghcup at ghcup
2025-03-20 18:51:55.1080000 [client] INFO Executing 'ghcup --no-verbose whereis cabal 3.14.1.1' in cwd '/home/john-walker'
2025-03-20 18:51:55.1300000 [client] INFO Checking for ghcup installation
2025-03-20 18:51:55.1340000 [client] INFO found ghcup at ghcup
2025-03-20 18:51:55.1350000 [client] INFO Executing 'ghcup --no-verbose whereis stack 3.1.1' in cwd '/home/john-walker'
2025-03-20 18:51:55.1540000 [client] INFO Executing 'ghc --numeric-version' in cwd '/home/john-walker'
2025-03-20 18:51:55.4690000 [client] INFO Checking for ghcup installation
2025-03-20 18:51:55.4720000 [client] INFO found ghcup at ghcup
2025-03-20 18:51:55.4720000 [client] INFO Executing 'ghcup --no-verbose run --hls 2.9.0.1 --cabal 3.14.1.1 --stack 3.1.1 --install' in cwd '/home/john-walker'
2025-03-20 18:51:55.5440000 [client] INFO Working out the project GHC version. This might take a while...
2025-03-20 18:51:55.5440000 [client] INFO Executing 'haskell-language-server-wrapper --project-ghc-version' in cwd '/home/john-walker/repos/pyrethrum'
2025-03-20 18:51:56.3620000 [client] ERROR Error executing 'haskell-language-server-wrapper --project-ghc-version' with error code 1
2025-03-20 18:51:56.3620000 [client] ERROR stderr: No 'hie.yaml' found. Try to discover the project type!
2025-03-20T18:51:55.640417Z | Debug | cabal exec -v0 -- ghc --print-libdir

2025-03-20 18:51:56.3620000 [client] ERROR stdout: Failed to find the GHC version of this Cabal project.
Error when calling cabal exec -v0 -- ghc --print-libdir

Error: cabal: '/usr/bin/curl' exited with an error:
curl: (6) Could not resolve host: www.stackage.org



2025-03-20 18:51:56.3620000 [client] ERROR Error: haskell-language-server --project-ghc-version exited with exit code 1:
Failed to find the GHC version of this Cabal project.
Error when calling cabal exec -v0 -- ghc --print-libdir

Error: cabal: '/usr/bin/curl' exited with an error:
curl: (6) Could not resolve host: www.stackage.org



No 'hie.yaml' found. Try to discover the project type!
2025-03-20T18:51:55.640417Z | Debug | cabal exec -v0 -- ghc --print-libdir

2025-03-20 18:51:56.3620000 [client] INFO Executing 'ghc --numeric-version' in cwd '/home/john-walker'
2025-03-20 18:51:57.0490000 [client] INFO Platform constants: Linux_UnknownLinux, A_64
2025-03-20 18:51:57.0500000 [client] INFO Checking for ghcup installation
2025-03-20 18:51:57.0570000 [client] INFO found ghcup at ghcup
2025-03-20 18:51:57.0570000 [client] INFO Executing 'ghcup --no-verbose list -t hls -c installed -r' in cwd '/home/john-walker'
2025-03-20 18:51:57.1090000 [client] INFO Checking for ghcup installation
2025-03-20 18:51:57.1170000 [client] INFO found ghcup at ghcup
2025-03-20 18:51:57.1170000 [client] INFO Executing 'ghcup --no-verbose whereis bindir' in cwd '/home/john-walker'
2025-03-20 18:51:57.1350000 [client] INFO Checking for ghcup installation
2025-03-20 18:51:57.1430000 [client] INFO found ghcup at ghcup
2025-03-20 18:51:57.1430000 [client] INFO Executing 'ghcup --no-verbose whereis hls 2.9.0.1' in cwd '/home/john-walker'
2025-03-20 18:51:57.1550000 [client] INFO Checking for ghcup installation
2025-03-20 18:51:57.1630000 [client] INFO found ghcup at ghcup
2025-03-20 18:51:57.1630000 [client] INFO Executing 'ghcup --no-verbose whereis ghc 9.10.1' in cwd '/home/john-walker'
2025-03-20 18:51:57.1710000 [client] INFO Checking for ghcup installation
2025-03-20 18:51:57.1780000 [client] INFO found ghcup at ghcup
2025-03-20 18:51:57.1780000 [client] INFO Executing 'ghcup --no-verbose run --hls 2.9.0.1 --cabal 3.14.1.1 --stack 3.1.1 --ghc 9.10.1 --install' in cwd '/home/john-walker'
2025-03-20 18:51:57.2390000 [client] INFO Activating the language server in working dir: /home/john-walker/repos/pyrethrum (the workspace folder)
2025-03-20 18:51:57.2400000 [client] INFO run command: /home/john-walker/.ghcup/tmp/ghcup-ghc-9.10.1_cabal-3.14.1.1_hls-2.9.0.1_stack-3.1.1/haskell-language-server-wrapper --lsp -l haskell.log
2025-03-20 18:51:57.2400000 [client] INFO debug command: /home/john-walker/.ghcup/tmp/ghcup-ghc-9.10.1_cabal-3.14.1.1_hls-2.9.0.1_stack-3.1.1/haskell-language-server-wrapper --lsp -l haskell.log
2025-03-20 18:51:57.2400000 [client] INFO server cwd: /home/john-walker/repos/pyrethrum
2025-03-20 18:51:57.2400000 [client] INFO server environment variables:
2025-03-20 18:51:57.2400000 [client] INFO   PATH=/home/john-walker/.ghcup/tmp/ghcup-ghc-9.10.1_cabal-3.14.1.1_hls-2.9.0.1_stack-3.1.1:/home/john-walker/Apps:/home/john-walker/.cabal/bin:/home/john-walker/.ghcup/bin:/usr/local/sbin:/usr/local/bin:/usr/sbin:/usr/bin:/sbin:/bin:/usr/games:/usr/local/games:/snap/bin:/snap/bin
2025-03-20 18:51:57.2410000 [client] INFO Starting language server
2025-03-20 22:51:41.7370000 [client] INFO Writing client log to file /home/john-walker/repos/pyrethrum/haskell.log
2025-03-20 22:51:41.7380000 [client] INFO Finding haskell-language-server
2025-03-20 22:51:41.7380000 [client] INFO Checking for ghcup installation
2025-03-20 22:51:41.7420000 [client] INFO found ghcup at ghcup
2025-03-20 22:51:41.7420000 [client] INFO Executing 'ghcup --no-verbose upgrade' in cwd '/home/john-walker'
2025-03-20 22:51:42.5190000 [client] INFO Checking for ghcup installation
2025-03-20 22:51:42.5250000 [client] INFO found ghcup at ghcup
2025-03-20 22:51:42.5250000 [client] INFO Executing 'ghcup --no-verbose list -t hls -c installed -r' in cwd '/home/john-walker'
2025-03-20 22:51:42.8090000 [client] INFO Checking for ghcup installation
2025-03-20 22:51:42.8160000 [client] INFO found ghcup at ghcup
2025-03-20 22:51:42.8160000 [client] INFO Executing 'ghcup --no-verbose list -t cabal -c installed -r' in cwd '/home/john-walker'
2025-03-20 22:51:42.8780000 [client] INFO Checking for ghcup installation
2025-03-20 22:51:42.8840000 [client] INFO found ghcup at ghcup
2025-03-20 22:51:42.8840000 [client] INFO Executing 'ghcup --no-verbose list -t stack -c installed -r' in cwd '/home/john-walker'
2025-03-20 22:51:42.9570000 [client] INFO Checking for ghcup installation
2025-03-20 22:51:42.9630000 [client] INFO found ghcup at ghcup
2025-03-20 22:51:42.9630000 [client] INFO Executing 'ghcup --no-verbose whereis hls 2.9.0.1' in cwd '/home/john-walker'
2025-03-20 22:51:42.9710000 [client] INFO Checking for ghcup installation
2025-03-20 22:51:42.9770000 [client] INFO found ghcup at ghcup
2025-03-20 22:51:42.9770000 [client] INFO Executing 'ghcup --no-verbose whereis cabal 3.14.1.1' in cwd '/home/john-walker'
2025-03-20 22:51:42.9950000 [client] INFO Checking for ghcup installation
2025-03-20 22:51:43.0000000 [client] INFO found ghcup at ghcup
2025-03-20 22:51:43.0010000 [client] INFO Executing 'ghcup --no-verbose whereis stack 3.1.1' in cwd '/home/john-walker'
2025-03-20 22:51:43.0160000 [client] INFO Executing 'ghc --numeric-version' in cwd '/home/john-walker'
2025-03-20 22:51:43.0570000 [client] INFO Checking for ghcup installation
2025-03-20 22:51:43.0620000 [client] INFO found ghcup at ghcup
2025-03-20 22:51:43.0630000 [client] INFO Executing 'ghcup --no-verbose run --hls 2.9.0.1 --cabal 3.14.1.1 --stack 3.1.1 --install' in cwd '/home/john-walker'
2025-03-20 22:51:43.1280000 [client] INFO Working out the project GHC version. This might take a while...
2025-03-20 22:51:43.1290000 [client] INFO Executing 'haskell-language-server-wrapper --project-ghc-version' in cwd '/home/john-walker/repos/pyrethrum'
2025-03-20 22:51:45.8670000 [client] ERROR Error executing 'haskell-language-server-wrapper --project-ghc-version' with error code 1
2025-03-20 22:51:45.8670000 [client] ERROR stderr: No 'hie.yaml' found. Try to discover the project type!
2025-03-20T22:51:45.834439Z | Debug | cabal exec -v0 -- ghc --print-libdir

2025-03-20 22:51:45.8670000 [client] ERROR stdout: Failed to find the GHC version of this Cabal project.
Error when calling cabal exec -v0 -- ghc --print-libdir

Error: [Cabal-7107]
Could not resolve dependencies:
[__0] trying: pyrethrum-0.1.0.0 (user goal)
[__1] trying: pyrethrum:+godlibrary
[__2] trying: falsify-0.2.0 (dependency of pyrethrum +godlibrary)
[__3] next goal: data-default (dependency of falsify)
[__3] rejecting: data-default-0.8.0.0
      (constraint from https://www.stackage.org/nightly-2024-12-05/cabal.config requires ==0.7.1.3)
        imported by: cabal.project
[__3] trying: data-default-0.7.1.3
[__4] next goal: data-default-class (dependency of data-default)
[__4] rejecting: data-default-class-0.2.0.0
      (constraint from https://www.stackage.org/nightly-2024-12-05/cabal.config requires ==0.1.2.2)
        imported by: cabal.project
[__4] trying: data-default-class-0.1.2.2
[__5] next goal: req (dependency of pyrethrum)
[__5] rejecting: req-3.13.4 (conflict: data-default-class==0.1.2.2, req => data-default-class>=0.2.0.0)
[__5] rejecting: req; 3.13.3, 3.13.2, 3.13.1, 3.13.0, 3.12.0, 3.11.0, 3.10.0, 3.9.2, 3.9.1, 3.9.0, 3.8.0, 3.7.0, 3.6.0, 3.5.0, 3.4.0, 3.3.0, 3.2.0, 3.1.0, 3.0.0, 2.1.0, 2.0.1, 2.0.0, 1.2.1, 1.2.0, 1.1.0, 1.0.0, 0.5.0, 0.4.0, 0.3.1, 0.3.0, 0.2.0, 0.1.0
      (constraint from https://www.stackage.org/nightly-2024-12-05/cabal.config requires ==3.13.4)
        imported by: cabal.project
[__5] fail (backjumping, conflict set: data-default-class, pyrethrum, req)
After searching the rest of the dependency tree exhaustively, these were the goals I've had most trouble fulfilling: req, data-default, pyrethrum, data-default-class, falsify, pyrethrum:godlibrary
Try running with --minimize-conflict-set to improve the error message.



2025-03-20 22:51:45.8670000 [client] ERROR Error: haskell-language-server --project-ghc-version exited with exit code 1:
Failed to find the GHC version of this Cabal project.
Error when calling cabal exec -v0 -- ghc --print-libdir

Error: [Cabal-7107]
Could not resolve dependencies:
[__0] trying: pyrethrum-0.1.0.0 (user goal)
[__1] trying: pyrethrum:+godlibrary
[__2] trying: falsify-0.2.0 (dependency of pyrethrum +godlibrary)
[__3] next goal: data-default (dependency of falsify)
[__3] rejecting: data-default-0.8.0.0
      (constraint from https://www.stackage.org/nightly-2024-12-05/cabal.config requires ==0.7.1.3)
        imported by: cabal.project
[__3] trying: data-default-0.7.1.3
[__4] next goal: data-default-class (dependency of data-default)
[__4] rejecting: data-default-class-0.2.0.0
      (constraint from https://www.stackage.org/nightly-2024-12-05/cabal.config requires ==0.1.2.2)
        imported by: cabal.project
[__4] trying: data-default-class-0.1.2.2
[__5] next goal: req (dependency of pyrethrum)
[__5] rejecting: req-3.13.4 (conflict: data-default-class==0.1.2.2, req => data-default-class>=0.2.0.0)
[__5] rejecting: req; 3.13.3, 3.13.2, 3.13.1, 3.13.0, 3.12.0, 3.11.0, 3.10.0, 3.9.2, 3.9.1, 3.9.0, 3.8.0, 3.7.0, 3.6.0, 3.5.0, 3.4.0, 3.3.0, 3.2.0, 3.1.0, 3.0.0, 2.1.0, 2.0.1, 2.0.0, 1.2.1, 1.2.0, 1.1.0, 1.0.0, 0.5.0, 0.4.0, 0.3.1, 0.3.0, 0.2.0, 0.1.0
      (constraint from https://www.stackage.org/nightly-2024-12-05/cabal.config requires ==3.13.4)
        imported by: cabal.project
[__5] fail (backjumping, conflict set: data-default-class, pyrethrum, req)
After searching the rest of the dependency tree exhaustively, these were the goals I've had most trouble fulfilling: req, data-default, pyrethrum, data-default-class, falsify, pyrethrum:godlibrary
Try running with --minimize-conflict-set to improve the error message.



No 'hie.yaml' found. Try to discover the project type!
2025-03-20T22:51:45.834439Z | Debug | cabal exec -v0 -- ghc --print-libdir

2025-03-20 22:51:45.8670000 [client] INFO Executing 'ghc --numeric-version' in cwd '/home/john-walker'
2025-03-20 22:51:46.4740000 [client] INFO Platform constants: Linux_UnknownLinux, A_64
2025-03-20 22:51:46.4750000 [client] INFO Checking for ghcup installation
2025-03-20 22:51:46.4850000 [client] INFO found ghcup at ghcup
2025-03-20 22:51:46.4850000 [client] INFO Executing 'ghcup --no-verbose list -t hls -c installed -r' in cwd '/home/john-walker'
2025-03-20 22:51:46.5360000 [client] INFO Checking for ghcup installation
2025-03-20 22:51:46.5460000 [client] INFO found ghcup at ghcup
2025-03-20 22:51:46.5460000 [client] INFO Executing 'ghcup --no-verbose whereis bindir' in cwd '/home/john-walker'
2025-03-20 22:51:46.5570000 [client] INFO Checking for ghcup installation
2025-03-20 22:51:46.5650000 [client] INFO found ghcup at ghcup
2025-03-20 22:51:46.5650000 [client] INFO Executing 'ghcup --no-verbose whereis hls 2.9.0.1' in cwd '/home/john-walker'
2025-03-20 22:51:46.5760000 [client] INFO Checking for ghcup installation
2025-03-20 22:51:46.5840000 [client] INFO found ghcup at ghcup
2025-03-20 22:51:46.5850000 [client] INFO Executing 'ghcup --no-verbose whereis ghc 9.10.1' in cwd '/home/john-walker'
2025-03-20 22:51:46.5930000 [client] INFO Checking for ghcup installation
2025-03-20 22:51:46.6020000 [client] INFO found ghcup at ghcup
2025-03-20 22:51:46.6030000 [client] INFO Executing 'ghcup --no-verbose run --hls 2.9.0.1 --cabal 3.14.1.1 --stack 3.1.1 --ghc 9.10.1 --install' in cwd '/home/john-walker'
2025-03-20 22:51:46.6640000 [client] INFO Activating the language server in working dir: /home/john-walker/repos/pyrethrum (the workspace folder)
2025-03-20 22:51:46.6640000 [client] INFO run command: /home/john-walker/.ghcup/tmp/ghcup-ghc-9.10.1_cabal-3.14.1.1_hls-2.9.0.1_stack-3.1.1/haskell-language-server-wrapper --lsp -l haskell.log
2025-03-20 22:51:46.6640000 [client] INFO debug command: /home/john-walker/.ghcup/tmp/ghcup-ghc-9.10.1_cabal-3.14.1.1_hls-2.9.0.1_stack-3.1.1/haskell-language-server-wrapper --lsp -l haskell.log
2025-03-20 22:51:46.6640000 [client] INFO server cwd: /home/john-walker/repos/pyrethrum
2025-03-20 22:51:46.6640000 [client] INFO server environment variables:
2025-03-20 22:51:46.6640000 [client] INFO   PATH=/home/john-walker/.ghcup/tmp/ghcup-ghc-9.10.1_cabal-3.14.1.1_hls-2.9.0.1_stack-3.1.1:/home/john-walker/Apps:/home/john-walker/.cabal/bin:/home/john-walker/.ghcup/bin:/usr/local/sbin:/usr/local/bin:/usr/sbin:/usr/bin:/sbin:/bin:/usr/games:/usr/local/games:/snap/bin:/snap/bin
2025-03-20 22:51:46.6660000 [client] INFO Starting language server
2025-03-20 23:09:52.5260000 [client] INFO Writing client log to file /home/john-walker/repos/pyrethrum/haskell.log
2025-03-20 23:09:52.5260000 [client] INFO Finding haskell-language-server
2025-03-20 23:09:52.5270000 [client] INFO Checking for ghcup installation
2025-03-20 23:09:52.5300000 [client] INFO found ghcup at ghcup
2025-03-20 23:09:52.5310000 [client] INFO Executing 'ghcup --no-verbose upgrade' in cwd '/home/john-walker'
2025-03-20 23:09:57.6750000 [client] INFO Checking for ghcup installation
2025-03-20 23:09:57.6830000 [client] INFO found ghcup at ghcup
2025-03-20 23:09:57.6840000 [client] INFO Executing 'ghcup --no-verbose list -t hls -c installed -r' in cwd '/home/john-walker'
2025-03-20 23:09:57.7360000 [client] INFO Checking for ghcup installation
2025-03-20 23:09:57.7470000 [client] INFO found ghcup at ghcup
2025-03-20 23:09:57.7470000 [client] INFO Executing 'ghcup --no-verbose list -t cabal -c installed -r' in cwd '/home/john-walker'
2025-03-20 23:09:57.8030000 [client] INFO Checking for ghcup installation
2025-03-20 23:09:57.8130000 [client] INFO found ghcup at ghcup
2025-03-20 23:09:57.8130000 [client] INFO Executing 'ghcup --no-verbose list -t stack -c installed -r' in cwd '/home/john-walker'
2025-03-20 23:09:57.8770000 [client] INFO Checking for ghcup installation
2025-03-20 23:09:57.8860000 [client] INFO found ghcup at ghcup
2025-03-20 23:09:57.8870000 [client] INFO Executing 'ghcup --no-verbose whereis hls 2.9.0.1' in cwd '/home/john-walker'
2025-03-20 23:09:57.8970000 [client] INFO Checking for ghcup installation
2025-03-20 23:09:57.9050000 [client] INFO found ghcup at ghcup
2025-03-20 23:09:57.9050000 [client] INFO Executing 'ghcup --no-verbose whereis cabal 3.14.1.1' in cwd '/home/john-walker'
2025-03-20 23:09:57.9140000 [client] INFO Checking for ghcup installation
2025-03-20 23:09:57.9210000 [client] INFO found ghcup at ghcup
2025-03-20 23:09:57.9210000 [client] INFO Executing 'ghcup --no-verbose whereis stack 3.1.1' in cwd '/home/john-walker'
2025-03-20 23:09:57.9410000 [client] INFO Executing 'ghc --numeric-version' in cwd '/home/john-walker'
2025-03-20 23:09:57.9620000 [client] INFO Checking for ghcup installation
2025-03-20 23:09:57.9710000 [client] INFO found ghcup at ghcup
2025-03-20 23:09:57.9720000 [client] INFO Executing 'ghcup --no-verbose run --hls 2.9.0.1 --cabal 3.14.1.1 --stack 3.1.1 --install' in cwd '/home/john-walker'
2025-03-20 23:09:58.0260000 [client] INFO Working out the project GHC version. This might take a while...
2025-03-20 23:09:58.0270000 [client] INFO Executing 'haskell-language-server-wrapper --project-ghc-version' in cwd '/home/john-walker/repos/pyrethrum'
2025-03-20 23:10:05.4530000 [client] ERROR Error executing 'haskell-language-server-wrapper --project-ghc-version' with error code 1
2025-03-20 23:10:05.4530000 [client] ERROR stderr: No 'hie.yaml' found. Try to discover the project type!
2025-03-20T23:10:05.452260Z | Debug | cabal exec -v0 -- ghc --print-libdir

2025-03-20 23:10:05.4530000 [client] ERROR stdout: Failed to find the GHC version of this Cabal project.
Error when calling cabal exec -v0 -- ghc --print-libdir

Error: [Cabal-7107]
Could not resolve dependencies:
[__0] trying: pyrethrum-0.1.0.0 (user goal)
[__1] trying: pyrethrum:+godlibrary
[__2] trying: falsify-0.2.0 (dependency of pyrethrum +godlibrary)
[__3] next goal: data-default (dependency of falsify)
[__3] rejecting: data-default-0.8.0.0
      (constraint from https://www.stackage.org/nightly-2024-12-05/cabal.config requires ==0.7.1.3)
        imported by: cabal.project
[__3] trying: data-default-0.7.1.3
[__4] next goal: data-default-class (dependency of data-default)
[__4] rejecting: data-default-class-0.2.0.0
      (constraint from https://www.stackage.org/nightly-2024-12-05/cabal.config requires ==0.1.2.2)
        imported by: cabal.project
[__4] trying: data-default-class-0.1.2.2
[__5] next goal: req (dependency of pyrethrum)
[__5] rejecting: req-3.13.4 (conflict: data-default-class==0.1.2.2, req => data-default-class>=0.2.0.0)
[__5] rejecting: req; 3.13.3, 3.13.2, 3.13.1, 3.13.0, 3.12.0, 3.11.0, 3.10.0, 3.9.2, 3.9.1, 3.9.0, 3.8.0, 3.7.0, 3.6.0, 3.5.0, 3.4.0, 3.3.0, 3.2.0, 3.1.0, 3.0.0, 2.1.0, 2.0.1, 2.0.0, 1.2.1, 1.2.0, 1.1.0, 1.0.0, 0.5.0, 0.4.0, 0.3.1, 0.3.0, 0.2.0, 0.1.0
      (constraint from https://www.stackage.org/nightly-2024-12-05/cabal.config requires ==3.13.4)
        imported by: cabal.project
[__5] fail (backjumping, conflict set: data-default-class, pyrethrum, req)
After searching the rest of the dependency tree exhaustively, these were the goals I've had most trouble fulfilling: req, data-default, pyrethrum, data-default-class, falsify, pyrethrum:godlibrary
Try running with --minimize-conflict-set to improve the error message.



2025-03-20 23:10:05.4530000 [client] ERROR Error: haskell-language-server --project-ghc-version exited with exit code 1:
Failed to find the GHC version of this Cabal project.
Error when calling cabal exec -v0 -- ghc --print-libdir

Error: [Cabal-7107]
Could not resolve dependencies:
[__0] trying: pyrethrum-0.1.0.0 (user goal)
[__1] trying: pyrethrum:+godlibrary
[__2] trying: falsify-0.2.0 (dependency of pyrethrum +godlibrary)
[__3] next goal: data-default (dependency of falsify)
[__3] rejecting: data-default-0.8.0.0
      (constraint from https://www.stackage.org/nightly-2024-12-05/cabal.config requires ==0.7.1.3)
        imported by: cabal.project
[__3] trying: data-default-0.7.1.3
[__4] next goal: data-default-class (dependency of data-default)
[__4] rejecting: data-default-class-0.2.0.0
      (constraint from https://www.stackage.org/nightly-2024-12-05/cabal.config requires ==0.1.2.2)
        imported by: cabal.project
[__4] trying: data-default-class-0.1.2.2
[__5] next goal: req (dependency of pyrethrum)
[__5] rejecting: req-3.13.4 (conflict: data-default-class==0.1.2.2, req => data-default-class>=0.2.0.0)
[__5] rejecting: req; 3.13.3, 3.13.2, 3.13.1, 3.13.0, 3.12.0, 3.11.0, 3.10.0, 3.9.2, 3.9.1, 3.9.0, 3.8.0, 3.7.0, 3.6.0, 3.5.0, 3.4.0, 3.3.0, 3.2.0, 3.1.0, 3.0.0, 2.1.0, 2.0.1, 2.0.0, 1.2.1, 1.2.0, 1.1.0, 1.0.0, 0.5.0, 0.4.0, 0.3.1, 0.3.0, 0.2.0, 0.1.0
      (constraint from https://www.stackage.org/nightly-2024-12-05/cabal.config requires ==3.13.4)
        imported by: cabal.project
[__5] fail (backjumping, conflict set: data-default-class, pyrethrum, req)
After searching the rest of the dependency tree exhaustively, these were the goals I've had most trouble fulfilling: req, data-default, pyrethrum, data-default-class, falsify, pyrethrum:godlibrary
Try running with --minimize-conflict-set to improve the error message.



No 'hie.yaml' found. Try to discover the project type!
2025-03-20T23:10:05.452260Z | Debug | cabal exec -v0 -- ghc --print-libdir

2025-03-20 23:10:05.4530000 [client] INFO Executing 'ghc --numeric-version' in cwd '/home/john-walker'
2025-03-20 23:10:05.9710000 [client] INFO Platform constants: Linux_UnknownLinux, A_64
2025-03-20 23:10:05.9710000 [client] INFO Checking for ghcup installation
2025-03-20 23:10:05.9830000 [client] INFO found ghcup at ghcup
2025-03-20 23:10:05.9830000 [client] INFO Executing 'ghcup --no-verbose list -t hls -c installed -r' in cwd '/home/john-walker'
2025-03-20 23:10:06.0370000 [client] INFO Checking for ghcup installation
2025-03-20 23:10:06.0480000 [client] INFO found ghcup at ghcup
2025-03-20 23:10:06.0480000 [client] INFO Executing 'ghcup --no-verbose whereis bindir' in cwd '/home/john-walker'
2025-03-20 23:10:06.0590000 [client] INFO Checking for ghcup installation
2025-03-20 23:10:06.0690000 [client] INFO found ghcup at ghcup
2025-03-20 23:10:06.0690000 [client] INFO Executing 'ghcup --no-verbose whereis hls 2.9.0.1' in cwd '/home/john-walker'
2025-03-20 23:10:06.0800000 [client] INFO Checking for ghcup installation
2025-03-20 23:10:06.0890000 [client] INFO found ghcup at ghcup
2025-03-20 23:10:06.0900000 [client] INFO Executing 'ghcup --no-verbose whereis ghc 9.10.1' in cwd '/home/john-walker'
2025-03-20 23:10:06.1000000 [client] INFO Checking for ghcup installation
2025-03-20 23:10:06.1100000 [client] INFO found ghcup at ghcup
2025-03-20 23:10:06.1100000 [client] INFO Executing 'ghcup --no-verbose run --hls 2.9.0.1 --cabal 3.14.1.1 --stack 3.1.1 --ghc 9.10.1 --install' in cwd '/home/john-walker'
2025-03-20 23:10:06.1650000 [client] INFO Activating the language server in working dir: /home/john-walker/repos/pyrethrum (the workspace folder)
2025-03-20 23:10:06.1660000 [client] INFO run command: /home/john-walker/.ghcup/tmp/ghcup-ghc-9.10.1_cabal-3.14.1.1_hls-2.9.0.1_stack-3.1.1/haskell-language-server-wrapper --lsp -l haskell.log
2025-03-20 23:10:06.1660000 [client] INFO debug command: /home/john-walker/.ghcup/tmp/ghcup-ghc-9.10.1_cabal-3.14.1.1_hls-2.9.0.1_stack-3.1.1/haskell-language-server-wrapper --lsp -l haskell.log
2025-03-20 23:10:06.1660000 [client] INFO server cwd: /home/john-walker/repos/pyrethrum
2025-03-20 23:10:06.1660000 [client] INFO server environment variables:
2025-03-20 23:10:06.1660000 [client] INFO   PATH=/home/john-walker/.ghcup/tmp/ghcup-ghc-9.10.1_cabal-3.14.1.1_hls-2.9.0.1_stack-3.1.1:/home/john-walker/.cabal/bin:/home/john-walker/.ghcup/bin:/usr/local/sbin:/usr/local/bin:/usr/sbin:/usr/bin:/sbin:/bin:/usr/games:/usr/local/games:/snap/bin:/snap/bin
2025-03-20 23:10:06.1680000 [client] INFO Starting language server
2025-03-21 02:54:31.9560000 [client] INFO Writing client log to file /home/john-walker/repos/pyrethrum/haskell.log
2025-03-21 02:54:31.9570000 [client] INFO Finding haskell-language-server
2025-03-21 02:54:31.9570000 [client] INFO Checking for ghcup installation
2025-03-21 02:54:31.9610000 [client] INFO found ghcup at ghcup
2025-03-21 02:54:31.9620000 [client] INFO Executing 'ghcup --no-verbose upgrade' in cwd '/home/john-walker'
2025-03-21 02:54:37.6520000 [client] INFO Checking for ghcup installation
2025-03-21 02:54:37.6650000 [client] INFO found ghcup at ghcup
2025-03-21 02:54:37.6650000 [client] INFO Executing 'ghcup --no-verbose list -t hls -c installed -r' in cwd '/home/john-walker'
2025-03-21 02:54:37.7210000 [client] INFO Checking for ghcup installation
2025-03-21 02:54:37.7330000 [client] INFO found ghcup at ghcup
2025-03-21 02:54:37.7330000 [client] INFO Executing 'ghcup --no-verbose list -t cabal -c installed -r' in cwd '/home/john-walker'
2025-03-21 02:54:37.7870000 [client] INFO Checking for ghcup installation
2025-03-21 02:54:37.7980000 [client] INFO found ghcup at ghcup
2025-03-21 02:54:37.7990000 [client] INFO Executing 'ghcup --no-verbose list -t stack -c installed -r' in cwd '/home/john-walker'
2025-03-21 02:54:37.8650000 [client] INFO Checking for ghcup installation
2025-03-21 02:54:37.8740000 [client] INFO found ghcup at ghcup
2025-03-21 02:54:37.8740000 [client] INFO Executing 'ghcup --no-verbose whereis hls 2.9.0.1' in cwd '/home/john-walker'
2025-03-21 02:54:37.8850000 [client] INFO Checking for ghcup installation
2025-03-21 02:54:37.8940000 [client] INFO found ghcup at ghcup
2025-03-21 02:54:37.8940000 [client] INFO Executing 'ghcup --no-verbose whereis cabal 3.14.1.1' in cwd '/home/john-walker'
2025-03-21 02:54:37.9030000 [client] INFO Checking for ghcup installation
2025-03-21 02:54:37.9080000 [client] INFO found ghcup at ghcup
2025-03-21 02:54:37.9080000 [client] INFO Executing 'ghcup --no-verbose whereis stack 3.1.1' in cwd '/home/john-walker'
2025-03-21 02:54:37.9240000 [client] INFO Executing 'ghc --numeric-version' in cwd '/home/john-walker'
2025-03-21 02:54:37.9470000 [client] INFO Checking for ghcup installation
2025-03-21 02:54:37.9580000 [client] INFO found ghcup at ghcup
2025-03-21 02:54:37.9580000 [client] INFO Executing 'ghcup --no-verbose run --hls 2.9.0.1 --cabal 3.14.1.1 --stack 3.1.1 --install' in cwd '/home/john-walker'
2025-03-21 02:54:38.0150000 [client] INFO Working out the project GHC version. This might take a while...
2025-03-21 02:54:38.0150000 [client] INFO Executing 'haskell-language-server-wrapper --project-ghc-version' in cwd '/home/john-walker/repos/pyrethrum'
2025-03-21 02:54:40.4000000 [client] ERROR Error executing 'haskell-language-server-wrapper --project-ghc-version' with error code 1
2025-03-21 02:54:40.4000000 [client] ERROR stderr: No 'hie.yaml' found. Try to discover the project type!
2025-03-21T02:54:40.399107Z | Debug | cabal exec -v0 -- ghc --print-libdir

2025-03-21 02:54:40.4000000 [client] ERROR stdout: Failed to find the GHC version of this Cabal project.
Error when calling cabal exec -v0 -- ghc --print-libdir

Error: [Cabal-7107]
Could not resolve dependencies:
[__0] trying: pyrethrum-0.1.0.0 (user goal)
[__1] trying: pyrethrum:+godlibrary
[__2] trying: falsify-0.2.0 (dependency of pyrethrum +godlibrary)
[__3] next goal: data-default (dependency of falsify)
[__3] rejecting: data-default-0.8.0.0
      (constraint from https://www.stackage.org/nightly-2024-12-05/cabal.config requires ==0.7.1.3)
        imported by: cabal.project
[__3] trying: data-default-0.7.1.3
[__4] next goal: data-default-class (dependency of data-default)
[__4] rejecting: data-default-class-0.2.0.0
      (constraint from https://www.stackage.org/nightly-2024-12-05/cabal.config requires ==0.1.2.2)
        imported by: cabal.project
[__4] trying: data-default-class-0.1.2.2
[__5] next goal: req (dependency of pyrethrum)
[__5] rejecting: req-3.13.4 (conflict: data-default-class==0.1.2.2, req => data-default-class>=0.2.0.0)
[__5] rejecting: req; 3.13.3, 3.13.2, 3.13.1, 3.13.0, 3.12.0, 3.11.0, 3.10.0, 3.9.2, 3.9.1, 3.9.0, 3.8.0, 3.7.0, 3.6.0, 3.5.0, 3.4.0, 3.3.0, 3.2.0, 3.1.0, 3.0.0, 2.1.0, 2.0.1, 2.0.0, 1.2.1, 1.2.0, 1.1.0, 1.0.0, 0.5.0, 0.4.0, 0.3.1, 0.3.0, 0.2.0, 0.1.0
      (constraint from https://www.stackage.org/nightly-2024-12-05/cabal.config requires ==3.13.4)
        imported by: cabal.project
[__5] fail (backjumping, conflict set: data-default-class, pyrethrum, req)
After searching the rest of the dependency tree exhaustively, these were the goals I've had most trouble fulfilling: req, data-default, pyrethrum, data-default-class, falsify, pyrethrum:godlibrary
Try running with --minimize-conflict-set to improve the error message.



2025-03-21 02:54:40.4000000 [client] ERROR Error: haskell-language-server --project-ghc-version exited with exit code 1:
Failed to find the GHC version of this Cabal project.
Error when calling cabal exec -v0 -- ghc --print-libdir

Error: [Cabal-7107]
Could not resolve dependencies:
[__0] trying: pyrethrum-0.1.0.0 (user goal)
[__1] trying: pyrethrum:+godlibrary
[__2] trying: falsify-0.2.0 (dependency of pyrethrum +godlibrary)
[__3] next goal: data-default (dependency of falsify)
[__3] rejecting: data-default-0.8.0.0
      (constraint from https://www.stackage.org/nightly-2024-12-05/cabal.config requires ==0.7.1.3)
        imported by: cabal.project
[__3] trying: data-default-0.7.1.3
[__4] next goal: data-default-class (dependency of data-default)
[__4] rejecting: data-default-class-0.2.0.0
      (constraint from https://www.stackage.org/nightly-2024-12-05/cabal.config requires ==0.1.2.2)
        imported by: cabal.project
[__4] trying: data-default-class-0.1.2.2
[__5] next goal: req (dependency of pyrethrum)
[__5] rejecting: req-3.13.4 (conflict: data-default-class==0.1.2.2, req => data-default-class>=0.2.0.0)
[__5] rejecting: req; 3.13.3, 3.13.2, 3.13.1, 3.13.0, 3.12.0, 3.11.0, 3.10.0, 3.9.2, 3.9.1, 3.9.0, 3.8.0, 3.7.0, 3.6.0, 3.5.0, 3.4.0, 3.3.0, 3.2.0, 3.1.0, 3.0.0, 2.1.0, 2.0.1, 2.0.0, 1.2.1, 1.2.0, 1.1.0, 1.0.0, 0.5.0, 0.4.0, 0.3.1, 0.3.0, 0.2.0, 0.1.0
      (constraint from https://www.stackage.org/nightly-2024-12-05/cabal.config requires ==3.13.4)
        imported by: cabal.project
[__5] fail (backjumping, conflict set: data-default-class, pyrethrum, req)
After searching the rest of the dependency tree exhaustively, these were the goals I've had most trouble fulfilling: req, data-default, pyrethrum, data-default-class, falsify, pyrethrum:godlibrary
Try running with --minimize-conflict-set to improve the error message.



No 'hie.yaml' found. Try to discover the project type!
2025-03-21T02:54:40.399107Z | Debug | cabal exec -v0 -- ghc --print-libdir

2025-03-21 02:54:40.4010000 [client] INFO Executing 'ghc --numeric-version' in cwd '/home/john-walker'
2025-03-21 02:54:40.8460000 [client] INFO Platform constants: Linux_UnknownLinux, A_64
2025-03-21 02:54:40.8470000 [client] INFO Checking for ghcup installation
2025-03-21 02:54:40.8580000 [client] INFO found ghcup at ghcup
2025-03-21 02:54:40.8580000 [client] INFO Executing 'ghcup --no-verbose list -t hls -c installed -r' in cwd '/home/john-walker'
2025-03-21 02:54:40.9130000 [client] INFO Checking for ghcup installation
2025-03-21 02:54:40.9240000 [client] INFO found ghcup at ghcup
2025-03-21 02:54:40.9240000 [client] INFO Executing 'ghcup --no-verbose whereis bindir' in cwd '/home/john-walker'
2025-03-21 02:54:40.9360000 [client] INFO Checking for ghcup installation
2025-03-21 02:54:40.9450000 [client] INFO found ghcup at ghcup
2025-03-21 02:54:40.9450000 [client] INFO Executing 'ghcup --no-verbose whereis hls 2.9.0.1' in cwd '/home/john-walker'
2025-03-21 02:54:40.9530000 [client] INFO Checking for ghcup installation
2025-03-21 02:54:40.9610000 [client] INFO found ghcup at ghcup
2025-03-21 02:54:40.9610000 [client] INFO Executing 'ghcup --no-verbose whereis ghc 9.10.1' in cwd '/home/john-walker'
2025-03-21 02:54:40.9710000 [client] INFO Checking for ghcup installation
2025-03-21 02:54:40.9780000 [client] INFO found ghcup at ghcup
2025-03-21 02:54:40.9780000 [client] INFO Executing 'ghcup --no-verbose run --hls 2.9.0.1 --cabal 3.14.1.1 --stack 3.1.1 --ghc 9.10.1 --install' in cwd '/home/john-walker'
2025-03-21 02:54:41.0300000 [client] INFO Activating the language server in working dir: /home/john-walker/repos/pyrethrum (the workspace folder)
2025-03-21 02:54:41.0300000 [client] INFO run command: /home/john-walker/.ghcup/tmp/ghcup-ghc-9.10.1_cabal-3.14.1.1_hls-2.9.0.1_stack-3.1.1/haskell-language-server-wrapper --lsp -l haskell.log
2025-03-21 02:54:41.0300000 [client] INFO debug command: /home/john-walker/.ghcup/tmp/ghcup-ghc-9.10.1_cabal-3.14.1.1_hls-2.9.0.1_stack-3.1.1/haskell-language-server-wrapper --lsp -l haskell.log
2025-03-21 02:54:41.0300000 [client] INFO server cwd: /home/john-walker/repos/pyrethrum
2025-03-21 02:54:41.0300000 [client] INFO server environment variables:
2025-03-21 02:54:41.0300000 [client] INFO   PATH=/home/john-walker/.ghcup/tmp/ghcup-ghc-9.10.1_cabal-3.14.1.1_hls-2.9.0.1_stack-3.1.1:/home/john-walker/.cabal/bin:/home/john-walker/.ghcup/bin:/usr/local/sbin:/usr/local/bin:/usr/sbin:/usr/bin:/sbin:/bin:/usr/games:/usr/local/games:/snap/bin:/snap/bin
2025-03-21 02:54:41.0320000 [client] INFO Starting language server
2025-03-21 21:21:59.2130000 [client] INFO Writing client log to file /home/john-walker/repos/pyrethrum/haskell.log
2025-03-21 21:21:59.2140000 [client] INFO Finding haskell-language-server
2025-03-21 21:21:59.2150000 [client] INFO Checking for ghcup installation
2025-03-21 21:21:59.2190000 [client] INFO found ghcup at ghcup
2025-03-21 21:21:59.2200000 [client] INFO Executing 'ghcup --no-verbose upgrade' in cwd '/home/john-walker'
2025-03-21 21:21:59.7720000 [client] INFO Checking for ghcup installation
2025-03-21 21:21:59.7770000 [client] INFO found ghcup at ghcup
2025-03-21 21:21:59.7770000 [client] INFO Executing 'ghcup --no-verbose list -t hls -c installed -r' in cwd '/home/john-walker'
2025-03-21 21:21:59.9120000 [client] INFO Checking for ghcup installation
2025-03-21 21:21:59.9160000 [client] INFO found ghcup at ghcup
2025-03-21 21:21:59.9170000 [client] INFO Executing 'ghcup --no-verbose list -t cabal -c installed -r' in cwd '/home/john-walker'
2025-03-21 21:22:00.0010000 [client] INFO Checking for ghcup installation
2025-03-21 21:22:00.0060000 [client] INFO found ghcup at ghcup
2025-03-21 21:22:00.0060000 [client] INFO Executing 'ghcup --no-verbose list -t stack -c installed -r' in cwd '/home/john-walker'
2025-03-21 21:22:00.1690000 [client] INFO Checking for ghcup installation
2025-03-21 21:22:00.1720000 [client] INFO found ghcup at ghcup
2025-03-21 21:22:00.1720000 [client] INFO Executing 'ghcup --no-verbose whereis hls 2.9.0.1' in cwd '/home/john-walker'
2025-03-21 21:22:00.2220000 [client] INFO Checking for ghcup installation
2025-03-21 21:22:00.2250000 [client] INFO found ghcup at ghcup
2025-03-21 21:22:00.2250000 [client] INFO Executing 'ghcup --no-verbose whereis cabal 3.14.1.1' in cwd '/home/john-walker'
2025-03-21 21:22:00.2530000 [client] INFO Checking for ghcup installation
2025-03-21 21:22:00.2560000 [client] INFO found ghcup at ghcup
2025-03-21 21:22:00.2560000 [client] INFO Executing 'ghcup --no-verbose whereis stack 3.1.1' in cwd '/home/john-walker'
2025-03-21 21:22:00.2880000 [client] INFO Executing 'ghc --numeric-version' in cwd '/home/john-walker'
2025-03-21 21:22:00.4310000 [client] INFO Checking for ghcup installation
2025-03-21 21:22:00.4370000 [client] INFO found ghcup at ghcup
2025-03-21 21:22:00.4380000 [client] INFO Executing 'ghcup --no-verbose run --hls 2.9.0.1 --cabal 3.14.1.1 --stack 3.1.1 --install' in cwd '/home/john-walker'
2025-03-21 21:22:00.5090000 [client] INFO Working out the project GHC version. This might take a while...
2025-03-21 21:22:00.5090000 [client] INFO Executing 'haskell-language-server-wrapper --project-ghc-version' in cwd '/home/john-walker/repos/pyrethrum'
2025-03-21 21:22:03.3750000 [client] ERROR Error executing 'haskell-language-server-wrapper --project-ghc-version' with error code 1
2025-03-21 21:22:03.3750000 [client] ERROR stderr: No 'hie.yaml' found. Try to discover the project type!
2025-03-21T21:22:03.371948Z | Debug | cabal exec -v0 -- ghc --print-libdir

2025-03-21 21:22:03.3750000 [client] ERROR stdout: Failed to find the GHC version of this Cabal project.
Error when calling cabal exec -v0 -- ghc --print-libdir

Error: [Cabal-7107]
Could not resolve dependencies:
[__0] trying: pyrethrum-0.1.0.0 (user goal)
[__1] trying: pyrethrum:+godlibrary
[__2] trying: falsify-0.2.0 (dependency of pyrethrum +godlibrary)
[__3] next goal: data-default (dependency of falsify)
[__3] rejecting: data-default-0.8.0.0
      (constraint from https://www.stackage.org/nightly-2024-12-05/cabal.config requires ==0.7.1.3)
        imported by: cabal.project
[__3] trying: data-default-0.7.1.3
[__4] next goal: data-default-class (dependency of data-default)
[__4] rejecting: data-default-class-0.2.0.0
      (constraint from https://www.stackage.org/nightly-2024-12-05/cabal.config requires ==0.1.2.2)
        imported by: cabal.project
[__4] trying: data-default-class-0.1.2.2
[__5] next goal: req (dependency of pyrethrum)
[__5] rejecting: req-3.13.4 (conflict: data-default-class==0.1.2.2, req => data-default-class>=0.2.0.0)
[__5] rejecting: req; 3.13.3, 3.13.2, 3.13.1, 3.13.0, 3.12.0, 3.11.0, 3.10.0, 3.9.2, 3.9.1, 3.9.0, 3.8.0, 3.7.0, 3.6.0, 3.5.0, 3.4.0, 3.3.0, 3.2.0, 3.1.0, 3.0.0, 2.1.0, 2.0.1, 2.0.0, 1.2.1, 1.2.0, 1.1.0, 1.0.0, 0.5.0, 0.4.0, 0.3.1, 0.3.0, 0.2.0, 0.1.0
      (constraint from https://www.stackage.org/nightly-2024-12-05/cabal.config requires ==3.13.4)
        imported by: cabal.project
[__5] fail (backjumping, conflict set: data-default-class, pyrethrum, req)
After searching the rest of the dependency tree exhaustively, these were the goals I've had most trouble fulfilling: req, data-default, pyrethrum, data-default-class, falsify, pyrethrum:godlibrary
Try running with --minimize-conflict-set to improve the error message.



2025-03-21 21:22:03.3760000 [client] ERROR Error: haskell-language-server --project-ghc-version exited with exit code 1:
Failed to find the GHC version of this Cabal project.
Error when calling cabal exec -v0 -- ghc --print-libdir

Error: [Cabal-7107]
Could not resolve dependencies:
[__0] trying: pyrethrum-0.1.0.0 (user goal)
[__1] trying: pyrethrum:+godlibrary
[__2] trying: falsify-0.2.0 (dependency of pyrethrum +godlibrary)
[__3] next goal: data-default (dependency of falsify)
[__3] rejecting: data-default-0.8.0.0
      (constraint from https://www.stackage.org/nightly-2024-12-05/cabal.config requires ==0.7.1.3)
        imported by: cabal.project
[__3] trying: data-default-0.7.1.3
[__4] next goal: data-default-class (dependency of data-default)
[__4] rejecting: data-default-class-0.2.0.0
      (constraint from https://www.stackage.org/nightly-2024-12-05/cabal.config requires ==0.1.2.2)
        imported by: cabal.project
[__4] trying: data-default-class-0.1.2.2
[__5] next goal: req (dependency of pyrethrum)
[__5] rejecting: req-3.13.4 (conflict: data-default-class==0.1.2.2, req => data-default-class>=0.2.0.0)
[__5] rejecting: req; 3.13.3, 3.13.2, 3.13.1, 3.13.0, 3.12.0, 3.11.0, 3.10.0, 3.9.2, 3.9.1, 3.9.0, 3.8.0, 3.7.0, 3.6.0, 3.5.0, 3.4.0, 3.3.0, 3.2.0, 3.1.0, 3.0.0, 2.1.0, 2.0.1, 2.0.0, 1.2.1, 1.2.0, 1.1.0, 1.0.0, 0.5.0, 0.4.0, 0.3.1, 0.3.0, 0.2.0, 0.1.0
      (constraint from https://www.stackage.org/nightly-2024-12-05/cabal.config requires ==3.13.4)
        imported by: cabal.project
[__5] fail (backjumping, conflict set: data-default-class, pyrethrum, req)
After searching the rest of the dependency tree exhaustively, these were the goals I've had most trouble fulfilling: req, data-default, pyrethrum, data-default-class, falsify, pyrethrum:godlibrary
Try running with --minimize-conflict-set to improve the error message.



No 'hie.yaml' found. Try to discover the project type!
2025-03-21T21:22:03.371948Z | Debug | cabal exec -v0 -- ghc --print-libdir

2025-03-21 21:22:03.3760000 [client] INFO Executing 'ghc --numeric-version' in cwd '/home/john-walker'
2025-03-21 21:22:03.9660000 [client] INFO Platform constants: Linux_UnknownLinux, A_64
2025-03-21 21:22:03.9660000 [client] INFO Checking for ghcup installation
2025-03-21 21:22:03.9770000 [client] INFO found ghcup at ghcup
2025-03-21 21:22:03.9770000 [client] INFO Executing 'ghcup --no-verbose list -t hls -c installed -r' in cwd '/home/john-walker'
2025-03-21 21:22:04.0360000 [client] INFO Checking for ghcup installation
2025-03-21 21:22:04.0470000 [client] INFO found ghcup at ghcup
2025-03-21 21:22:04.0480000 [client] INFO Executing 'ghcup --no-verbose whereis bindir' in cwd '/home/john-walker'
2025-03-21 21:22:04.0590000 [client] INFO Checking for ghcup installation
2025-03-21 21:22:04.0670000 [client] INFO found ghcup at ghcup
2025-03-21 21:22:04.0670000 [client] INFO Executing 'ghcup --no-verbose whereis hls 2.9.0.1' in cwd '/home/john-walker'
2025-03-21 21:22:04.0760000 [client] INFO Checking for ghcup installation
2025-03-21 21:22:04.0830000 [client] INFO found ghcup at ghcup
2025-03-21 21:22:04.0830000 [client] INFO Executing 'ghcup --no-verbose whereis ghc 9.10.1' in cwd '/home/john-walker'
2025-03-21 21:22:04.0890000 [client] INFO Checking for ghcup installation
2025-03-21 21:22:04.0940000 [client] INFO found ghcup at ghcup
2025-03-21 21:22:04.0950000 [client] INFO Executing 'ghcup --no-verbose run --hls 2.9.0.1 --cabal 3.14.1.1 --stack 3.1.1 --ghc 9.10.1 --install' in cwd '/home/john-walker'
2025-03-21 21:22:04.1590000 [client] INFO Activating the language server in working dir: /home/john-walker/repos/pyrethrum (the workspace folder)
2025-03-21 21:22:04.1590000 [client] INFO run command: /home/john-walker/.ghcup/tmp/ghcup-ghc-9.10.1_cabal-3.14.1.1_hls-2.9.0.1_stack-3.1.1/haskell-language-server-wrapper --lsp -l haskell.log
2025-03-21 21:22:04.1590000 [client] INFO debug command: /home/john-walker/.ghcup/tmp/ghcup-ghc-9.10.1_cabal-3.14.1.1_hls-2.9.0.1_stack-3.1.1/haskell-language-server-wrapper --lsp -l haskell.log
2025-03-21 21:22:04.1590000 [client] INFO server cwd: /home/john-walker/repos/pyrethrum
2025-03-21 21:22:04.1590000 [client] INFO server environment variables:
2025-03-21 21:22:04.1590000 [client] INFO   PATH=/home/john-walker/.ghcup/tmp/ghcup-ghc-9.10.1_cabal-3.14.1.1_hls-2.9.0.1_stack-3.1.1:/home/john-walker/Apps:/home/john-walker/.cabal/bin:/home/john-walker/.ghcup/bin:/usr/local/sbin:/usr/local/bin:/usr/sbin:/usr/bin:/sbin:/bin:/usr/games:/usr/local/games:/snap/bin:/snap/bin
2025-03-21 21:22:04.1610000 [client] INFO Starting language server
2025-03-22 21:16:54.7980000 [client] INFO Writing client log to file /home/john-walker/repos/pyrethrum/haskell.log
2025-03-22 21:16:54.7990000 [client] INFO Finding haskell-language-server
2025-03-22 21:16:54.8000000 [client] INFO Checking for ghcup installation
2025-03-22 21:16:54.8050000 [client] INFO found ghcup at ghcup
2025-03-22 21:16:54.8050000 [client] INFO Executing 'ghcup --no-verbose upgrade' in cwd '/home/john-walker'
2025-03-22 21:16:55.3460000 [client] INFO Checking for ghcup installation
2025-03-22 21:16:55.3500000 [client] INFO found ghcup at ghcup
2025-03-22 21:16:55.3510000 [client] INFO Executing 'ghcup --no-verbose list -t hls -c installed -r' in cwd '/home/john-walker'
2025-03-22 21:16:55.4890000 [client] INFO Checking for ghcup installation
2025-03-22 21:16:55.4940000 [client] INFO found ghcup at ghcup
2025-03-22 21:16:55.4940000 [client] INFO Executing 'ghcup --no-verbose list -t cabal -c installed -r' in cwd '/home/john-walker'
2025-03-22 21:16:55.6380000 [client] INFO Checking for ghcup installation
2025-03-22 21:16:55.6430000 [client] INFO found ghcup at ghcup
2025-03-22 21:16:55.6430000 [client] INFO Executing 'ghcup --no-verbose list -t stack -c installed -r' in cwd '/home/john-walker'
2025-03-22 21:16:55.8220000 [client] INFO Checking for ghcup installation
2025-03-22 21:16:55.8280000 [client] INFO found ghcup at ghcup
2025-03-22 21:16:55.8280000 [client] INFO Executing 'ghcup --no-verbose whereis hls 2.9.0.1' in cwd '/home/john-walker'
2025-03-22 21:16:55.8890000 [client] INFO Checking for ghcup installation
2025-03-22 21:16:55.8920000 [client] INFO found ghcup at ghcup
2025-03-22 21:16:55.8920000 [client] INFO Executing 'ghcup --no-verbose whereis cabal 3.14.1.1' in cwd '/home/john-walker'
2025-03-22 21:16:55.9210000 [client] INFO Checking for ghcup installation
2025-03-22 21:16:55.9270000 [client] INFO found ghcup at ghcup
2025-03-22 21:16:55.9270000 [client] INFO Executing 'ghcup --no-verbose whereis stack 3.1.1' in cwd '/home/john-walker'
2025-03-22 21:16:55.9740000 [client] INFO Executing 'ghc --numeric-version' in cwd '/home/john-walker'
2025-03-22 21:16:56.1170000 [client] INFO Checking for ghcup installation
2025-03-22 21:16:56.1220000 [client] INFO found ghcup at ghcup
2025-03-22 21:16:56.1230000 [client] INFO Executing 'ghcup --no-verbose run --hls 2.9.0.1 --cabal 3.14.1.1 --stack 3.1.1 --install' in cwd '/home/john-walker'
2025-03-22 21:16:56.2030000 [client] INFO Working out the project GHC version. This might take a while...
2025-03-22 21:16:56.2040000 [client] INFO Executing 'haskell-language-server-wrapper --project-ghc-version' in cwd '/home/john-walker/repos/pyrethrum'
2025-03-22 21:16:59.2090000 [client] ERROR Error executing 'haskell-language-server-wrapper --project-ghc-version' with error code 1
2025-03-22 21:16:59.2090000 [client] ERROR stderr: No 'hie.yaml' found. Try to discover the project type!
2025-03-22T21:16:59.205626Z | Debug | cabal exec -v0 -- ghc --print-libdir

2025-03-22 21:16:59.2090000 [client] ERROR stdout: Failed to find the GHC version of this Cabal project.
Error when calling cabal exec -v0 -- ghc --print-libdir

Error: [Cabal-7107]
Could not resolve dependencies:
[__0] trying: pyrethrum-0.1.0.0 (user goal)
[__1] trying: pyrethrum:+godlibrary
[__2] trying: falsify-0.2.0 (dependency of pyrethrum +godlibrary)
[__3] next goal: data-default (dependency of falsify)
[__3] rejecting: data-default-0.8.0.0
      (constraint from https://www.stackage.org/nightly-2024-12-05/cabal.config requires ==0.7.1.3)
        imported by: cabal.project
[__3] trying: data-default-0.7.1.3
[__4] next goal: data-default-class (dependency of data-default)
[__4] rejecting: data-default-class-0.2.0.0
      (constraint from https://www.stackage.org/nightly-2024-12-05/cabal.config requires ==0.1.2.2)
        imported by: cabal.project
[__4] trying: data-default-class-0.1.2.2
[__5] next goal: req (dependency of pyrethrum)
[__5] rejecting: req-3.13.4 (conflict: data-default-class==0.1.2.2, req => data-default-class>=0.2.0.0)
[__5] rejecting: req; 3.13.3, 3.13.2, 3.13.1, 3.13.0, 3.12.0, 3.11.0, 3.10.0, 3.9.2, 3.9.1, 3.9.0, 3.8.0, 3.7.0, 3.6.0, 3.5.0, 3.4.0, 3.3.0, 3.2.0, 3.1.0, 3.0.0, 2.1.0, 2.0.1, 2.0.0, 1.2.1, 1.2.0, 1.1.0, 1.0.0, 0.5.0, 0.4.0, 0.3.1, 0.3.0, 0.2.0, 0.1.0
      (constraint from https://www.stackage.org/nightly-2024-12-05/cabal.config requires ==3.13.4)
        imported by: cabal.project
[__5] fail (backjumping, conflict set: data-default-class, pyrethrum, req)
After searching the rest of the dependency tree exhaustively, these were the goals I've had most trouble fulfilling: req, data-default, pyrethrum, data-default-class, falsify, pyrethrum:godlibrary
Try running with --minimize-conflict-set to improve the error message.



2025-03-22 21:16:59.2090000 [client] ERROR Error: haskell-language-server --project-ghc-version exited with exit code 1:
Failed to find the GHC version of this Cabal project.
Error when calling cabal exec -v0 -- ghc --print-libdir

Error: [Cabal-7107]
Could not resolve dependencies:
[__0] trying: pyrethrum-0.1.0.0 (user goal)
[__1] trying: pyrethrum:+godlibrary
[__2] trying: falsify-0.2.0 (dependency of pyrethrum +godlibrary)
[__3] next goal: data-default (dependency of falsify)
[__3] rejecting: data-default-0.8.0.0
      (constraint from https://www.stackage.org/nightly-2024-12-05/cabal.config requires ==0.7.1.3)
        imported by: cabal.project
[__3] trying: data-default-0.7.1.3
[__4] next goal: data-default-class (dependency of data-default)
[__4] rejecting: data-default-class-0.2.0.0
      (constraint from https://www.stackage.org/nightly-2024-12-05/cabal.config requires ==0.1.2.2)
        imported by: cabal.project
[__4] trying: data-default-class-0.1.2.2
[__5] next goal: req (dependency of pyrethrum)
[__5] rejecting: req-3.13.4 (conflict: data-default-class==0.1.2.2, req => data-default-class>=0.2.0.0)
[__5] rejecting: req; 3.13.3, 3.13.2, 3.13.1, 3.13.0, 3.12.0, 3.11.0, 3.10.0, 3.9.2, 3.9.1, 3.9.0, 3.8.0, 3.7.0, 3.6.0, 3.5.0, 3.4.0, 3.3.0, 3.2.0, 3.1.0, 3.0.0, 2.1.0, 2.0.1, 2.0.0, 1.2.1, 1.2.0, 1.1.0, 1.0.0, 0.5.0, 0.4.0, 0.3.1, 0.3.0, 0.2.0, 0.1.0
      (constraint from https://www.stackage.org/nightly-2024-12-05/cabal.config requires ==3.13.4)
        imported by: cabal.project
[__5] fail (backjumping, conflict set: data-default-class, pyrethrum, req)
After searching the rest of the dependency tree exhaustively, these were the goals I've had most trouble fulfilling: req, data-default, pyrethrum, data-default-class, falsify, pyrethrum:godlibrary
Try running with --minimize-conflict-set to improve the error message.



No 'hie.yaml' found. Try to discover the project type!
2025-03-22T21:16:59.205626Z | Debug | cabal exec -v0 -- ghc --print-libdir

2025-03-22 21:16:59.2100000 [client] INFO Executing 'ghc --numeric-version' in cwd '/home/john-walker'
2025-03-22 21:17:00.1020000 [client] INFO Platform constants: Linux_UnknownLinux, A_64
2025-03-22 21:17:00.1020000 [client] INFO Checking for ghcup installation
2025-03-22 21:17:00.1140000 [client] INFO found ghcup at ghcup
2025-03-22 21:17:00.1140000 [client] INFO Executing 'ghcup --no-verbose list -t hls -c installed -r' in cwd '/home/john-walker'
2025-03-22 21:17:00.1670000 [client] INFO Checking for ghcup installation
2025-03-22 21:17:00.1740000 [client] INFO found ghcup at ghcup
2025-03-22 21:17:00.1750000 [client] INFO Executing 'ghcup --no-verbose whereis bindir' in cwd '/home/john-walker'
2025-03-22 21:17:00.1810000 [client] INFO Checking for ghcup installation
2025-03-22 21:17:00.1860000 [client] INFO found ghcup at ghcup
2025-03-22 21:17:00.1860000 [client] INFO Executing 'ghcup --no-verbose whereis hls 2.9.0.1' in cwd '/home/john-walker'
2025-03-22 21:17:00.1920000 [client] INFO Checking for ghcup installation
2025-03-22 21:17:00.1970000 [client] INFO found ghcup at ghcup
2025-03-22 21:17:00.1970000 [client] INFO Executing 'ghcup --no-verbose whereis ghc 9.10.1' in cwd '/home/john-walker'
2025-03-22 21:17:00.2020000 [client] INFO Checking for ghcup installation
2025-03-22 21:17:00.2060000 [client] INFO found ghcup at ghcup
2025-03-22 21:17:00.2060000 [client] INFO Executing 'ghcup --no-verbose run --hls 2.9.0.1 --cabal 3.14.1.1 --stack 3.1.1 --ghc 9.10.1 --install' in cwd '/home/john-walker'
2025-03-22 21:17:00.2590000 [client] INFO Activating the language server in working dir: /home/john-walker/repos/pyrethrum (the workspace folder)
2025-03-22 21:17:00.2590000 [client] INFO run command: /home/john-walker/.ghcup/tmp/ghcup-ghc-9.10.1_cabal-3.14.1.1_hls-2.9.0.1_stack-3.1.1/haskell-language-server-wrapper --lsp -l haskell.log
2025-03-22 21:17:00.2590000 [client] INFO debug command: /home/john-walker/.ghcup/tmp/ghcup-ghc-9.10.1_cabal-3.14.1.1_hls-2.9.0.1_stack-3.1.1/haskell-language-server-wrapper --lsp -l haskell.log
2025-03-22 21:17:00.2590000 [client] INFO server cwd: /home/john-walker/repos/pyrethrum
2025-03-22 21:17:00.2590000 [client] INFO server environment variables:
2025-03-22 21:17:00.2590000 [client] INFO   PATH=/home/john-walker/.ghcup/tmp/ghcup-ghc-9.10.1_cabal-3.14.1.1_hls-2.9.0.1_stack-3.1.1:/home/john-walker/Apps:/home/john-walker/.cabal/bin:/home/john-walker/.ghcup/bin:/usr/local/sbin:/usr/local/bin:/usr/sbin:/usr/bin:/sbin:/bin:/usr/games:/usr/local/games:/snap/bin:/snap/bin
2025-03-22 21:17:00.2600000 [client] INFO Starting language server
2025-03-22 22:44:48.8730000 [client] INFO Writing client log to file /home/john-walker/repos/pyrethrum/haskell.log
2025-03-22 22:44:48.8730000 [client] INFO Finding haskell-language-server
2025-03-22 22:44:48.8740000 [client] INFO Checking for ghcup installation
2025-03-22 22:44:48.8780000 [client] INFO found ghcup at ghcup
2025-03-22 22:44:48.8780000 [client] INFO Executing 'ghcup --no-verbose upgrade' in cwd '/home/john-walker'
2025-03-22 22:44:49.3290000 [client] INFO Checking for ghcup installation
2025-03-22 22:44:49.3350000 [client] INFO found ghcup at ghcup
2025-03-22 22:44:49.3350000 [client] INFO Executing 'ghcup --no-verbose list -t hls -c installed -r' in cwd '/home/john-walker'
2025-03-22 22:44:49.4960000 [client] INFO Checking for ghcup installation
2025-03-22 22:44:49.5010000 [client] INFO found ghcup at ghcup
2025-03-22 22:44:49.5020000 [client] INFO Executing 'ghcup --no-verbose list -t cabal -c installed -r' in cwd '/home/john-walker'
2025-03-22 22:44:49.5550000 [client] INFO Checking for ghcup installation
2025-03-22 22:44:49.5620000 [client] INFO found ghcup at ghcup
2025-03-22 22:44:49.5620000 [client] INFO Executing 'ghcup --no-verbose list -t stack -c installed -r' in cwd '/home/john-walker'
2025-03-22 22:44:49.6190000 [client] INFO Checking for ghcup installation
2025-03-22 22:44:49.6260000 [client] INFO found ghcup at ghcup
2025-03-22 22:44:49.6260000 [client] INFO Executing 'ghcup --no-verbose whereis hls 2.9.0.1' in cwd '/home/john-walker'
2025-03-22 22:44:49.7120000 [client] INFO Checking for ghcup installation
2025-03-22 22:44:49.7180000 [client] INFO found ghcup at ghcup
2025-03-22 22:44:49.7180000 [client] INFO Executing 'ghcup --no-verbose whereis cabal 3.14.1.1' in cwd '/home/john-walker'
2025-03-22 22:44:49.8910000 [client] INFO Checking for ghcup installation
2025-03-22 22:44:49.8970000 [client] INFO found ghcup at ghcup
2025-03-22 22:44:49.8970000 [client] INFO Executing 'ghcup --no-verbose whereis stack 3.1.1' in cwd '/home/john-walker'
2025-03-22 22:44:49.9620000 [client] INFO Executing 'ghc --numeric-version' in cwd '/home/john-walker'
2025-03-22 22:44:49.9940000 [client] INFO Checking for ghcup installation
2025-03-22 22:44:49.9980000 [client] INFO found ghcup at ghcup
2025-03-22 22:44:49.9990000 [client] INFO Executing 'ghcup --no-verbose run --hls 2.9.0.1 --cabal 3.14.1.1 --stack 3.1.1 --install' in cwd '/home/john-walker'
2025-03-22 22:44:50.1440000 [client] INFO Working out the project GHC version. This might take a while...
2025-03-22 22:44:50.1440000 [client] INFO Executing 'haskell-language-server-wrapper --project-ghc-version' in cwd '/home/john-walker/repos/pyrethrum'
2025-03-22 22:44:52.5430000 [client] ERROR Error executing 'haskell-language-server-wrapper --project-ghc-version' with error code 1
2025-03-22 22:44:52.5430000 [client] ERROR stderr: No 'hie.yaml' found. Try to discover the project type!
2025-03-22T22:44:52.542306Z | Debug | cabal exec -v0 -- ghc --print-libdir

2025-03-22 22:44:52.5430000 [client] ERROR stdout: Failed to find the GHC version of this Cabal project.
Error when calling cabal exec -v0 -- ghc --print-libdir

Error: [Cabal-7107]
Could not resolve dependencies:
[__0] trying: pyrethrum-0.1.0.0 (user goal)
[__1] trying: pyrethrum:+godlibrary
[__2] trying: falsify-0.2.0 (dependency of pyrethrum +godlibrary)
[__3] next goal: data-default (dependency of falsify)
[__3] rejecting: data-default-0.8.0.0
      (constraint from https://www.stackage.org/nightly-2024-12-05/cabal.config requires ==0.7.1.3)
        imported by: cabal.project
[__3] trying: data-default-0.7.1.3
[__4] next goal: data-default-class (dependency of data-default)
[__4] rejecting: data-default-class-0.2.0.0
      (constraint from https://www.stackage.org/nightly-2024-12-05/cabal.config requires ==0.1.2.2)
        imported by: cabal.project
[__4] trying: data-default-class-0.1.2.2
[__5] next goal: req (dependency of pyrethrum)
[__5] rejecting: req-3.13.4 (conflict: data-default-class==0.1.2.2, req => data-default-class>=0.2.0.0)
[__5] rejecting: req; 3.13.3, 3.13.2, 3.13.1, 3.13.0, 3.12.0, 3.11.0, 3.10.0, 3.9.2, 3.9.1, 3.9.0, 3.8.0, 3.7.0, 3.6.0, 3.5.0, 3.4.0, 3.3.0, 3.2.0, 3.1.0, 3.0.0, 2.1.0, 2.0.1, 2.0.0, 1.2.1, 1.2.0, 1.1.0, 1.0.0, 0.5.0, 0.4.0, 0.3.1, 0.3.0, 0.2.0, 0.1.0
      (constraint from https://www.stackage.org/nightly-2024-12-05/cabal.config requires ==3.13.4)
        imported by: cabal.project
[__5] fail (backjumping, conflict set: data-default-class, pyrethrum, req)
After searching the rest of the dependency tree exhaustively, these were the goals I've had most trouble fulfilling: req, data-default, pyrethrum, data-default-class, falsify, pyrethrum:godlibrary
Try running with --minimize-conflict-set to improve the error message.



2025-03-22 22:44:52.5430000 [client] ERROR Error: haskell-language-server --project-ghc-version exited with exit code 1:
Failed to find the GHC version of this Cabal project.
Error when calling cabal exec -v0 -- ghc --print-libdir

Error: [Cabal-7107]
Could not resolve dependencies:
[__0] trying: pyrethrum-0.1.0.0 (user goal)
[__1] trying: pyrethrum:+godlibrary
[__2] trying: falsify-0.2.0 (dependency of pyrethrum +godlibrary)
[__3] next goal: data-default (dependency of falsify)
[__3] rejecting: data-default-0.8.0.0
      (constraint from https://www.stackage.org/nightly-2024-12-05/cabal.config requires ==0.7.1.3)
        imported by: cabal.project
[__3] trying: data-default-0.7.1.3
[__4] next goal: data-default-class (dependency of data-default)
[__4] rejecting: data-default-class-0.2.0.0
      (constraint from https://www.stackage.org/nightly-2024-12-05/cabal.config requires ==0.1.2.2)
        imported by: cabal.project
[__4] trying: data-default-class-0.1.2.2
[__5] next goal: req (dependency of pyrethrum)
[__5] rejecting: req-3.13.4 (conflict: data-default-class==0.1.2.2, req => data-default-class>=0.2.0.0)
[__5] rejecting: req; 3.13.3, 3.13.2, 3.13.1, 3.13.0, 3.12.0, 3.11.0, 3.10.0, 3.9.2, 3.9.1, 3.9.0, 3.8.0, 3.7.0, 3.6.0, 3.5.0, 3.4.0, 3.3.0, 3.2.0, 3.1.0, 3.0.0, 2.1.0, 2.0.1, 2.0.0, 1.2.1, 1.2.0, 1.1.0, 1.0.0, 0.5.0, 0.4.0, 0.3.1, 0.3.0, 0.2.0, 0.1.0
      (constraint from https://www.stackage.org/nightly-2024-12-05/cabal.config requires ==3.13.4)
        imported by: cabal.project
[__5] fail (backjumping, conflict set: data-default-class, pyrethrum, req)
After searching the rest of the dependency tree exhaustively, these were the goals I've had most trouble fulfilling: req, data-default, pyrethrum, data-default-class, falsify, pyrethrum:godlibrary
Try running with --minimize-conflict-set to improve the error message.



No 'hie.yaml' found. Try to discover the project type!
2025-03-22T22:44:52.542306Z | Debug | cabal exec -v0 -- ghc --print-libdir

2025-03-22 22:44:52.5440000 [client] INFO Executing 'ghc --numeric-version' in cwd '/home/john-walker'
2025-03-22 22:44:53.0010000 [client] INFO Platform constants: Linux_UnknownLinux, A_64
2025-03-22 22:44:53.0010000 [client] INFO Checking for ghcup installation
2025-03-22 22:44:53.0120000 [client] INFO found ghcup at ghcup
2025-03-22 22:44:53.0120000 [client] INFO Executing 'ghcup --no-verbose list -t hls -c installed -r' in cwd '/home/john-walker'
2025-03-22 22:44:53.0810000 [client] INFO Checking for ghcup installation
2025-03-22 22:44:53.0910000 [client] INFO found ghcup at ghcup
2025-03-22 22:44:53.0920000 [client] INFO Executing 'ghcup --no-verbose whereis bindir' in cwd '/home/john-walker'
2025-03-22 22:44:53.1040000 [client] INFO Checking for ghcup installation
2025-03-22 22:44:53.1110000 [client] INFO found ghcup at ghcup
2025-03-22 22:44:53.1120000 [client] INFO Executing 'ghcup --no-verbose whereis hls 2.9.0.1' in cwd '/home/john-walker'
2025-03-22 22:44:53.1220000 [client] INFO Checking for ghcup installation
2025-03-22 22:44:53.1280000 [client] INFO found ghcup at ghcup
2025-03-22 22:44:53.1280000 [client] INFO Executing 'ghcup --no-verbose whereis ghc 9.10.1' in cwd '/home/john-walker'
2025-03-22 22:44:53.1360000 [client] INFO Checking for ghcup installation
2025-03-22 22:44:53.1410000 [client] INFO found ghcup at ghcup
2025-03-22 22:44:53.1410000 [client] INFO Executing 'ghcup --no-verbose run --hls 2.9.0.1 --cabal 3.14.1.1 --stack 3.1.1 --ghc 9.10.1 --install' in cwd '/home/john-walker'
2025-03-22 22:44:53.1940000 [client] INFO Activating the language server in working dir: /home/john-walker/repos/pyrethrum (the workspace folder)
2025-03-22 22:44:53.1940000 [client] INFO run command: /home/john-walker/.ghcup/tmp/ghcup-ghc-9.10.1_cabal-3.14.1.1_hls-2.9.0.1_stack-3.1.1/haskell-language-server-wrapper --lsp -l haskell.log
2025-03-22 22:44:53.1940000 [client] INFO debug command: /home/john-walker/.ghcup/tmp/ghcup-ghc-9.10.1_cabal-3.14.1.1_hls-2.9.0.1_stack-3.1.1/haskell-language-server-wrapper --lsp -l haskell.log
2025-03-22 22:44:53.1940000 [client] INFO server cwd: /home/john-walker/repos/pyrethrum
2025-03-22 22:44:53.1940000 [client] INFO server environment variables:
2025-03-22 22:44:53.1940000 [client] INFO   PATH=/home/john-walker/.ghcup/tmp/ghcup-ghc-9.10.1_cabal-3.14.1.1_hls-2.9.0.1_stack-3.1.1:/home/john-walker/.cabal/bin:/home/john-walker/.ghcup/bin:/usr/local/sbin:/usr/local/bin:/usr/sbin:/usr/bin:/sbin:/bin:/usr/games:/usr/local/games:/snap/bin:/snap/bin
2025-03-22 22:44:53.1960000 [client] INFO Starting language server
2025-03-23 05:25:06.3580000 [client] INFO Writing client log to file /home/john-walker/repos/pyrethrum/haskell.log
2025-03-23 05:25:06.3640000 [client] INFO Finding haskell-language-server
2025-03-23 05:25:06.3650000 [client] INFO Checking for ghcup installation
2025-03-23 05:25:06.3770000 [client] INFO found ghcup at ghcup
2025-03-23 05:25:06.3780000 [client] INFO Executing 'ghcup --no-verbose upgrade' in cwd '/home/john-walker'
2025-03-23 05:25:06.8740000 [client] INFO Checking for ghcup installation
2025-03-23 05:25:06.8840000 [client] INFO found ghcup at ghcup
2025-03-23 05:25:06.8840000 [client] INFO Executing 'ghcup --no-verbose list -t hls -c installed -r' in cwd '/home/john-walker'
2025-03-23 05:25:06.9390000 [client] INFO Checking for ghcup installation
2025-03-23 05:25:06.9480000 [client] INFO found ghcup at ghcup
2025-03-23 05:25:06.9490000 [client] INFO Executing 'ghcup --no-verbose list -t cabal -c installed -r' in cwd '/home/john-walker'
2025-03-23 05:25:07.0020000 [client] INFO Checking for ghcup installation
2025-03-23 05:25:07.0120000 [client] INFO found ghcup at ghcup
2025-03-23 05:25:07.0130000 [client] INFO Executing 'ghcup --no-verbose list -t stack -c installed -r' in cwd '/home/john-walker'
2025-03-23 05:25:07.0730000 [client] INFO Checking for ghcup installation
2025-03-23 05:25:07.0810000 [client] INFO found ghcup at ghcup
2025-03-23 05:25:07.0810000 [client] INFO Executing 'ghcup --no-verbose whereis hls 2.9.0.1' in cwd '/home/john-walker'
2025-03-23 05:25:07.0900000 [client] INFO Checking for ghcup installation
2025-03-23 05:25:07.0990000 [client] INFO found ghcup at ghcup
2025-03-23 05:25:07.0990000 [client] INFO Executing 'ghcup --no-verbose whereis cabal 3.14.1.1' in cwd '/home/john-walker'
2025-03-23 05:25:07.1080000 [client] INFO Checking for ghcup installation
2025-03-23 05:25:07.1160000 [client] INFO found ghcup at ghcup
2025-03-23 05:25:07.1170000 [client] INFO Executing 'ghcup --no-verbose whereis stack 3.1.1' in cwd '/home/john-walker'
2025-03-23 05:25:07.1350000 [client] INFO Executing 'ghc --numeric-version' in cwd '/home/john-walker'
2025-03-23 05:25:07.1550000 [client] INFO Checking for ghcup installation
2025-03-23 05:25:07.1630000 [client] INFO found ghcup at ghcup
2025-03-23 05:25:07.1640000 [client] INFO Executing 'ghcup --no-verbose run --hls 2.9.0.1 --cabal 3.14.1.1 --stack 3.1.1 --install' in cwd '/home/john-walker'
2025-03-23 05:25:07.2170000 [client] INFO Working out the project GHC version. This might take a while...
2025-03-23 05:25:07.2170000 [client] INFO Executing 'haskell-language-server-wrapper --project-ghc-version' in cwd '/home/john-walker/repos/pyrethrum'
2025-03-23 05:25:09.7350000 [client] ERROR Error executing 'haskell-language-server-wrapper --project-ghc-version' with error code 1
2025-03-23 05:25:09.7350000 [client] ERROR stderr: No 'hie.yaml' found. Try to discover the project type!
2025-03-23T05:25:09.733873Z | Debug | cabal exec -v0 -- ghc --print-libdir

2025-03-23 05:25:09.7350000 [client] ERROR stdout: Failed to find the GHC version of this Cabal project.
Error when calling cabal exec -v0 -- ghc --print-libdir

Error: [Cabal-7107]
Could not resolve dependencies:
[__0] trying: pyrethrum-0.1.0.0 (user goal)
[__1] trying: pyrethrum:+godlibrary
[__2] trying: falsify-0.2.0 (dependency of pyrethrum +godlibrary)
[__3] next goal: data-default (dependency of falsify)
[__3] rejecting: data-default-0.8.0.0
      (constraint from https://www.stackage.org/nightly-2024-12-05/cabal.config requires ==0.7.1.3)
        imported by: cabal.project
[__3] trying: data-default-0.7.1.3
[__4] next goal: data-default-class (dependency of data-default)
[__4] rejecting: data-default-class-0.2.0.0
      (constraint from https://www.stackage.org/nightly-2024-12-05/cabal.config requires ==0.1.2.2)
        imported by: cabal.project
[__4] trying: data-default-class-0.1.2.2
[__5] next goal: req (dependency of pyrethrum)
[__5] rejecting: req-3.13.4 (conflict: data-default-class==0.1.2.2, req => data-default-class>=0.2.0.0)
[__5] rejecting: req; 3.13.3, 3.13.2, 3.13.1, 3.13.0, 3.12.0, 3.11.0, 3.10.0, 3.9.2, 3.9.1, 3.9.0, 3.8.0, 3.7.0, 3.6.0, 3.5.0, 3.4.0, 3.3.0, 3.2.0, 3.1.0, 3.0.0, 2.1.0, 2.0.1, 2.0.0, 1.2.1, 1.2.0, 1.1.0, 1.0.0, 0.5.0, 0.4.0, 0.3.1, 0.3.0, 0.2.0, 0.1.0
      (constraint from https://www.stackage.org/nightly-2024-12-05/cabal.config requires ==3.13.4)
        imported by: cabal.project
[__5] fail (backjumping, conflict set: data-default-class, pyrethrum, req)
After searching the rest of the dependency tree exhaustively, these were the goals I've had most trouble fulfilling: req, data-default, pyrethrum, data-default-class, falsify, pyrethrum:godlibrary
Try running with --minimize-conflict-set to improve the error message.



2025-03-23 05:25:09.7350000 [client] ERROR Error: haskell-language-server --project-ghc-version exited with exit code 1:
Failed to find the GHC version of this Cabal project.
Error when calling cabal exec -v0 -- ghc --print-libdir

Error: [Cabal-7107]
Could not resolve dependencies:
[__0] trying: pyrethrum-0.1.0.0 (user goal)
[__1] trying: pyrethrum:+godlibrary
[__2] trying: falsify-0.2.0 (dependency of pyrethrum +godlibrary)
[__3] next goal: data-default (dependency of falsify)
[__3] rejecting: data-default-0.8.0.0
      (constraint from https://www.stackage.org/nightly-2024-12-05/cabal.config requires ==0.7.1.3)
        imported by: cabal.project
[__3] trying: data-default-0.7.1.3
[__4] next goal: data-default-class (dependency of data-default)
[__4] rejecting: data-default-class-0.2.0.0
      (constraint from https://www.stackage.org/nightly-2024-12-05/cabal.config requires ==0.1.2.2)
        imported by: cabal.project
[__4] trying: data-default-class-0.1.2.2
[__5] next goal: req (dependency of pyrethrum)
[__5] rejecting: req-3.13.4 (conflict: data-default-class==0.1.2.2, req => data-default-class>=0.2.0.0)
[__5] rejecting: req; 3.13.3, 3.13.2, 3.13.1, 3.13.0, 3.12.0, 3.11.0, 3.10.0, 3.9.2, 3.9.1, 3.9.0, 3.8.0, 3.7.0, 3.6.0, 3.5.0, 3.4.0, 3.3.0, 3.2.0, 3.1.0, 3.0.0, 2.1.0, 2.0.1, 2.0.0, 1.2.1, 1.2.0, 1.1.0, 1.0.0, 0.5.0, 0.4.0, 0.3.1, 0.3.0, 0.2.0, 0.1.0
      (constraint from https://www.stackage.org/nightly-2024-12-05/cabal.config requires ==3.13.4)
        imported by: cabal.project
[__5] fail (backjumping, conflict set: data-default-class, pyrethrum, req)
After searching the rest of the dependency tree exhaustively, these were the goals I've had most trouble fulfilling: req, data-default, pyrethrum, data-default-class, falsify, pyrethrum:godlibrary
Try running with --minimize-conflict-set to improve the error message.



No 'hie.yaml' found. Try to discover the project type!
2025-03-23T05:25:09.733873Z | Debug | cabal exec -v0 -- ghc --print-libdir

2025-03-23 05:25:09.7360000 [client] INFO Executing 'ghc --numeric-version' in cwd '/home/john-walker'
2025-03-23 05:25:11.7900000 [client] INFO Platform constants: Linux_UnknownLinux, A_64
2025-03-23 05:25:11.7950000 [client] INFO Checking for ghcup installation
2025-03-23 05:25:11.8050000 [client] INFO found ghcup at ghcup
2025-03-23 05:25:11.8050000 [client] INFO Executing 'ghcup --no-verbose list -t hls -c installed -r' in cwd '/home/john-walker'
2025-03-23 05:25:11.8560000 [client] INFO Checking for ghcup installation
2025-03-23 05:25:11.8650000 [client] INFO found ghcup at ghcup
2025-03-23 05:25:11.8650000 [client] INFO Executing 'ghcup --no-verbose whereis bindir' in cwd '/home/john-walker'
2025-03-23 05:25:11.8760000 [client] INFO Checking for ghcup installation
2025-03-23 05:25:11.8820000 [client] INFO found ghcup at ghcup
2025-03-23 05:25:11.8820000 [client] INFO Executing 'ghcup --no-verbose whereis hls 2.9.0.1' in cwd '/home/john-walker'
2025-03-23 05:25:11.8900000 [client] INFO Checking for ghcup installation
2025-03-23 05:25:11.8940000 [client] INFO found ghcup at ghcup
2025-03-23 05:25:11.8950000 [client] INFO Executing 'ghcup --no-verbose whereis ghc 9.10.1' in cwd '/home/john-walker'
2025-03-23 05:25:11.9000000 [client] INFO Checking for ghcup installation
2025-03-23 05:25:11.9050000 [client] INFO found ghcup at ghcup
2025-03-23 05:25:11.9050000 [client] INFO Executing 'ghcup --no-verbose run --hls 2.9.0.1 --cabal 3.14.1.1 --stack 3.1.1 --ghc 9.10.1 --install' in cwd '/home/john-walker'
2025-03-23 05:25:11.9590000 [client] INFO Activating the language server in working dir: /home/john-walker/repos/pyrethrum (the workspace folder)
2025-03-23 05:25:11.9590000 [client] INFO run command: /home/john-walker/.ghcup/tmp/ghcup-ghc-9.10.1_cabal-3.14.1.1_hls-2.9.0.1_stack-3.1.1/haskell-language-server-wrapper --lsp -l haskell.log
2025-03-23 05:25:11.9590000 [client] INFO debug command: /home/john-walker/.ghcup/tmp/ghcup-ghc-9.10.1_cabal-3.14.1.1_hls-2.9.0.1_stack-3.1.1/haskell-language-server-wrapper --lsp -l haskell.log
2025-03-23 05:25:11.9590000 [client] INFO server cwd: /home/john-walker/repos/pyrethrum
2025-03-23 05:25:11.9590000 [client] INFO server environment variables:
2025-03-23 05:25:11.9590000 [client] INFO   PATH=/home/john-walker/.ghcup/tmp/ghcup-ghc-9.10.1_cabal-3.14.1.1_hls-2.9.0.1_stack-3.1.1:/home/john-walker/Apps:/home/john-walker/.cabal/bin:/home/john-walker/.ghcup/bin:/usr/local/sbin:/usr/local/bin:/usr/sbin:/usr/bin:/sbin:/bin:/usr/games:/usr/local/games:/snap/bin:/snap/bin
2025-03-23 05:25:11.9620000 [client] INFO Starting language server
2025-04-18 01:38:14.5190000 [client] INFO Writing client log to file /home/john-walker/repos/pyrethrum/haskell.log
2025-04-18 01:38:14.5210000 [client] INFO Finding haskell-language-server
2025-04-18 01:38:14.5210000 [client] INFO Checking for ghcup installation
2025-04-18 01:38:14.5260000 [client] INFO found ghcup at ghcup
2025-04-18 01:38:14.5270000 [client] INFO Executing 'ghcup --no-verbose upgrade' in cwd '/home/john-walker'
2025-04-18 01:38:20.6590000 [client] INFO Checking for ghcup installation
2025-04-18 01:38:20.6670000 [client] INFO found ghcup at ghcup
2025-04-18 01:38:20.6680000 [client] INFO Executing 'ghcup --no-verbose list -t hls -c installed -r' in cwd '/home/john-walker'
2025-04-18 01:38:20.7020000 [client] INFO Checking for ghcup installation
2025-04-18 01:38:20.7110000 [client] INFO found ghcup at ghcup
2025-04-18 01:38:20.7110000 [client] INFO Executing 'ghcup --no-verbose list -t cabal -c installed -r' in cwd '/home/john-walker'
2025-04-18 01:38:20.7460000 [client] INFO Checking for ghcup installation
2025-04-18 01:38:20.7540000 [client] INFO found ghcup at ghcup
2025-04-18 01:38:20.7550000 [client] INFO Executing 'ghcup --no-verbose list -t stack -c installed -r' in cwd '/home/john-walker'
2025-04-18 01:38:20.7970000 [client] INFO Checking for ghcup installation
2025-04-18 01:38:20.8050000 [client] INFO found ghcup at ghcup
2025-04-18 01:38:20.8060000 [client] INFO Executing 'ghcup --no-verbose whereis hls 2.9.0.1' in cwd '/home/john-walker'
2025-04-18 01:38:20.8140000 [client] INFO Checking for ghcup installation
2025-04-18 01:38:20.8200000 [client] INFO found ghcup at ghcup
2025-04-18 01:38:20.8200000 [client] INFO Executing 'ghcup --no-verbose whereis cabal 3.14.2.0' in cwd '/home/john-walker'
2025-04-18 01:38:20.8270000 [client] INFO Checking for ghcup installation
2025-04-18 01:38:20.8330000 [client] INFO found ghcup at ghcup
2025-04-18 01:38:20.8330000 [client] INFO Executing 'ghcup --no-verbose whereis stack 3.1.1' in cwd '/home/john-walker'
2025-04-18 01:38:20.8510000 [client] INFO Executing 'ghc --numeric-version' in cwd '/home/john-walker'
2025-04-18 01:38:20.9910000 [client] INFO Checking for ghcup installation
2025-04-18 01:38:21.0020000 [client] INFO found ghcup at ghcup
2025-04-18 01:38:21.0030000 [client] INFO Executing 'ghcup --no-verbose run --hls 2.9.0.1 --cabal 3.14.2.0 --stack 3.1.1 --install' in cwd '/home/john-walker'
2025-04-18 01:38:21.0440000 [client] INFO Working out the project GHC version. This might take a while...
2025-04-18 01:38:21.0450000 [client] INFO Executing 'haskell-language-server-wrapper --project-ghc-version' in cwd '/home/john-walker/repos/pyrethrum'
2025-04-18 01:38:25.9380000 [client] ERROR Error executing 'haskell-language-server-wrapper --project-ghc-version' with error code 1
2025-04-18 01:38:25.9380000 [client] ERROR stderr: No 'hie.yaml' found. Try to discover the project type!
2025-04-18T01:38:25.932418Z | Debug | cabal exec -v0 -- ghc --print-libdir

2025-04-18 01:38:25.9380000 [client] ERROR stdout: Failed to find the GHC version of this Cabal project.
Error when calling cabal exec -v0 -- ghc --print-libdir

Error: [Cabal-7107]
Could not resolve dependencies:
[__0] trying: pyrethrum-0.1.0.0 (user goal)
[__1] trying: pyrethrum:+godlibrary
[__2] trying: falsify-0.2.0 (dependency of pyrethrum +godlibrary)
[__3] next goal: data-default (dependency of falsify)
[__3] rejecting: data-default; 0.8.0.1, 0.8.0.0
      (constraint from https://www.stackage.org/nightly-2024-12-05/cabal.config requires ==0.7.1.3)
        imported by: cabal.project
[__3] trying: data-default-0.7.1.3
[__4] next goal: data-default-class (dependency of data-default)
[__4] rejecting: data-default-class-0.2.0.0
      (constraint from https://www.stackage.org/nightly-2024-12-05/cabal.config requires ==0.1.2.2)
        imported by: cabal.project
[__4] trying: data-default-class-0.1.2.2
[__5] next goal: req (dependency of pyrethrum)
[__5] rejecting: req-3.13.4 (conflict: data-default-class==0.1.2.2, req => data-default-class>=0.2.0.0)
[__5] rejecting: req; 3.13.3, 3.13.2, 3.13.1, 3.13.0, 3.12.0, 3.11.0, 3.10.0, 3.9.2, 3.9.1, 3.9.0, 3.8.0, 3.7.0, 3.6.0, 3.5.0, 3.4.0, 3.3.0, 3.2.0, 3.1.0, 3.0.0, 2.1.0, 2.0.1, 2.0.0, 1.2.1, 1.2.0, 1.1.0, 1.0.0, 0.5.0, 0.4.0, 0.3.1, 0.3.0, 0.2.0, 0.1.0
      (constraint from https://www.stackage.org/nightly-2024-12-05/cabal.config requires ==3.13.4)
        imported by: cabal.project
[__5] fail (backjumping, conflict set: data-default-class, pyrethrum, req)
After searching the rest of the dependency tree exhaustively, these were the goals I've had most trouble fulfilling: req, data-default, pyrethrum, data-default-class, falsify, pyrethrum:godlibrary
Try running with --minimize-conflict-set to improve the error message.



2025-04-18 01:38:25.9380000 [client] ERROR Error: haskell-language-server --project-ghc-version exited with exit code 1:
Failed to find the GHC version of this Cabal project.
Error when calling cabal exec -v0 -- ghc --print-libdir

Error: [Cabal-7107]
Could not resolve dependencies:
[__0] trying: pyrethrum-0.1.0.0 (user goal)
[__1] trying: pyrethrum:+godlibrary
[__2] trying: falsify-0.2.0 (dependency of pyrethrum +godlibrary)
[__3] next goal: data-default (dependency of falsify)
[__3] rejecting: data-default; 0.8.0.1, 0.8.0.0
      (constraint from https://www.stackage.org/nightly-2024-12-05/cabal.config requires ==0.7.1.3)
        imported by: cabal.project
[__3] trying: data-default-0.7.1.3
[__4] next goal: data-default-class (dependency of data-default)
[__4] rejecting: data-default-class-0.2.0.0
      (constraint from https://www.stackage.org/nightly-2024-12-05/cabal.config requires ==0.1.2.2)
        imported by: cabal.project
[__4] trying: data-default-class-0.1.2.2
[__5] next goal: req (dependency of pyrethrum)
[__5] rejecting: req-3.13.4 (conflict: data-default-class==0.1.2.2, req => data-default-class>=0.2.0.0)
[__5] rejecting: req; 3.13.3, 3.13.2, 3.13.1, 3.13.0, 3.12.0, 3.11.0, 3.10.0, 3.9.2, 3.9.1, 3.9.0, 3.8.0, 3.7.0, 3.6.0, 3.5.0, 3.4.0, 3.3.0, 3.2.0, 3.1.0, 3.0.0, 2.1.0, 2.0.1, 2.0.0, 1.2.1, 1.2.0, 1.1.0, 1.0.0, 0.5.0, 0.4.0, 0.3.1, 0.3.0, 0.2.0, 0.1.0
      (constraint from https://www.stackage.org/nightly-2024-12-05/cabal.config requires ==3.13.4)
        imported by: cabal.project
[__5] fail (backjumping, conflict set: data-default-class, pyrethrum, req)
After searching the rest of the dependency tree exhaustively, these were the goals I've had most trouble fulfilling: req, data-default, pyrethrum, data-default-class, falsify, pyrethrum:godlibrary
Try running with --minimize-conflict-set to improve the error message.



No 'hie.yaml' found. Try to discover the project type!
2025-04-18T01:38:25.932418Z | Debug | cabal exec -v0 -- ghc --print-libdir

2025-04-18 01:38:25.9380000 [client] INFO Executing 'ghc --numeric-version' in cwd '/home/john-walker'
2025-04-18 01:39:05.9690000 [client] INFO Platform constants: Linux_UnknownLinux, A_64
2025-04-18 01:39:05.9700000 [client] INFO Checking for ghcup installation
2025-04-18 01:39:05.9810000 [client] INFO found ghcup at ghcup
2025-04-18 01:39:05.9810000 [client] INFO Executing 'ghcup --no-verbose list -t hls -c installed -r' in cwd '/home/john-walker'
2025-04-18 01:39:06.0180000 [client] INFO Checking for ghcup installation
2025-04-18 01:39:06.0280000 [client] INFO found ghcup at ghcup
2025-04-18 01:39:06.0280000 [client] INFO Executing 'ghcup --no-verbose whereis bindir' in cwd '/home/john-walker'
2025-04-18 01:39:06.0390000 [client] INFO Checking for ghcup installation
2025-04-18 01:39:06.0470000 [client] INFO found ghcup at ghcup
2025-04-18 01:39:06.0470000 [client] INFO Executing 'ghcup --no-verbose whereis hls 2.10.0.0' in cwd '/home/john-walker'
2025-04-18 01:39:06.0580000 [client] ERROR Error executing 'ghcup --no-verbose whereis hls 2.10.0.0' with error code 30
2025-04-18 01:39:06.0580000 [client] ERROR stderr: [1m[ Error ][0m []8;;https://errors.haskell.org/messages/GHCup-00130\GHCup-00130]8;;\] The version '2.10.0.0' of the tool hls is not installed.

2025-04-18 01:39:06.0580000 [client] INFO Checking for ghcup installation
2025-04-18 01:39:06.0670000 [client] INFO found ghcup at ghcup
2025-04-18 01:39:06.0680000 [client] INFO Executing 'ghcup --no-verbose whereis ghc 9.10.1' in cwd '/home/john-walker'
2025-04-25 01:39:56.4540000 [client] INFO Writing client log to file /home/john-walker/repos/pyrethrum/haskell.log
2025-04-25 01:39:56.4540000 [client] INFO Finding haskell-language-server
2025-04-25 01:39:56.4550000 [client] INFO Checking for ghcup installation
2025-04-25 01:39:56.4680000 [client] INFO found ghcup at ghcup
2025-04-25 01:39:56.4680000 [client] INFO Executing 'ghcup --no-verbose upgrade' in cwd '/home/john-walker'
2025-04-25 01:39:57.0710000 [client] INFO Checking for ghcup installation
2025-04-25 01:39:57.0820000 [client] INFO found ghcup at ghcup
2025-04-25 01:39:57.0830000 [client] INFO Executing 'ghcup --no-verbose list -t hls -c installed -r' in cwd '/home/john-walker'
2025-04-25 01:39:57.1180000 [client] INFO Checking for ghcup installation
2025-04-25 01:39:57.1300000 [client] INFO found ghcup at ghcup
2025-04-25 01:39:57.1300000 [client] INFO Executing 'ghcup --no-verbose list -t cabal -c installed -r' in cwd '/home/john-walker'
2025-04-25 01:39:57.1620000 [client] INFO Checking for ghcup installation
2025-04-25 01:39:57.1710000 [client] INFO found ghcup at ghcup
2025-04-25 01:39:57.1710000 [client] INFO Executing 'ghcup --no-verbose list -t stack -c installed -r' in cwd '/home/john-walker'
2025-04-25 01:39:57.2170000 [client] INFO Checking for ghcup installation
2025-04-25 01:39:57.2260000 [client] INFO found ghcup at ghcup
2025-04-25 01:39:57.2260000 [client] INFO Executing 'ghcup --no-verbose whereis hls 2.10.0.0' in cwd '/home/john-walker'
2025-04-25 01:39:57.2340000 [client] INFO Checking for ghcup installation
2025-04-25 01:39:57.2420000 [client] INFO found ghcup at ghcup
2025-04-25 01:39:57.2420000 [client] INFO Executing 'ghcup --no-verbose whereis cabal 3.14.2.0' in cwd '/home/john-walker'
2025-04-25 01:39:57.2520000 [client] INFO Checking for ghcup installation
2025-04-25 01:39:57.2610000 [client] INFO found ghcup at ghcup
2025-04-25 01:39:57.2620000 [client] INFO Executing 'ghcup --no-verbose whereis stack 3.1.1' in cwd '/home/john-walker'
2025-04-25 01:39:57.2770000 [client] INFO Executing 'ghc --numeric-version' in cwd '/home/john-walker'
2025-04-25 01:39:57.4210000 [client] INFO Checking for ghcup installation
2025-04-25 01:39:57.4330000 [client] INFO found ghcup at ghcup
2025-04-25 01:39:57.4340000 [client] INFO Executing 'ghcup --no-verbose run --hls 2.10.0.0 --cabal 3.14.2.0 --stack 3.1.1 --install' in cwd '/home/john-walker'
2025-04-25 01:39:57.4740000 [client] INFO Working out the project GHC version. This might take a while...
2025-04-25 01:39:57.4740000 [client] INFO Executing 'haskell-language-server-wrapper --project-ghc-version' in cwd '/home/john-walker/repos/pyrethrum'
2025-04-25 01:40:00.1330000 [client] ERROR Error executing 'haskell-language-server-wrapper --project-ghc-version' with error code 1
2025-04-25 01:40:00.1330000 [client] ERROR stderr: No 'hie.yaml' found. Try to discover the project type!
2025-04-25T01:40:00.130050Z | Debug | cabal exec -v0 -- ghc --print-libdir

2025-04-25 01:40:00.1330000 [client] ERROR stdout: Failed to find the GHC version of this Cabal project.
Error when calling cabal exec -v0 -- ghc --print-libdir

Error: [Cabal-7107]
Could not resolve dependencies:
[__0] trying: pyrethrum-0.1.0.0 (user goal)
[__1] trying: pyrethrum:+godlibrary
[__2] trying: falsify-0.2.0 (dependency of pyrethrum +godlibrary)
[__3] next goal: data-default (dependency of falsify)
[__3] rejecting: data-default; 0.8.0.1, 0.8.0.0
      (constraint from https://www.stackage.org/nightly-2024-12-05/cabal.config requires ==0.7.1.3)
        imported by: cabal.project
[__3] trying: data-default-0.7.1.3
[__4] next goal: data-default-class (dependency of data-default)
[__4] rejecting: data-default-class-0.2.0.0
      (constraint from https://www.stackage.org/nightly-2024-12-05/cabal.config requires ==0.1.2.2)
        imported by: cabal.project
[__4] trying: data-default-class-0.1.2.2
[__5] next goal: req (dependency of pyrethrum)
[__5] rejecting: req-3.13.4 (conflict: data-default-class==0.1.2.2, req => data-default-class>=0.2.0.0)
[__5] rejecting: req; 3.13.3, 3.13.2, 3.13.1, 3.13.0, 3.12.0, 3.11.0, 3.10.0, 3.9.2, 3.9.1, 3.9.0, 3.8.0, 3.7.0, 3.6.0, 3.5.0, 3.4.0, 3.3.0, 3.2.0, 3.1.0, 3.0.0, 2.1.0, 2.0.1, 2.0.0, 1.2.1, 1.2.0, 1.1.0, 1.0.0, 0.5.0, 0.4.0, 0.3.1, 0.3.0, 0.2.0, 0.1.0
      (constraint from https://www.stackage.org/nightly-2024-12-05/cabal.config requires ==3.13.4)
        imported by: cabal.project
[__5] fail (backjumping, conflict set: data-default-class, pyrethrum, req)
After searching the rest of the dependency tree exhaustively, these were the goals I've had most trouble fulfilling: req, data-default, pyrethrum, data-default-class, falsify, pyrethrum:godlibrary
Try running with --minimize-conflict-set to improve the error message.



2025-04-25 01:40:00.1330000 [client] ERROR Error: haskell-language-server --project-ghc-version exited with exit code 1:
Failed to find the GHC version of this Cabal project.
Error when calling cabal exec -v0 -- ghc --print-libdir

Error: [Cabal-7107]
Could not resolve dependencies:
[__0] trying: pyrethrum-0.1.0.0 (user goal)
[__1] trying: pyrethrum:+godlibrary
[__2] trying: falsify-0.2.0 (dependency of pyrethrum +godlibrary)
[__3] next goal: data-default (dependency of falsify)
[__3] rejecting: data-default; 0.8.0.1, 0.8.0.0
      (constraint from https://www.stackage.org/nightly-2024-12-05/cabal.config requires ==0.7.1.3)
        imported by: cabal.project
[__3] trying: data-default-0.7.1.3
[__4] next goal: data-default-class (dependency of data-default)
[__4] rejecting: data-default-class-0.2.0.0
      (constraint from https://www.stackage.org/nightly-2024-12-05/cabal.config requires ==0.1.2.2)
        imported by: cabal.project
[__4] trying: data-default-class-0.1.2.2
[__5] next goal: req (dependency of pyrethrum)
[__5] rejecting: req-3.13.4 (conflict: data-default-class==0.1.2.2, req => data-default-class>=0.2.0.0)
[__5] rejecting: req; 3.13.3, 3.13.2, 3.13.1, 3.13.0, 3.12.0, 3.11.0, 3.10.0, 3.9.2, 3.9.1, 3.9.0, 3.8.0, 3.7.0, 3.6.0, 3.5.0, 3.4.0, 3.3.0, 3.2.0, 3.1.0, 3.0.0, 2.1.0, 2.0.1, 2.0.0, 1.2.1, 1.2.0, 1.1.0, 1.0.0, 0.5.0, 0.4.0, 0.3.1, 0.3.0, 0.2.0, 0.1.0
      (constraint from https://www.stackage.org/nightly-2024-12-05/cabal.config requires ==3.13.4)
        imported by: cabal.project
[__5] fail (backjumping, conflict set: data-default-class, pyrethrum, req)
After searching the rest of the dependency tree exhaustively, these were the goals I've had most trouble fulfilling: req, data-default, pyrethrum, data-default-class, falsify, pyrethrum:godlibrary
Try running with --minimize-conflict-set to improve the error message.



No 'hie.yaml' found. Try to discover the project type!
2025-04-25T01:40:00.130050Z | Debug | cabal exec -v0 -- ghc --print-libdir

2025-04-25 01:40:00.1340000 [client] INFO Executing 'ghc --numeric-version' in cwd '/home/john-walker'
2025-04-25 01:40:00.6840000 [client] INFO Platform constants: Linux_UnknownLinux, A_64
2025-04-25 01:40:00.6840000 [client] INFO Checking for ghcup installation
2025-04-25 01:40:00.6960000 [client] INFO found ghcup at ghcup
2025-04-25 01:40:00.6960000 [client] INFO Executing 'ghcup --no-verbose list -t hls -c installed -r' in cwd '/home/john-walker'
2025-04-25 01:40:00.7290000 [client] INFO Checking for ghcup installation
2025-04-25 01:40:00.7380000 [client] INFO found ghcup at ghcup
2025-04-25 01:40:00.7390000 [client] INFO Executing 'ghcup --no-verbose whereis bindir' in cwd '/home/john-walker'
2025-04-25 01:40:00.7490000 [client] INFO Checking for ghcup installation
2025-04-25 01:40:00.7580000 [client] INFO found ghcup at ghcup
2025-04-25 01:40:00.7590000 [client] INFO Executing 'ghcup --no-verbose whereis hls 2.10.0.0' in cwd '/home/john-walker'
2025-04-25 01:40:00.7650000 [client] INFO Checking for ghcup installation
2025-04-25 01:40:00.7730000 [client] INFO found ghcup at ghcup
2025-04-25 01:40:00.7730000 [client] INFO Executing 'ghcup --no-verbose whereis ghc 9.10.1' in cwd '/home/john-walker'
2025-04-25 01:40:00.7820000 [client] INFO Checking for ghcup installation
2025-04-25 01:40:00.7920000 [client] INFO found ghcup at ghcup
2025-04-25 01:40:00.7920000 [client] INFO Executing 'ghcup --no-verbose run --hls 2.10.0.0 --cabal 3.14.2.0 --stack 3.1.1 --ghc 9.10.1 --install' in cwd '/home/john-walker'
2025-04-25 01:40:00.8270000 [client] INFO Support for '.cabal' files: automatic
2025-04-25 01:40:00.8270000 [client] INFO Activating the language server in working dir: /home/john-walker/repos/pyrethrum (the workspace folder)
2025-04-25 01:40:00.8270000 [client] INFO run command: /home/john-walker/.ghcup/tmp/ghcup-ghc-9.10.1_cabal-3.14.2.0_hls-2.10.0.0_stack-3.1.1/haskell-language-server-wrapper --lsp -l haskell.log
2025-04-25 01:40:00.8270000 [client] INFO debug command: /home/john-walker/.ghcup/tmp/ghcup-ghc-9.10.1_cabal-3.14.2.0_hls-2.10.0.0_stack-3.1.1/haskell-language-server-wrapper --lsp -l haskell.log
2025-04-25 01:40:00.8270000 [client] INFO server cwd: /home/john-walker/repos/pyrethrum
2025-04-25 01:40:00.8270000 [client] INFO server environment variables:
2025-04-25 01:40:00.8270000 [client] INFO   PATH=/home/john-walker/.ghcup/tmp/ghcup-ghc-9.10.1_cabal-3.14.2.0_hls-2.10.0.0_stack-3.1.1:/home/john-walker/.cabal/bin:/home/john-walker/.ghcup/bin:/usr/local/sbin:/usr/local/bin:/usr/sbin:/usr/bin:/sbin:/bin:/usr/games:/usr/local/games:/snap/bin:/snap/bin
2025-04-25 01:40:00.8280000 [client] INFO Executing '/home/john-walker/.ghcup/tmp/ghcup-ghc-9.10.1_cabal-3.14.2.0_hls-2.10.0.0_stack-3.1.1/haskell-language-server-wrapper --numeric-version' in cwd '/home/john-walker/repos/pyrethrum'
2025-04-25 01:40:00.8430000 [client] INFO Starting language server
2025-04-25 03:10:17.3830000 [client] INFO Writing client log to file /home/john-walker/repos/pyrethrum/haskell.log
2025-04-25 03:10:17.3840000 [client] INFO Finding haskell-language-server
2025-04-25 03:10:17.3840000 [client] INFO Checking for ghcup installation
2025-04-25 03:10:17.3870000 [client] INFO found ghcup at ghcup
2025-04-25 03:10:17.3880000 [client] INFO Executing 'ghcup --no-verbose upgrade' in cwd '/home/john-walker'
2025-04-25 03:10:17.9250000 [client] INFO Checking for ghcup installation
2025-04-25 03:10:17.9310000 [client] INFO found ghcup at ghcup
2025-04-25 03:10:17.9320000 [client] INFO Executing 'ghcup --no-verbose list -t hls -c installed -r' in cwd '/home/john-walker'
2025-04-25 03:10:18.0750000 [client] INFO Checking for ghcup installation
2025-04-25 03:10:18.0810000 [client] INFO found ghcup at ghcup
2025-04-25 03:10:18.0810000 [client] INFO Executing 'ghcup --no-verbose list -t cabal -c installed -r' in cwd '/home/john-walker'
2025-04-25 03:10:18.1160000 [client] INFO Checking for ghcup installation
2025-04-25 03:10:18.1220000 [client] INFO found ghcup at ghcup
2025-04-25 03:10:18.1220000 [client] INFO Executing 'ghcup --no-verbose list -t stack -c installed -r' in cwd '/home/john-walker'
2025-04-25 03:10:18.1590000 [client] INFO Checking for ghcup installation
2025-04-25 03:10:18.1610000 [client] INFO found ghcup at ghcup
2025-04-25 03:10:18.1610000 [client] INFO Executing 'ghcup --no-verbose whereis hls 2.10.0.0' in cwd '/home/john-walker'
2025-04-25 03:10:18.1660000 [client] INFO Checking for ghcup installation
2025-04-25 03:10:18.1690000 [client] INFO found ghcup at ghcup
2025-04-25 03:10:18.1690000 [client] INFO Executing 'ghcup --no-verbose whereis cabal 3.14.2.0' in cwd '/home/john-walker'
2025-04-25 03:10:18.3710000 [client] INFO Checking for ghcup installation
2025-04-25 03:10:18.3770000 [client] INFO found ghcup at ghcup
2025-04-25 03:10:18.3780000 [client] INFO Executing 'ghcup --no-verbose whereis stack 3.1.1' in cwd '/home/john-walker'
2025-04-25 03:10:18.4250000 [client] INFO Executing 'ghc --numeric-version' in cwd '/home/john-walker'
2025-04-25 03:10:18.4720000 [client] INFO Checking for ghcup installation
2025-04-25 03:10:18.4770000 [client] INFO found ghcup at ghcup
2025-04-25 03:10:18.4780000 [client] INFO Executing 'ghcup --no-verbose run --hls 2.10.0.0 --cabal 3.14.2.0 --stack 3.1.1 --install' in cwd '/home/john-walker'
2025-04-25 03:10:18.5250000 [client] INFO Working out the project GHC version. This might take a while...
2025-04-25 03:10:18.5250000 [client] INFO Executing 'haskell-language-server-wrapper --project-ghc-version' in cwd '/home/john-walker/repos/pyrethrum'
2025-04-25 03:10:21.0240000 [client] ERROR Error executing 'haskell-language-server-wrapper --project-ghc-version' with error code 1
2025-04-25 03:10:21.0240000 [client] ERROR stderr: No 'hie.yaml' found. Try to discover the project type!
2025-04-25T03:10:21.022898Z | Debug | cabal exec -v0 -- ghc --print-libdir

2025-04-25 03:10:21.0240000 [client] ERROR stdout: Failed to find the GHC version of this Cabal project.
Error when calling cabal exec -v0 -- ghc --print-libdir

Error: [Cabal-7107]
Could not resolve dependencies:
[__0] trying: pyrethrum-0.1.0.0 (user goal)
[__1] trying: pyrethrum:+godlibrary
[__2] trying: falsify-0.2.0 (dependency of pyrethrum +godlibrary)
[__3] next goal: data-default (dependency of falsify)
[__3] rejecting: data-default; 0.8.0.1, 0.8.0.0
      (constraint from https://www.stackage.org/nightly-2024-12-05/cabal.config requires ==0.7.1.3)
        imported by: cabal.project
[__3] trying: data-default-0.7.1.3
[__4] next goal: data-default-class (dependency of data-default)
[__4] rejecting: data-default-class-0.2.0.0
      (constraint from https://www.stackage.org/nightly-2024-12-05/cabal.config requires ==0.1.2.2)
        imported by: cabal.project
[__4] trying: data-default-class-0.1.2.2
[__5] next goal: req (dependency of pyrethrum)
[__5] rejecting: req-3.13.4 (conflict: data-default-class==0.1.2.2, req => data-default-class>=0.2.0.0)
[__5] rejecting: req; 3.13.3, 3.13.2, 3.13.1, 3.13.0, 3.12.0, 3.11.0, 3.10.0, 3.9.2, 3.9.1, 3.9.0, 3.8.0, 3.7.0, 3.6.0, 3.5.0, 3.4.0, 3.3.0, 3.2.0, 3.1.0, 3.0.0, 2.1.0, 2.0.1, 2.0.0, 1.2.1, 1.2.0, 1.1.0, 1.0.0, 0.5.0, 0.4.0, 0.3.1, 0.3.0, 0.2.0, 0.1.0
      (constraint from https://www.stackage.org/nightly-2024-12-05/cabal.config requires ==3.13.4)
        imported by: cabal.project
[__5] fail (backjumping, conflict set: data-default-class, pyrethrum, req)
After searching the rest of the dependency tree exhaustively, these were the goals I've had most trouble fulfilling: req, data-default, pyrethrum, data-default-class, falsify, pyrethrum:godlibrary
Try running with --minimize-conflict-set to improve the error message.



2025-04-25 03:10:21.0240000 [client] ERROR Error: haskell-language-server --project-ghc-version exited with exit code 1:
Failed to find the GHC version of this Cabal project.
Error when calling cabal exec -v0 -- ghc --print-libdir

Error: [Cabal-7107]
Could not resolve dependencies:
[__0] trying: pyrethrum-0.1.0.0 (user goal)
[__1] trying: pyrethrum:+godlibrary
[__2] trying: falsify-0.2.0 (dependency of pyrethrum +godlibrary)
[__3] next goal: data-default (dependency of falsify)
[__3] rejecting: data-default; 0.8.0.1, 0.8.0.0
      (constraint from https://www.stackage.org/nightly-2024-12-05/cabal.config requires ==0.7.1.3)
        imported by: cabal.project
[__3] trying: data-default-0.7.1.3
[__4] next goal: data-default-class (dependency of data-default)
[__4] rejecting: data-default-class-0.2.0.0
      (constraint from https://www.stackage.org/nightly-2024-12-05/cabal.config requires ==0.1.2.2)
        imported by: cabal.project
[__4] trying: data-default-class-0.1.2.2
[__5] next goal: req (dependency of pyrethrum)
[__5] rejecting: req-3.13.4 (conflict: data-default-class==0.1.2.2, req => data-default-class>=0.2.0.0)
[__5] rejecting: req; 3.13.3, 3.13.2, 3.13.1, 3.13.0, 3.12.0, 3.11.0, 3.10.0, 3.9.2, 3.9.1, 3.9.0, 3.8.0, 3.7.0, 3.6.0, 3.5.0, 3.4.0, 3.3.0, 3.2.0, 3.1.0, 3.0.0, 2.1.0, 2.0.1, 2.0.0, 1.2.1, 1.2.0, 1.1.0, 1.0.0, 0.5.0, 0.4.0, 0.3.1, 0.3.0, 0.2.0, 0.1.0
      (constraint from https://www.stackage.org/nightly-2024-12-05/cabal.config requires ==3.13.4)
        imported by: cabal.project
[__5] fail (backjumping, conflict set: data-default-class, pyrethrum, req)
After searching the rest of the dependency tree exhaustively, these were the goals I've had most trouble fulfilling: req, data-default, pyrethrum, data-default-class, falsify, pyrethrum:godlibrary
Try running with --minimize-conflict-set to improve the error message.



No 'hie.yaml' found. Try to discover the project type!
2025-04-25T03:10:21.022898Z | Debug | cabal exec -v0 -- ghc --print-libdir

2025-04-25 03:10:21.0240000 [client] INFO Executing 'ghc --numeric-version' in cwd '/home/john-walker'
2025-04-25 03:10:21.4850000 [client] INFO Platform constants: Linux_UnknownLinux, A_64
2025-04-25 03:10:21.4850000 [client] INFO Checking for ghcup installation
2025-04-25 03:10:21.4960000 [client] INFO found ghcup at ghcup
2025-04-25 03:10:21.4970000 [client] INFO Executing 'ghcup --no-verbose list -t hls -c installed -r' in cwd '/home/john-walker'
2025-04-25 03:10:21.5300000 [client] INFO Checking for ghcup installation
2025-04-25 03:10:21.5410000 [client] INFO found ghcup at ghcup
2025-04-25 03:10:21.5410000 [client] INFO Executing 'ghcup --no-verbose whereis bindir' in cwd '/home/john-walker'
2025-04-25 03:10:21.5490000 [client] INFO Checking for ghcup installation
2025-04-25 03:10:21.5540000 [client] INFO found ghcup at ghcup
2025-04-25 03:10:21.5550000 [client] INFO Executing 'ghcup --no-verbose whereis hls 2.10.0.0' in cwd '/home/john-walker'
2025-04-25 03:10:21.5640000 [client] INFO Checking for ghcup installation
2025-04-25 03:10:21.5740000 [client] INFO found ghcup at ghcup
2025-04-25 03:10:21.5740000 [client] INFO Executing 'ghcup --no-verbose whereis ghc 9.10.1' in cwd '/home/john-walker'
2025-04-25 03:10:21.5840000 [client] INFO Checking for ghcup installation
2025-04-25 03:10:21.5940000 [client] INFO found ghcup at ghcup
2025-04-25 03:10:21.5940000 [client] INFO Executing 'ghcup --no-verbose run --hls 2.10.0.0 --cabal 3.14.2.0 --stack 3.1.1 --ghc 9.10.1 --install' in cwd '/home/john-walker'
2025-04-25 03:10:21.6280000 [client] INFO Support for '.cabal' files: automatic
2025-04-25 03:10:21.6280000 [client] INFO Activating the language server in working dir: /home/john-walker/repos/pyrethrum (the workspace folder)
2025-04-25 03:10:21.6280000 [client] INFO run command: /home/john-walker/.ghcup/tmp/ghcup-ghc-9.10.1_cabal-3.14.2.0_hls-2.10.0.0_stack-3.1.1/haskell-language-server-wrapper --lsp -l haskell.log
2025-04-25 03:10:21.6280000 [client] INFO debug command: /home/john-walker/.ghcup/tmp/ghcup-ghc-9.10.1_cabal-3.14.2.0_hls-2.10.0.0_stack-3.1.1/haskell-language-server-wrapper --lsp -l haskell.log
2025-04-25 03:10:21.6280000 [client] INFO server cwd: /home/john-walker/repos/pyrethrum
2025-04-25 03:10:21.6280000 [client] INFO server environment variables:
2025-04-25 03:10:21.6280000 [client] INFO   PATH=/home/john-walker/.ghcup/tmp/ghcup-ghc-9.10.1_cabal-3.14.2.0_hls-2.10.0.0_stack-3.1.1:/home/john-walker/.cabal/bin:/home/john-walker/.ghcup/bin:/usr/local/sbin:/usr/local/bin:/usr/sbin:/usr/bin:/sbin:/bin:/usr/games:/usr/local/games:/snap/bin:/snap/bin
2025-04-25 03:10:21.6280000 [client] INFO Executing '/home/john-walker/.ghcup/tmp/ghcup-ghc-9.10.1_cabal-3.14.2.0_hls-2.10.0.0_stack-3.1.1/haskell-language-server-wrapper --numeric-version' in cwd '/home/john-walker/repos/pyrethrum'
2025-04-25 03:10:21.6480000 [client] INFO Starting language server
2025-04-28 09:47:50.1540000 [client] INFO Writing client log to file /home/john-walker/repos/pyrethrum/haskell.log
2025-04-28 09:47:50.1550000 [client] INFO Finding haskell-language-server
2025-04-28 09:47:50.1550000 [client] INFO Checking for ghcup installation
2025-04-28 09:47:50.1600000 [client] INFO found ghcup at ghcup
2025-04-28 09:47:50.1610000 [client] INFO Executing 'ghcup --no-verbose upgrade' in cwd '/home/john-walker'
2025-04-28 09:47:54.5890000 [client] INFO Checking for ghcup installation
2025-04-28 09:47:54.5940000 [client] INFO found ghcup at ghcup
2025-04-28 09:47:54.5940000 [client] INFO Executing 'ghcup --no-verbose list -t hls -c installed -r' in cwd '/home/john-walker'
2025-04-28 09:47:54.6270000 [client] INFO Checking for ghcup installation
2025-04-28 09:47:54.6330000 [client] INFO found ghcup at ghcup
2025-04-28 09:47:54.6330000 [client] INFO Executing 'ghcup --no-verbose list -t cabal -c installed -r' in cwd '/home/john-walker'
2025-04-28 09:47:54.6630000 [client] INFO Checking for ghcup installation
2025-04-28 09:47:54.6680000 [client] INFO found ghcup at ghcup
2025-04-28 09:47:54.6690000 [client] INFO Executing 'ghcup --no-verbose list -t stack -c installed -r' in cwd '/home/john-walker'
2025-04-28 09:47:54.7050000 [client] INFO Checking for ghcup installation
2025-04-28 09:47:54.7100000 [client] INFO found ghcup at ghcup
2025-04-28 09:47:54.7100000 [client] INFO Executing 'ghcup --no-verbose whereis hls 2.10.0.0' in cwd '/home/john-walker'
2025-04-28 09:47:54.7160000 [client] INFO Checking for ghcup installation
2025-04-28 09:47:54.7210000 [client] INFO found ghcup at ghcup
2025-04-28 09:47:54.7210000 [client] INFO Executing 'ghcup --no-verbose whereis cabal 3.14.2.0' in cwd '/home/john-walker'
2025-04-28 09:47:54.7260000 [client] INFO Checking for ghcup installation
2025-04-28 09:47:54.7310000 [client] INFO found ghcup at ghcup
2025-04-28 09:47:54.7310000 [client] INFO Executing 'ghcup --no-verbose whereis stack 3.1.1' in cwd '/home/john-walker'
2025-04-28 09:47:54.7390000 [client] INFO Executing 'ghc --numeric-version' in cwd '/home/john-walker'
2025-04-28 09:47:54.8780000 [client] INFO Checking for ghcup installation
2025-04-28 09:47:54.8830000 [client] INFO found ghcup at ghcup
2025-04-28 09:47:54.8830000 [client] INFO Executing 'ghcup --no-verbose run --hls 2.10.0.0 --cabal 3.14.2.0 --stack 3.1.1 --install' in cwd '/home/john-walker'
2025-04-28 09:47:54.9200000 [client] INFO Working out the project GHC version. This might take a while...
2025-04-28 09:47:54.9200000 [client] INFO Executing 'haskell-language-server-wrapper --project-ghc-version' in cwd '/home/john-walker/repos/pyrethrum'
2025-04-28 09:48:02.0070000 [client] ERROR Error executing 'haskell-language-server-wrapper --project-ghc-version' with error code 1
2025-04-28 09:48:02.0070000 [client] ERROR stderr: No 'hie.yaml' found. Try to discover the project type!
2025-04-28T09:48:01.711723Z | Debug | cabal exec -v0 -- ghc --print-libdir

2025-04-28 09:48:02.0070000 [client] ERROR stdout: Failed to find the GHC version of this Cabal project.
Error when calling cabal exec -v0 -- ghc --print-libdir

Error: [Cabal-7107]
Could not resolve dependencies:
[__0] trying: pyrethrum-0.1.0.0 (user goal)
[__1] trying: pyrethrum:+godlibrary
[__2] trying: falsify-0.2.0 (dependency of pyrethrum +godlibrary)
[__3] next goal: data-default (dependency of falsify)
[__3] rejecting: data-default; 0.8.0.1, 0.8.0.0
      (constraint from https://www.stackage.org/nightly-2024-12-05/cabal.config requires ==0.7.1.3)
        imported by: cabal.project
[__3] trying: data-default-0.7.1.3
[__4] next goal: data-default-class (dependency of data-default)
[__4] rejecting: data-default-class-0.2.0.0
      (constraint from https://www.stackage.org/nightly-2024-12-05/cabal.config requires ==0.1.2.2)
        imported by: cabal.project
[__4] trying: data-default-class-0.1.2.2
[__5] next goal: req (dependency of pyrethrum)
[__5] rejecting: req-3.13.4 (conflict: data-default-class==0.1.2.2, req => data-default-class>=0.2.0.0)
[__5] rejecting: req; 3.13.3, 3.13.2, 3.13.1, 3.13.0, 3.12.0, 3.11.0, 3.10.0, 3.9.2, 3.9.1, 3.9.0, 3.8.0, 3.7.0, 3.6.0, 3.5.0, 3.4.0, 3.3.0, 3.2.0, 3.1.0, 3.0.0, 2.1.0, 2.0.1, 2.0.0, 1.2.1, 1.2.0, 1.1.0, 1.0.0, 0.5.0, 0.4.0, 0.3.1, 0.3.0, 0.2.0, 0.1.0
      (constraint from https://www.stackage.org/nightly-2024-12-05/cabal.config requires ==3.13.4)
        imported by: cabal.project
[__5] fail (backjumping, conflict set: data-default-class, pyrethrum, req)
After searching the rest of the dependency tree exhaustively, these were the goals I've had most trouble fulfilling: req, data-default, pyrethrum, data-default-class, falsify, pyrethrum:godlibrary
Try running with --minimize-conflict-set to improve the error message.



2025-04-28 09:48:02.0070000 [client] ERROR Error: haskell-language-server --project-ghc-version exited with exit code 1:
Failed to find the GHC version of this Cabal project.
Error when calling cabal exec -v0 -- ghc --print-libdir

Error: [Cabal-7107]
Could not resolve dependencies:
[__0] trying: pyrethrum-0.1.0.0 (user goal)
[__1] trying: pyrethrum:+godlibrary
[__2] trying: falsify-0.2.0 (dependency of pyrethrum +godlibrary)
[__3] next goal: data-default (dependency of falsify)
[__3] rejecting: data-default; 0.8.0.1, 0.8.0.0
      (constraint from https://www.stackage.org/nightly-2024-12-05/cabal.config requires ==0.7.1.3)
        imported by: cabal.project
[__3] trying: data-default-0.7.1.3
[__4] next goal: data-default-class (dependency of data-default)
[__4] rejecting: data-default-class-0.2.0.0
      (constraint from https://www.stackage.org/nightly-2024-12-05/cabal.config requires ==0.1.2.2)
        imported by: cabal.project
[__4] trying: data-default-class-0.1.2.2
[__5] next goal: req (dependency of pyrethrum)
[__5] rejecting: req-3.13.4 (conflict: data-default-class==0.1.2.2, req => data-default-class>=0.2.0.0)
[__5] rejecting: req; 3.13.3, 3.13.2, 3.13.1, 3.13.0, 3.12.0, 3.11.0, 3.10.0, 3.9.2, 3.9.1, 3.9.0, 3.8.0, 3.7.0, 3.6.0, 3.5.0, 3.4.0, 3.3.0, 3.2.0, 3.1.0, 3.0.0, 2.1.0, 2.0.1, 2.0.0, 1.2.1, 1.2.0, 1.1.0, 1.0.0, 0.5.0, 0.4.0, 0.3.1, 0.3.0, 0.2.0, 0.1.0
      (constraint from https://www.stackage.org/nightly-2024-12-05/cabal.config requires ==3.13.4)
        imported by: cabal.project
[__5] fail (backjumping, conflict set: data-default-class, pyrethrum, req)
After searching the rest of the dependency tree exhaustively, these were the goals I've had most trouble fulfilling: req, data-default, pyrethrum, data-default-class, falsify, pyrethrum:godlibrary
Try running with --minimize-conflict-set to improve the error message.



No 'hie.yaml' found. Try to discover the project type!
2025-04-28T09:48:01.711723Z | Debug | cabal exec -v0 -- ghc --print-libdir

2025-04-28 09:48:02.0080000 [client] INFO Executing 'ghc --numeric-version' in cwd '/home/john-walker'
2025-04-28 09:48:04.3680000 [client] INFO Platform constants: Linux_UnknownLinux, A_64
2025-04-28 09:48:04.3680000 [client] INFO Checking for ghcup installation
2025-04-28 09:48:04.3800000 [client] INFO found ghcup at ghcup
2025-04-28 09:48:04.3800000 [client] INFO Executing 'ghcup --no-verbose list -t hls -c installed -r' in cwd '/home/john-walker'
2025-04-28 09:48:04.4130000 [client] INFO Checking for ghcup installation
2025-04-28 09:48:04.4240000 [client] INFO found ghcup at ghcup
2025-04-28 09:48:04.4250000 [client] INFO Executing 'ghcup --no-verbose whereis bindir' in cwd '/home/john-walker'
2025-04-28 09:48:04.4330000 [client] INFO Checking for ghcup installation
2025-04-28 09:48:04.4380000 [client] INFO found ghcup at ghcup
2025-04-28 09:48:04.4380000 [client] INFO Executing 'ghcup --no-verbose whereis hls 2.10.0.0' in cwd '/home/john-walker'
2025-04-28 09:48:04.4470000 [client] INFO Checking for ghcup installation
2025-04-28 09:48:04.4570000 [client] INFO found ghcup at ghcup
2025-04-28 09:48:04.4580000 [client] INFO Executing 'ghcup --no-verbose whereis ghc 9.10.1' in cwd '/home/john-walker'
2025-04-28 09:48:04.4670000 [client] INFO Checking for ghcup installation
2025-04-28 09:48:04.4770000 [client] INFO found ghcup at ghcup
2025-04-28 09:48:04.4770000 [client] INFO Executing 'ghcup --no-verbose run --hls 2.10.0.0 --cabal 3.14.2.0 --stack 3.1.1 --ghc 9.10.1 --install' in cwd '/home/john-walker'
2025-04-28 09:48:04.5120000 [client] INFO Support for '.cabal' files: automatic
2025-04-28 09:48:04.5120000 [client] INFO Activating the language server in working dir: /home/john-walker/repos/pyrethrum (the workspace folder)
2025-04-28 09:48:04.5120000 [client] INFO run command: /home/john-walker/.ghcup/tmp/ghcup-ghc-9.10.1_cabal-3.14.2.0_hls-2.10.0.0_stack-3.1.1/haskell-language-server-wrapper --lsp -l haskell.log
2025-04-28 09:48:04.5120000 [client] INFO debug command: /home/john-walker/.ghcup/tmp/ghcup-ghc-9.10.1_cabal-3.14.2.0_hls-2.10.0.0_stack-3.1.1/haskell-language-server-wrapper --lsp -l haskell.log
2025-04-28 09:48:04.5120000 [client] INFO server cwd: /home/john-walker/repos/pyrethrum
2025-04-28 09:48:04.5120000 [client] INFO server environment variables:
2025-04-28 09:48:04.5120000 [client] INFO   PATH=/home/john-walker/.ghcup/tmp/ghcup-ghc-9.10.1_cabal-3.14.2.0_hls-2.10.0.0_stack-3.1.1:/home/john-walker/Apps:/home/john-walker/.cabal/bin:/home/john-walker/.ghcup/bin:/usr/local/sbin:/usr/local/bin:/usr/sbin:/usr/bin:/sbin:/bin:/usr/games:/usr/local/games:/snap/bin:/snap/bin
2025-04-28 09:48:04.5120000 [client] INFO Executing '/home/john-walker/.ghcup/tmp/ghcup-ghc-9.10.1_cabal-3.14.2.0_hls-2.10.0.0_stack-3.1.1/haskell-language-server-wrapper --numeric-version' in cwd '/home/john-walker/repos/pyrethrum'
2025-04-28 09:48:04.5270000 [client] INFO Starting language server
2025-04-28 09:54:03.4300000 [client] INFO Writing client log to file /home/john-walker/repos/pyrethrum/haskell.log
2025-04-28 09:54:03.4310000 [client] INFO Finding haskell-language-server
2025-04-28 09:54:03.4310000 [client] INFO Checking for ghcup installation
2025-04-28 09:54:03.4450000 [client] INFO found ghcup at ghcup
2025-04-28 09:54:03.4460000 [client] INFO Executing 'ghcup --no-verbose upgrade' in cwd '/home/john-walker'
2025-04-28 09:54:06.6410000 [client] INFO Checking for ghcup installation
2025-04-28 09:54:06.6540000 [client] INFO found ghcup at ghcup
2025-04-28 09:54:06.6550000 [client] INFO Executing 'ghcup --no-verbose list -t hls -c installed -r' in cwd '/home/john-walker'
2025-04-28 09:54:06.6910000 [client] INFO Checking for ghcup installation
2025-04-28 09:54:06.7020000 [client] INFO found ghcup at ghcup
2025-04-28 09:54:06.7030000 [client] INFO Executing 'ghcup --no-verbose list -t cabal -c installed -r' in cwd '/home/john-walker'
2025-04-28 09:54:06.7390000 [client] INFO Checking for ghcup installation
2025-04-28 09:54:06.7510000 [client] INFO found ghcup at ghcup
2025-04-28 09:54:06.7510000 [client] INFO Executing 'ghcup --no-verbose list -t stack -c installed -r' in cwd '/home/john-walker'
2025-04-28 09:54:06.7960000 [client] INFO Checking for ghcup installation
2025-04-28 09:54:06.8060000 [client] INFO found ghcup at ghcup
2025-04-28 09:54:06.8060000 [client] INFO Executing 'ghcup --no-verbose whereis hls 2.10.0.0' in cwd '/home/john-walker'
2025-04-28 09:54:06.8160000 [client] INFO Checking for ghcup installation
2025-04-28 09:54:06.8260000 [client] INFO found ghcup at ghcup
2025-04-28 09:54:06.8260000 [client] INFO Executing 'ghcup --no-verbose whereis cabal 3.14.2.0' in cwd '/home/john-walker'
2025-04-28 09:54:06.8410000 [client] INFO Checking for ghcup installation
2025-04-28 09:54:06.8530000 [client] INFO found ghcup at ghcup
2025-04-28 09:54:06.8540000 [client] INFO Executing 'ghcup --no-verbose whereis stack 3.1.1' in cwd '/home/john-walker'
2025-04-28 09:54:06.8730000 [client] INFO Executing 'ghc --numeric-version' in cwd '/home/john-walker'
2025-04-28 09:54:06.8960000 [client] INFO Checking for ghcup installation
2025-04-28 09:54:06.9080000 [client] INFO found ghcup at ghcup
2025-04-28 09:54:06.9090000 [client] INFO Executing 'ghcup --no-verbose run --hls 2.10.0.0 --cabal 3.14.2.0 --stack 3.1.1 --install' in cwd '/home/john-walker'
2025-04-28 09:54:06.9490000 [client] INFO Working out the project GHC version. This might take a while...
2025-04-28 09:54:06.9490000 [client] INFO Executing 'haskell-language-server-wrapper --project-ghc-version' in cwd '/home/john-walker/repos/pyrethrum'
2025-04-28 09:54:42.1710000 [client] INFO The GHC version for the project or file: 9.8.2
2025-04-28 09:54:47.2330000 [client] INFO Platform constants: Linux_UnknownLinux, A_64
2025-04-28 09:54:47.2330000 [client] INFO Checking for ghcup installation
2025-04-28 09:54:47.2460000 [client] INFO found ghcup at ghcup
2025-04-28 09:54:47.2460000 [client] INFO Executing 'ghcup --no-verbose list -t hls -c installed -r' in cwd '/home/john-walker'
2025-04-28 09:54:47.2800000 [client] INFO Checking for ghcup installation
2025-04-28 09:54:47.2920000 [client] INFO found ghcup at ghcup
2025-04-28 09:54:47.2930000 [client] INFO Executing 'ghcup --no-verbose whereis bindir' in cwd '/home/john-walker'
2025-04-28 09:54:47.3020000 [client] INFO Checking for ghcup installation
2025-04-28 09:54:47.3080000 [client] INFO found ghcup at ghcup
2025-04-28 09:54:47.3080000 [client] INFO Executing 'ghcup --no-verbose whereis hls 2.9.0.1' in cwd '/home/john-walker'
2025-04-28 09:54:47.3180000 [client] INFO Checking for ghcup installation
2025-04-28 09:54:47.3240000 [client] INFO found ghcup at ghcup
2025-04-28 09:54:47.3240000 [client] INFO Executing 'ghcup --no-verbose whereis ghc 9.8.2' in cwd '/home/john-walker'
2025-04-28 09:54:47.3310000 [client] INFO Checking for ghcup installation
2025-04-28 09:54:47.3360000 [client] INFO found ghcup at ghcup
2025-04-28 09:54:47.3360000 [client] INFO Executing 'ghcup --no-verbose run --hls 2.9.0.1 --cabal 3.14.2.0 --stack 3.1.1 --ghc 9.8.2 --install' in cwd '/home/john-walker'
2025-04-28 09:54:47.3710000 [client] INFO Support for '.cabal' files: automatic
2025-04-28 09:54:47.3710000 [client] INFO Activating the language server in working dir: /home/john-walker/repos/pyrethrum (the workspace folder)
2025-04-28 09:54:47.3710000 [client] INFO run command: /home/john-walker/.ghcup/tmp/ghcup-ghc-9.8.2_cabal-3.14.2.0_hls-2.9.0.1_stack-3.1.1/haskell-language-server-wrapper --lsp -l haskell.log
2025-04-28 09:54:47.3710000 [client] INFO debug command: /home/john-walker/.ghcup/tmp/ghcup-ghc-9.8.2_cabal-3.14.2.0_hls-2.9.0.1_stack-3.1.1/haskell-language-server-wrapper --lsp -l haskell.log
2025-04-28 09:54:47.3710000 [client] INFO server cwd: /home/john-walker/repos/pyrethrum
2025-04-28 09:54:47.3710000 [client] INFO server environment variables:
2025-04-28 09:54:47.3710000 [client] INFO   PATH=/home/john-walker/.ghcup/tmp/ghcup-ghc-9.8.2_cabal-3.14.2.0_hls-2.9.0.1_stack-3.1.1:/home/john-walker/Apps:/home/john-walker/.cabal/bin:/home/john-walker/.ghcup/bin:/usr/local/sbin:/usr/local/bin:/usr/sbin:/usr/bin:/sbin:/bin:/usr/games:/usr/local/games:/snap/bin:/snap/bin
2025-04-28 09:54:47.3710000 [client] INFO Executing '/home/john-walker/.ghcup/tmp/ghcup-ghc-9.8.2_cabal-3.14.2.0_hls-2.9.0.1_stack-3.1.1/haskell-language-server-wrapper --numeric-version' in cwd '/home/john-walker/repos/pyrethrum'
2025-04-28 09:54:47.3940000 [client] INFO Starting language server
2025-04-28T09:55:02.034564Z | Info | haskell-language-server version: 2.9.0.1 (GHC: 9.8.2) (PATH: /home/john-walker/.ghcup/hls/2.9.0.1/lib/haskell-language-server-2.9.0.1/bin/haskell-language-server-9.8.2)
2025-04-28T09:55:02.037257Z | Info | Directory: /home/john-walker/repos/pyrethrum
2025-04-28T09:55:02.037519Z | Info | Starting (haskell-language-server) LSP server...
  GhcideArguments {argsCommand = LSP, argsCwd = Nothing, argsShakeProfiling = Nothing, argsTesting = False, argsExamplePlugin = False, argsLogLevel = Info, argsLogFile = Just "haskell.log", argsLogStderr = True, argsLogClient = False, argsThreads = 0, argsProjectGhcVersion = False}
  PluginIds: [ pragmas-suggest
             , pragmas-completion
             , ghcide-code-actions-bindings
             , ghcide-extend-import-action
             , retrie
             , stylish-haskell
             , explicit-fields
             , ghcide-code-actions-type-signatures
             , ghcide-code-actions-fill-holes
             , stan
             , hlint
             , changeTypeSignature
             , ghcide-code-actions-imports-exports
             , cabal-fmt
             , notes
             , ghcide-completions
             , eval
             , ghcide-type-lenses
             , cabal
             , overloaded-record-dot
             , gadt
             , LSPRecorderCallback
             , importLens
             , floskell
             , codeRange
             , class
             , ormolu
             , qualifyImportedNames
             , ghcide-hover-and-symbols
             , alternateNumberFormat
             , rename
             , splice
             , moduleName
             , semanticTokens
             , fourmolu
             , cabal-gild
             , callHierarchy
             , ghcide-core
             , explicit-fixity
             , pragmas-disable ]
2025-04-28T09:55:02.041644Z | Info | Logging heap statistics every 60.00s
2025-04-28T09:55:02.051633Z | Info | Starting LSP server...
  If you are seeing this in a terminal, you probably should have run WITHOUT the --lsp option!
  PluginIds: [ pragmas-suggest
             , pragmas-completion
             , ghcide-code-actions-bindings
             , ghcide-extend-import-action
             , retrie
             , stylish-haskell
             , explicit-fields
             , ghcide-code-actions-type-signatures
             , ghcide-code-actions-fill-holes
             , stan
             , hlint
             , changeTypeSignature
             , ghcide-code-actions-imports-exports
             , cabal-fmt
             , notes
             , ghcide-completions
             , eval
             , ghcide-type-lenses
             , cabal
             , overloaded-record-dot
             , gadt
             , LSPRecorderCallback
             , importLens
             , floskell
             , codeRange
             , class
             , ormolu
             , qualifyImportedNames
             , ghcide-hover-and-symbols
             , alternateNumberFormat
             , rename
             , splice
             , moduleName
             , semanticTokens
             , fourmolu
             , cabal-gild
             , callHierarchy
             , ghcide-core
             , explicit-fixity
             , pragmas-disable ]
2025-04-28T09:55:02.052072Z | Info | Starting server
2025-04-28T09:55:02.072800Z | Info | Registering IDE configuration: IdeConfiguration {workspaceFolders = fromList [NormalizedUri 5631229711954350743 "file:///home/john-walker/repos/pyrethrum"], clientSettings = hashed Nothing}
2025-04-28T09:55:02.136083Z | Info | Started LSP server in 0.08s
2025-04-28T09:56:02.045513Z | Info | Live bytes: 0.00MB Heap size: 0.00MB
2025-04-28T09:57:02.561827Z | Info | Live bytes: 0.00MB Heap size: 0.00MB
2025-04-28T09:58:02.575025Z | Info | Live bytes: 0.00MB Heap size: 0.00MB
2025-04-28T09:59:02.636529Z | Info | Live bytes: 0.00MB Heap size: 0.00MB
2025-04-28T09:59:28.874657Z | Warning | No plugin handles this "textDocument/semanticTokens/full" request.
2025-04-28T09:59:28.874657Z | Warning | No plugin handles this "textDocument/documentSymbol" request.
2025-04-28T09:59:28.897240Z | Warning | No plugin handles this "textDocument/documentHighlight" request.
2025-04-28T09:59:29.137030Z | Warning | No plugin handles this "textDocument/documentSymbol" request.
2025-04-28T09:59:29.149229Z | Warning | No plugin handles this "textDocument/foldingRange" request.
2025-04-28T09:59:29.202982Z | Warning | No plugin handles this "textDocument/codeLens" request.
2025-04-28T09:59:29.361293Z | Warning | No plugin handles this "textDocument/foldingRange" request.
2025-04-28T09:59:31.622096Z | Warning | No plugin handles this "textDocument/documentHighlight" request.
2025-04-28T09:59:49.062020Z | Warning | No plugin handles this "textDocument/hover" request.
2025-04-28T09:59:49.789375Z | Warning | No plugin handles this "textDocument/hover" request.
2025-04-28T09:59:51.658478Z | Warning | No plugin handles this "textDocument/foldingRange" request.
2025-04-28T09:59:51.711414Z | Warning | No plugin handles this "textDocument/documentSymbol" request.
2025-04-28T09:59:51.711526Z | Warning | No plugin handles this "textDocument/codeLens" request.
2025-04-28T09:59:51.808213Z | Warning | No plugin handles this "textDocument/documentSymbol" request.
2025-04-28T09:59:51.809008Z | Warning | No plugin handles this "textDocument/foldingRange" request.
2025-04-28T09:59:51.976191Z | Warning | No plugin handles this "textDocument/semanticTokens/full" request.
2025-04-28T09:59:52.357336Z | Warning | No plugin handles this "textDocument/foldingRange" request.
2025-04-28T09:59:52.409094Z | Warning | No plugin handles this "textDocument/codeLens" request.
2025-04-28T09:59:52.409562Z | Warning | No plugin handles this "textDocument/documentSymbol" request.
2025-04-28T09:59:52.506730Z | Warning | No plugin handles this "textDocument/documentSymbol" request.
2025-04-28T09:59:52.507781Z | Warning | No plugin handles this "textDocument/foldingRange" request.
2025-04-28T09:59:52.680871Z | Warning | No plugin handles this "textDocument/semanticTokens/full" request.
2025-04-28T09:59:54.496041Z | Warning | No plugin handles this "textDocument/hover" request.
2025-04-28T09:59:57.060815Z | Warning | No plugin handles this "textDocument/hover" request.
2025-04-28T09:59:57.469874Z | Warning | No plugin handles this "textDocument/codeLens" request.
2025-04-28T09:59:58.327237Z | Warning | No plugin handles this "textDocument/hover" request.
2025-04-28T09:59:58.563214Z | Warning | No plugin handles this "textDocument/hover" request.
2025-04-28T09:59:58.927694Z | Warning | No plugin handles this "textDocument/hover" request.
2025-04-28T10:00:00.027965Z | Warning | No plugin handles this "textDocument/hover" request.
2025-04-28T10:00:00.193388Z | Warning | No plugin handles this "textDocument/hover" request.
2025-04-28T10:00:00.295279Z | Warning | No plugin handles this "textDocument/hover" request.
2025-04-28T10:00:02.648042Z | Info | Live bytes: 0.00MB Heap size: 0.00MB
2025-04-28T10:00:21.196134Z | Warning | No plugin handles this "textDocument/hover" request.
2025-04-28T10:00:21.867482Z | Warning | No plugin handles this "textDocument/hover" request.
2025-04-28T10:00:23.194046Z | Warning | No plugin handles this "textDocument/hover" request.
2025-04-28T10:00:23.428669Z | Warning | No plugin handles this "textDocument/hover" request.
2025-04-28T10:00:23.893254Z | Warning | No plugin handles this "textDocument/hover" request.
2025-04-28T10:00:24.102416Z | Warning | No plugin handles this "textDocument/documentHighlight" request.
2025-04-28T10:00:24.495473Z | Warning | No plugin handles this "textDocument/hover" request.
2025-04-28T10:00:25.580510Z | Warning | No plugin handles this "textDocument/foldingRange" request.
2025-04-28T10:00:25.631179Z | Warning | No plugin handles this "textDocument/codeLens" request.
2025-04-28T10:00:25.633325Z | Warning | No plugin handles this "textDocument/documentSymbol" request.
2025-04-28T10:00:25.730916Z | Warning | No plugin handles this "textDocument/documentSymbol" request.
2025-04-28T10:00:25.731891Z | Warning | No plugin handles this "textDocument/foldingRange" request.
2025-04-28T10:00:25.904530Z | Warning | No plugin handles this "textDocument/semanticTokens/full" request.
2025-04-28T10:00:25.947559Z | Warning | No plugin handles this "completionItem/resolve" request.
2025-04-28T10:00:26.116090Z | Warning | No plugin handles this "textDocument/foldingRange" request.
2025-04-28T10:00:26.168170Z | Warning | No plugin handles this "textDocument/codeLens" request.
2025-04-28T10:00:26.168290Z | Warning | No plugin handles this "textDocument/documentSymbol" request.
2025-04-28T10:00:26.266445Z | Warning | No plugin handles this "textDocument/documentSymbol" request.
2025-04-28T10:00:26.267613Z | Warning | No plugin handles this "textDocument/foldingRange" request.
2025-04-28T10:00:26.350736Z | Warning | No plugin handles this "completionItem/resolve" request.
2025-04-28T10:00:26.441064Z | Warning | No plugin handles this "textDocument/semanticTokens/full" request.
2025-04-28T10:00:26.541967Z | Warning | No plugin handles this "textDocument/foldingRange" request.
2025-04-28T10:00:26.593356Z | Warning | No plugin handles this "textDocument/codeLens" request.
2025-04-28T10:00:26.596306Z | Warning | No plugin handles this "textDocument/documentSymbol" request.
2025-04-28T10:00:26.692167Z | Warning | No plugin handles this "textDocument/documentSymbol" request.
2025-04-28T10:00:26.693518Z | Warning | No plugin handles this "textDocument/foldingRange" request.
2025-04-28T10:00:30.788822Z | Warning | No plugin handles this "textDocument/documentHighlight" request.
2025-04-28T10:00:31.655121Z | Warning | No plugin handles this "textDocument/codeLens" request.
2025-04-28T10:00:31.926719Z | Warning | No plugin handles this "textDocument/hover" request.
2025-04-28T10:00:32.193701Z | Warning | No plugin handles this "textDocument/hover" request.
2025-04-28T10:00:32.360299Z | Warning | No plugin handles this "textDocument/hover" request.
2025-04-28T10:00:32.694367Z | Warning | No plugin handles this "textDocument/hover" request.
2025-04-28T10:00:34.183313Z | Warning | No plugin handles this "textDocument/foldingRange" request.
2025-04-28T10:00:34.248341Z | Warning | No plugin handles this "textDocument/codeLens" request.
2025-04-28T10:00:34.248387Z | Warning | No plugin handles this "textDocument/documentSymbol" request.
2025-04-28T10:00:34.333772Z | Warning | No plugin handles this "textDocument/documentSymbol" request.
2025-04-28T10:00:34.334856Z | Warning | No plugin handles this "textDocument/foldingRange" request.
2025-04-28T10:00:34.507670Z | Warning | No plugin handles this "textDocument/semanticTokens/full" request.
2025-04-28T10:00:34.672309Z | Warning | No plugin handles this "textDocument/foldingRange" request.
2025-04-28T10:00:34.724976Z | Warning | No plugin handles this "textDocument/codeLens" request.
2025-04-28T10:00:34.725113Z | Warning | No plugin handles this "textDocument/documentSymbol" request.
2025-04-28T10:00:34.822549Z | Warning | No plugin handles this "textDocument/documentSymbol" request.
2025-04-28T10:00:34.823606Z | Warning | No plugin handles this "textDocument/foldingRange" request.
2025-04-28T10:00:36.731382Z | Warning | No plugin handles this "textDocument/documentHighlight" request.
2025-04-28T10:00:37.917347Z | Warning | No plugin handles this "textDocument/codeLens" request.
2025-04-28T10:01:02.234073Z | Info | Live bytes: 0.00MB Heap size: 0.00MB
2025-04-28T10:02:02.294906Z | Info | Live bytes: 0.00MB Heap size: 0.00MB
2025-04-28T10:03:02.331732Z | Info | Live bytes: 0.00MB Heap size: 0.00MB
2025-04-28T10:03:06.326557Z | Warning | No plugin handles this "textDocument/hover" request.
2025-04-28T10:03:06.892487Z | Warning | No plugin handles this "textDocument/hover" request.
2025-04-28T10:03:07.025734Z | Warning | No plugin handles this "textDocument/hover" request.
2025-04-28T10:03:08.660061Z | Warning | No plugin handles this "textDocument/hover" request.
2025-04-28T10:03:08.825979Z | Warning | No plugin handles this "textDocument/hover" request.
2025-04-28T10:03:09.093347Z | Warning | No plugin handles this "textDocument/hover" request.
2025-04-28T10:03:09.516523Z | Warning | No plugin handles this "textDocument/codeLens" request.
2025-04-28T10:03:12.690439Z | Warning | No plugin handles this "textDocument/foldingRange" request.
2025-04-28T10:03:12.742335Z | Warning | No plugin handles this "textDocument/codeLens" request.
2025-04-28T10:03:12.742518Z | Warning | No plugin handles this "textDocument/documentSymbol" request.
2025-04-28T10:03:12.840089Z | Warning | No plugin handles this "textDocument/documentSymbol" request.
2025-04-28T10:03:12.841265Z | Warning | No plugin handles this "textDocument/foldingRange" request.
2025-04-28T10:03:13.008693Z | Warning | No plugin handles this "textDocument/semanticTokens/full" request.
2025-04-28T10:03:14.047795Z | Warning | No plugin handles this "textDocument/foldingRange" request.
2025-04-28T10:03:14.100915Z | Warning | No plugin handles this "textDocument/codeLens" request.
2025-04-28T10:03:14.101159Z | Warning | No plugin handles this "textDocument/documentSymbol" request.
2025-04-28T10:03:14.198542Z | Warning | No plugin handles this "textDocument/documentSymbol" request.
2025-04-28T10:03:14.199539Z | Warning | No plugin handles this "textDocument/foldingRange" request.
2025-04-28T10:03:14.371711Z | Warning | No plugin handles this "textDocument/semanticTokens/full" request.
2025-04-28T10:03:15.578932Z | Warning | No plugin handles this "textDocument/codeLens" request.
2025-04-28T10:03:16.502278Z | Warning | No plugin handles this "textDocument/documentHighlight" request.
2025-04-28T10:03:48.591996Z | Warning | No plugin handles this "textDocument/hover" request.
2025-04-28T10:03:49.284537Z | Warning | No plugin handles this "textDocument/hover" request.
2025-04-28T10:03:49.725962Z | Warning | No plugin handles this "textDocument/hover" request.
2025-04-28T10:03:50.282044Z | Warning | No plugin handles this "textDocument/codeLens" request.
2025-04-28T10:03:51.326719Z | Warning | No plugin handles this "textDocument/hover" request.
2025-04-28T10:04:02.370417Z | Info | Live bytes: 0.00MB Heap size: 0.00MB
2025-04-28T10:04:02.625156Z | Warning | No plugin handles this "textDocument/hover" request.
2025-04-28T10:04:02.925634Z | Warning | No plugin handles this "textDocument/hover" request.
2025-04-28T10:04:03.225084Z | Warning | No plugin handles this "textDocument/hover" request.
2025-04-28T10:04:03.493059Z | Warning | No plugin handles this "textDocument/hover" request.
2025-04-28T10:04:03.659240Z | Warning | No plugin handles this "textDocument/hover" request.
2025-04-28T10:04:04.837683Z | Warning | No plugin handles this "textDocument/hover" request.
2025-04-28T10:04:04.908111Z | Warning | No plugin handles this "textDocument/foldingRange" request.
2025-04-28T10:04:04.960220Z | Warning | No plugin handles this "textDocument/codeLens" request.
2025-04-28T10:04:04.960420Z | Warning | No plugin handles this "textDocument/documentSymbol" request.
2025-04-28T10:04:05.058382Z | Warning | No plugin handles this "textDocument/documentSymbol" request.
2025-04-28T10:04:05.059228Z | Warning | No plugin handles this "textDocument/foldingRange" request.
2025-04-28T10:04:05.227300Z | Warning | No plugin handles this "textDocument/semanticTokens/full" request.
2025-04-28T10:04:06.895818Z | Warning | No plugin handles this "textDocument/foldingRange" request.
2025-04-28T10:04:06.960221Z | Warning | No plugin handles this "textDocument/codeLens" request.
2025-04-28T10:04:06.960322Z | Warning | No plugin handles this "textDocument/documentSymbol" request.
2025-04-28T10:04:07.044625Z | Warning | No plugin handles this "textDocument/documentSymbol" request.
2025-04-28T10:04:07.045501Z | Warning | No plugin handles this "textDocument/foldingRange" request.
2025-04-28T10:04:07.220422Z | Warning | No plugin handles this "textDocument/semanticTokens/full" request.
2025-04-28T10:04:07.331455Z | Warning | No plugin handles this "textDocument/documentHighlight" request.
2025-04-28T10:04:08.291447Z | Warning | No plugin handles this "textDocument/hover" request.
2025-04-28T10:04:08.491448Z | Warning | No plugin handles this "textDocument/hover" request.
2025-04-28T10:04:08.758585Z | Warning | No plugin handles this "textDocument/hover" request.
2025-04-28T10:04:09.054006Z | Warning | No plugin handles this "textDocument/documentHighlight" request.
2025-04-28T10:04:11.959076Z | Warning | No plugin handles this "textDocument/hover" request.
2025-04-28T10:04:12.315821Z | Warning | No plugin handles this "textDocument/hover" request.
2025-04-28T10:04:13.822073Z | Warning | No plugin handles this "textDocument/foldingRange" request.
2025-04-28T10:04:13.874336Z | Warning | No plugin handles this "textDocument/codeLens" request.
2025-04-28T10:04:13.874488Z | Warning | No plugin handles this "textDocument/documentSymbol" request.
2025-04-28T10:04:13.971374Z | Warning | No plugin handles this "textDocument/documentSymbol" request.
2025-04-28T10:04:13.972312Z | Warning | No plugin handles this "textDocument/foldingRange" request.
2025-04-28T10:04:14.141512Z | Warning | No plugin handles this "textDocument/semanticTokens/full" request.
2025-04-28T10:04:14.150465Z | Warning | No plugin handles this "textDocument/foldingRange" request.
2025-04-28T10:04:14.203203Z | Warning | No plugin handles this "textDocument/codeLens" request.
2025-04-28T10:04:14.203285Z | Warning | No plugin handles this "textDocument/documentSymbol" request.
2025-04-28T10:04:14.301735Z | Warning | No plugin handles this "textDocument/documentSymbol" request.
2025-04-28T10:04:14.302933Z | Warning | No plugin handles this "textDocument/foldingRange" request.
2025-04-28T10:04:14.990532Z | Warning | No plugin handles this "textDocument/hover" request.
2025-04-28T10:04:15.291676Z | Warning | No plugin handles this "textDocument/hover" request.
2025-04-28T10:04:15.459043Z | Warning | No plugin handles this "textDocument/hover" request.
2025-04-28T10:04:15.719375Z | Warning | No plugin handles this "textDocument/documentHighlight" request.
2025-04-28T10:04:17.205370Z | Warning | No plugin handles this "textDocument/foldingRange" request.
2025-04-28T10:04:17.256913Z | Warning | No plugin handles this "textDocument/codeLens" request.
2025-04-28T10:04:17.257004Z | Warning | No plugin handles this "textDocument/documentSymbol" request.
2025-04-28T10:04:17.355133Z | Warning | No plugin handles this "textDocument/documentSymbol" request.
2025-04-28T10:04:17.356322Z | Warning | No plugin handles this "textDocument/foldingRange" request.
2025-04-28T10:04:17.377597Z | Warning | No plugin handles this "textDocument/semanticTokens/full" request.
2025-04-28T10:04:18.811503Z | Warning | No plugin handles this "textDocument/codeLens" request.
2025-04-28T10:04:19.695530Z | Warning | No plugin handles this "textDocument/documentHighlight" request.
2025-04-28T10:05:02.407025Z | Info | Live bytes: 0.00MB Heap size: 0.00MB
2025-04-28T10:05:04.158719Z | Warning | No plugin handles this "textDocument/hover" request.
2025-04-28T10:05:04.765749Z | Warning | No plugin handles this "textDocument/documentHighlight" request.
2025-04-28T10:05:04.965259Z | Warning | No plugin handles this "textDocument/codeLens" request.
2025-04-28T10:05:33.430279Z | Warning | No plugin handles this "textDocument/documentHighlight" request.
2025-04-28T10:05:33.630026Z | Warning | No plugin handles this "textDocument/codeLens" request.
2025-04-28T10:05:34.188485Z | Warning | No plugin handles this "textDocument/documentHighlight" request.
2025-04-28T10:06:02.444774Z | Info | Live bytes: 0.00MB Heap size: 0.00MB
2025-04-28T10:07:02.459375Z | Info | Live bytes: 0.00MB Heap size: 0.00MB
2025-04-28T10:08:02.075166Z | Warning | No plugin handles this "textDocument/documentHighlight" request.
2025-04-28T10:08:02.276016Z | Warning | No plugin handles this "textDocument/codeLens" request.
2025-04-28T10:08:02.490680Z | Info | Live bytes: 0.00MB Heap size: 0.00MB
2025-04-28T10:08:29.589113Z | Warning | No plugin handles this "textDocument/definition" request.
2025-04-28T10:08:29.691492Z | Warning | No plugin handles this "textDocument/hover" request.
2025-04-28T10:08:30.765624Z | Warning | No plugin handles this "textDocument/documentHighlight" request.
2025-04-28T10:08:30.966414Z | Warning | No plugin handles this "textDocument/codeLens" request.
2025-04-28T10:08:30.969462Z | Warning | No plugin handles this "textDocument/hover" request.
2025-04-28T10:09:01.256617Z | Warning | No plugin handles this "textDocument/hover" request.
2025-04-28T10:09:01.856081Z | Warning | No plugin handles this "textDocument/hover" request.
2025-04-28T10:09:02.255232Z | Warning | No plugin handles this "textDocument/hover" request.
2025-04-28T10:09:02.503875Z | Info | Live bytes: 0.00MB Heap size: 0.00MB
2025-04-28T10:09:02.722293Z | Warning | No plugin handles this "textDocument/hover" request.
2025-04-28T10:09:03.072814Z | Warning | No plugin handles this "textDocument/codeLens" request.
2025-04-28T10:09:04.590390Z | Warning | No plugin handles this "textDocument/foldingRange" request.
2025-04-28T10:09:04.643470Z | Warning | No plugin handles this "textDocument/documentSymbol" request.
2025-04-28T10:09:04.643540Z | Warning | No plugin handles this "textDocument/codeLens" request.
2025-04-28T10:09:04.740611Z | Warning | No plugin handles this "textDocument/documentSymbol" request.
2025-04-28T10:09:04.741727Z | Warning | No plugin handles this "textDocument/foldingRange" request.
2025-04-28T10:09:04.909406Z | Warning | No plugin handles this "textDocument/semanticTokens/full" request.
2025-04-28T10:09:05.749597Z | Warning | No plugin handles this "textDocument/foldingRange" request.
2025-04-28T10:09:05.801727Z | Warning | No plugin handles this "textDocument/codeLens" request.
2025-04-28T10:09:05.801836Z | Warning | No plugin handles this "textDocument/documentSymbol" request.
2025-04-28T10:09:05.900481Z | Warning | No plugin handles this "textDocument/documentSymbol" request.
2025-04-28T10:09:05.901727Z | Warning | No plugin handles this "textDocument/foldingRange" request.
2025-04-28T10:09:06.073622Z | Warning | No plugin handles this "textDocument/semanticTokens/full" request.
2025-04-28T10:09:07.663010Z | Warning | No plugin handles this "textDocument/codeLens" request.
2025-04-28T10:10:02.518183Z | Info | Live bytes: 0.00MB Heap size: 0.00MB
2025-04-28T10:10:10.795466Z | Warning | No plugin handles this "textDocument/documentHighlight" request.
2025-04-28T10:10:11.016569Z | Warning | No plugin handles this "textDocument/codeLens" request.
2025-04-28T10:11:02.574345Z | Info | Live bytes: 0.00MB Heap size: 0.00MB
2025-04-28T10:12:02.635100Z | Info | Live bytes: 0.00MB Heap size: 0.00MB
2025-04-28T10:13:02.695836Z | Info | Live bytes: 0.00MB Heap size: 0.00MB
2025-04-28T10:14:02.717505Z | Info | Live bytes: 0.00MB Heap size: 0.00MB
2025-04-28T10:14:39.687987Z | Warning | No plugin handles this "textDocument/documentHighlight" request.
2025-04-28T10:14:39.804801Z | Warning | No plugin handles this "textDocument/foldingRange" request.
2025-04-28T10:14:39.887473Z | Warning | No plugin handles this "textDocument/codeLens" request.
2025-04-28T10:14:39.906055Z | Warning | No plugin handles this "textDocument/documentSymbol" request.
2025-04-28T10:14:39.906872Z | Warning | No plugin handles this "textDocument/foldingRange" request.
2025-04-28T10:14:40.128918Z | Warning | No plugin handles this "textDocument/semanticTokens/full" request.
2025-04-28T10:14:43.951985Z | Warning | No plugin handles this "textDocument/hover" request.
2025-04-28T10:14:44.185577Z | Warning | No plugin handles this "textDocument/hover" request.
2025-04-28T10:14:44.419226Z | Warning | No plugin handles this "textDocument/hover" request.
2025-04-28T10:14:44.667712Z | Warning | No plugin handles this "textDocument/documentHighlight" request.
2025-04-28T10:14:46.033021Z | Warning | No plugin handles this "textDocument/documentHighlight" request.
2025-04-28T10:14:46.752489Z | Warning | No plugin handles this "textDocument/hover" request.
2025-04-28T10:14:51.900898Z | Warning | No plugin handles this "textDocument/foldingRange" request.
2025-04-28T10:14:51.953977Z | Warning | No plugin handles this "textDocument/codeLens" request.
2025-04-28T10:14:51.954284Z | Warning | No plugin handles this "textDocument/documentSymbol" request.
2025-04-28T10:14:52.054740Z | Warning | No plugin handles this "textDocument/documentSymbol" request.
2025-04-28T10:14:52.055746Z | Warning | No plugin handles this "textDocument/foldingRange" request.
2025-04-28T10:14:52.219686Z | Warning | No plugin handles this "textDocument/semanticTokens/full" request.
2025-04-28T10:14:52.899418Z | Warning | No plugin handles this "textDocument/foldingRange" request.
2025-04-28T10:14:52.941191Z | Warning | No plugin handles this "textDocument/codeLens" request.
2025-04-28T10:14:52.941263Z | Warning | No plugin handles this "textDocument/documentSymbol" request.
2025-04-28T10:14:53.038709Z | Warning | No plugin handles this "textDocument/documentSymbol" request.
2025-04-28T10:14:53.039450Z | Warning | No plugin handles this "textDocument/foldingRange" request.
2025-04-28T10:14:53.213188Z | Warning | No plugin handles this "textDocument/semanticTokens/full" request.
2025-04-28T10:14:53.273826Z | Warning | No plugin handles this "textDocument/documentHighlight" request.
2025-04-28T10:14:55.095550Z | Warning | No plugin handles this "textDocument/codeLens" request.
2025-04-28T10:15:02.726556Z | Info | Live bytes: 0.00MB Heap size: 0.00MB
2025-04-28T10:15:29.391027Z | Info | Cradle path: src/Prepare.hs
2025-04-28T10:15:29.391193Z | Warning | No [cradle](https://github.com/mpickering/hie-bios#hie-bios) found for src/Prepare.hs.
Proceeding with [implicit cradle](https://hackage.haskell.org/package/implicit-hie).
You should ignore this message, unless you see a 'Multi Cradle: No prefixes matched' error.
2025-04-28T10:15:29.391431Z | Info | invoking build tool to determine build flags (this may take some time depending on the cache)
2025-04-28T10:15:32.174402Z | Info | Load cabal cradle using single file
2025-04-28T10:15:32.442965Z | Info | cabal --builddir=/home/john-walker/.cache/hie-bios/dist-pyrethrum-c952af7174a9c1efe69842ae31b853b9 v2-repl --with-compiler /home/john-walker/.cache/hie-bios/wrapper-b54f81dea4c0e6d1626911c526bc4e36 --with-hc-pkg /home/john-walker/.cache/hie-bios/ghc-pkg-c538e288c0d6e5ffdb568fa7d22e7d76 /home/john-walker/repos/pyrethrum/src/Prepare.hs
  Environment Variables
    HIE_BIOS_OUTPUT: /tmp/HIE_BIOS_OUTPUT53073-0
    HIE_BIOS_GHC: /home/john-walker/.ghcup/ghc/9.8.2/lib/ghc-9.8.2/bin/ghc-9.8.2
    HIE_BIOS_GHC_ARGS: -B/home/john-walker/.ghcup/ghc/9.8.2/lib/ghc-9.8.2/lib
2025-04-28T10:15:34.041319Z | Info | Interface files cache directory: /home/john-walker/.cache/ghcide/pyrethrum-0.1.0.0-inplace-364a43e3069c7985c1821b337ed55b3e1de92e0d
2025-04-28T10:15:34.043264Z | Info | Making new HscEnv. In-place unit ids: [pyrethrum-0.1.0.0-inplace]
2025-04-28T10:15:34.692492Z | Warning | semanticTokens: SemanticTokens' dependency error: Rule Failed: GetHieAst
2025-04-28T10:15:46.993819Z | Warning | semanticTokens: SemanticTokens' dependency error: Rule Failed: GetHieAst
2025-04-28T10:15:48.978373Z | Warning | semanticTokens: SemanticTokens' dependency error: Rule Failed: GetHieAst
2025-04-28T10:15:56.280918Z | Info | Typechecking reverse dependencies for NormalizedFilePath "/home/john-walker/repos/pyrethrum/src/Prepare.hs": [ NormalizedFilePath "/home/john-walker/repos/pyrethrum/src/Internal/SuiteRuntime.hs"
                                                                                                             , NormalizedFilePath "/home/john-walker/repos/pyrethrum/test/SuiteRuntimeTest.hs" ]
2025-04-28T10:16:02.730653Z | Info | Live bytes: 327.43MB Heap size: 2131.76MB
2025-04-28T10:16:09.757162Z | Warning | LSP: no handler for: "$/setTrace"
